label,report_id,BCryptDecrypt,CLSIDFromProgID,ChangeWindowMessageFilter,CoCreateInstance,CoCreateInstanceEx,CoGetClassObject,ConnectEx,ControlService,CopyFileA,CopyFileExW,CopyFileW,CreateDirectoryW,CreateProcessInternalW,CreateProcessWithTokenW,CreateRemoteThread,CreateServiceA,CreateServiceW,CreateThread,CreateTimerQueueTimer,CreateToolhelp32Snapshot,CryptAcquireContextA,CryptAcquireContextW,CryptCreateHash,CryptDecodeObjectEx,CryptDecrypt,CryptDestroyHash,CryptDestroyKey,CryptEncrypt,CryptExportKey,CryptGenKey,CryptGenRandom,CryptHashData,CryptImportKey,CryptImportPublicKeyInfo,CryptRetrieveObjectByUrlW,DeleteFileA,DeleteFileW,DeleteService,DeviceIoControl,DnsQuery_A,EnumCalendarInfoW,EnumTimeFormatsW,ExitWindowsEx,FindFirstChangeNotificationW,FindFirstFileExW,FindResourceExA,FindResourceExW,FindWindowA,FindWindowExA,FindWindowExW,FindWindowW,GetAdaptersAddresses,GetAdaptersInfo,GetAddrInfoW,GetAsyncKeyState,GetComputerNameA,GetComputerNameW,GetCurrentHwProfileW,GetCursorPos,GetDiskFreeSpaceA,GetDiskFreeSpaceExA,GetDiskFreeSpaceExW,GetDiskFreeSpaceW,GetFileVersionInfoSizeW,GetFileVersionInfoW,GetKeyboardLayout,GetLastInputInfo,GetLocalTime,GetSystemInfo,GetSystemMetrics,GetSystemTime,GetSystemTimeAsFileTime,GetUserNameA,GetUserNameW,GetVolumeNameForVolumeMountPointW,GlobalMemoryStatus,GlobalMemoryStatusEx,HeapCreate,HttpAddRequestHeadersA,HttpAddRequestHeadersW,HttpOpenRequestA,HttpOpenRequestW,HttpQueryInfoW,HttpSendRequestA,HttpSendRequestW,InternetCloseHandle,InternetConnectA,InternetConnectW,InternetCrackUrlA,InternetCrackUrlW,InternetGetConnectedState,InternetOpenA,InternetOpenUrlA,InternetOpenUrlW,InternetOpenW,InternetReadFile,InternetSetOptionA,InternetWriteFile,IsDebuggerPresent,IsValidURL,LdrGetDllHandle,LdrGetProcedureAddress,LdrLoadDll,LoadResource,LockResource,LookupPrivilegeValueW,LsaOpenPolicy,Module32FirstW,Module32NextW,MoveFileWithProgressTransactedW,MsgWaitForMultipleObjectsEx,NSPStartup,NetGetJoinInformation,NtAddAtomEx,NtAllocateVirtualMemory,NtClose,NtCreateEvent,NtCreateFile,NtCreateKey,NtCreateMutant,NtCreateNamedPipeFile,NtCreateSection,NtCreateUserProcess,NtDelayExecution,NtDeleteAtom,NtDeleteKey,NtDeleteValueKey,NtDeviceIoControlFile,NtDuplicateObject,NtEnumerateKey,NtEnumerateValueKey,NtFindAtom,NtFreeVirtualMemory,NtGetContextThread,NtMapViewOfSection,NtOpenDirectoryObject,NtOpenEvent,NtOpenFile,NtOpenKey,NtOpenKeyEx,NtOpenMutant,NtOpenProcess,NtOpenSection,NtOpenThread,NtProtectVirtualMemory,NtQueryAttributesFile,NtQueryDirectoryFile,NtQueryFullAttributesFile,NtQueryInformationAtom,NtQueryInformationFile,NtQueryInformationThread,NtQueryKey,NtQueryLicenseValue,NtQuerySystemInformation,NtQuerySystemTime,NtQueryValueKey,NtQueueApcThread,NtRaiseHardError,NtReadFile,NtReadVirtualMemory,NtReleaseMutant,NtResumeThread,NtSetContextThread,NtSetInformationFile,NtSetInformationProcess,NtSetInformationThread,NtSetTimerEx,NtSetValueKey,NtSuspendThread,NtTerminateProcess,NtTerminateThread,NtUnmapViewOfSection,NtUnmapViewOfSectionEx,NtWaitForSingleObject,NtWow64WriteVirtualMemory64,NtWriteFile,NtWriteVirtualMemory,NtYieldExecution,ObtainUserAgentString,OpenSCManagerA,OpenSCManagerW,OpenServiceA,OpenServiceW,OrTimerCallbackHook,OutputDebugStringA,OutputDebugStringW,PostMessageA,PostMessageW,Process32FirstW,Process32NextW,RasConnectionNotificationW,ReadProcessMemory,RegCloseKey,RegCreateKeyExA,RegCreateKeyExW,RegDeleteKeyA,RegDeleteKeyW,RegDeleteValueW,RegEnumKeyExA,RegEnumKeyExW,RegEnumKeyW,RegEnumValueA,RegEnumValueW,RegNotifyChangeKeyValue,RegOpenKeyExA,RegOpenKeyExW,RegQueryInfoKeyA,RegQueryInfoKeyW,RegQueryValueExA,RegQueryValueExW,RegSetValueExA,RegSetValueExW,RemoveDirectoryA,RemoveDirectoryW,RtlAddVectoredExceptionHandler,RtlDecompressBuffer,RtlDosPathNameToNtPathName_U,RtlSetCurrentTransaction,SHGetFileInfoW,SHGetFolderPathW,SHGetKnownFolderPath,SaferIdentifyLevel,ScriptIsComplex,SendNotifyMessageA,SendNotifyMessageW,SetUnhandledExceptionFilter,SetWindowsHookExA,SetWindowsHookExW,ShellExecuteExW,SizeofResource,StartServiceA,StartServiceW,SystemParametersInfoA,SystemParametersInfoW,SystemTimeToTzSpecificLocalTime,UnhookWindowsHookEx,UrlCanonicalizeW,VarBstrCat,VirtualProtectEx,WNetUseConnectionW,WSASocketW,WSAStartup,WinHttpConnect,WinHttpGetIEProxyConfigForCurrentUser,WinHttpGetProxyForUrl,WinHttpOpen,WinHttpOpenRequest,WinHttpSendRequest,WinHttpSetOption,WinHttpSetTimeouts,WriteConsoleW,WriteProcessMemory,__anomaly__,accept,bind,closesocket,connect,getaddrinfo,gethostbyname,gethostname,ioctlsocket,listen,memcpy,recv,select,send,sendto,setsockopt,shutdown,socket,srand,system
0,MC,0,0,4,31,2,9,0,0,0,0,0,3,0,0,0,0,0,14,0,0,0,2,9,0,0,9,9,0,0,0,1,9,9,0,0,0,8,0,8,0,0,0,0,0,0,0,0,0,0,0,0,2,0,0,0,0,1,0,0,0,0,0,0,4,4,24,0,0,18,9,8,368,0,2,0,1,6,3,0,0,0,0,0,0,0,0,0,0,0,0,0,0,0,0,0,0,0,0,2,0,155,7,155,1,1,1,0,0,0,0,0,0,0,9,903,2523,1,145,15,37,0,92,2,269,0,0,0,93,27,383,372,2,456,0,128,16,18,152,177,1390,8,21,92,0,887,175,15,69,1,97,76,1142,89,223,6,1877,6,0,53,309,41,10,0,8,59,0,3,9,0,4,9,19,28,114,4,54,54,12,0,0,0,0,0,0,0,24,0,4,0,0,0,0,64,0,0,0,0,0,0,56,0,0,3,0,0,142,0,2,0,133,0,0,0,0,1,0,42,921,4,9,1,0,0,0,0,3,0,0,1,1,0,0,2,37,0,0,2,0,0,0,0,0,0,0,0,0,0,0,0,0,0,0,0,0,0,0,0,0,0,0,0,0,17,0,0,0,0,0,0,0,2,0
0,MC,0,0,0,0,0,0,0,0,0,0,0,0,0,0,0,0,0,0,0,0,1,0,0,0,0,0,0,0,0,0,1,0,0,0,0,0,0,0,0,0,0,0,0,0,0,0,0,0,0,0,0,0,0,0,0,0,0,0,0,0,0,0,0,3,3,0,0,0,0,0,2,1,0,0,0,0,0,0,0,0,0,0,0,0,0,0,0,0,0,0,0,0,0,0,0,0,0,0,0,0,14,0,13,0,0,1,0,0,0,0,0,0,0,0,40,297,0,97,0,0,0,11,1,0,0,0,0,0,1,0,0,0,9,0,10,0,0,15,20,0,0,0,5,0,37,23,0,0,0,114,2,0,3,8,0,15,0,0,14,0,0,1,0,0,1,0,0,0,0,4,0,4,1,1,2,0,1,0,0,0,0,0,0,0,0,0,0,1,0,0,0,0,5,0,0,0,0,0,0,0,4,0,0,0,0,9,1,0,0,2,0,0,0,0,0,0,1,0,0,1,0,0,0,0,0,2,0,0,0,0,0,0,0,0,0,0,0,0,0,0,0,0,0,0,0,0,0,0,0,0,0,0,0,0,0,0,0,0,0,0,0,0,4,0,0,0,0,0,0,0,0,0
0,MC,0,0,0,0,0,0,0,0,0,0,0,0,0,0,0,0,0,0,0,0,0,0,0,0,0,0,0,0,0,0,0,0,0,0,0,0,0,0,0,0,0,0,0,0,0,0,0,0,0,0,0,0,0,0,0,0,0,0,0,0,0,0,0,0,0,0,0,0,0,0,1,0,0,0,0,0,0,0,0,0,0,0,0,0,0,0,0,0,0,0,0,0,0,0,0,0,0,0,0,0,4,0,0,0,0,0,0,0,0,0,0,0,0,0,2,54,0,1,0,0,0,2,0,0,0,0,0,6,0,0,0,0,0,0,2,0,0,7,7,0,0,0,0,0,2,5,0,0,0,0,0,0,0,0,0,5,0,0,0,0,0,0,0,0,0,0,0,0,0,2,0,0,0,1,0,0,0,0,0,0,0,0,0,0,0,0,0,0,0,0,0,0,0,0,0,0,0,0,0,0,0,0,0,0,0,0,0,0,0,0,0,0,0,0,0,0,0,0,0,0,0,0,0,0,0,1,0,0,0,0,0,0,0,0,0,0,0,0,0,0,0,0,0,0,0,0,0,0,0,0,1,0,0,0,0,0,0,0,0,0,0,0,1,0,0,0,0,0,0,0,0,0
0,MC,0,3,2,34,0,0,0,0,0,0,1,13,0,0,0,0,0,6,0,0,0,0,0,0,0,0,0,0,0,0,0,0,0,0,0,0,1,0,4,0,0,0,0,0,0,0,0,0,0,0,1,0,0,0,0,0,0,0,1,0,0,0,0,4,4,19,0,83,1,6,1,17,0,0,0,0,0,0,0,0,0,0,0,0,0,0,0,0,0,0,0,0,0,0,0,0,0,0,0,0,41,7,45,0,0,0,0,0,0,0,0,0,0,10,190,782,0,73,0,7,2,55,1,2,0,0,0,24,25,5,135,6,154,0,66,0,6,58,44,172,7,0,23,0,270,85,4,0,0,62,7,130,11,13,3,131,0,0,232,0,8,1,0,152,8,0,1,0,0,2,2,6,35,35,2,188,1,0,0,0,0,0,0,0,0,0,0,15,0,0,0,0,52,0,5,0,0,2,0,31,0,0,8,0,0,654,0,2,0,119,0,27,0,2,0,0,11,66,0,4,0,0,0,0,0,2,0,0,1,0,0,0,0,25,0,0,0,0,0,0,0,0,0,0,0,0,0,0,0,0,0,0,0,0,0,0,0,0,0,0,0,0,19,0,0,0,0,0,0,0,2,0
0,MC,0,0,4,596,47,2,0,0,0,0,71,23,0,0,0,0,0,28,0,1,88,2,90,4625,0,1,0,0,0,0,0,6,268,0,16,0,38,0,20,0,0,0,0,0,0,0,0,0,0,0,4,2,0,0,0,0,2,0,30,0,0,0,0,2,2,24,8,88,4,8,3,2653,0,4,0,0,2,0,0,0,0,0,0,0,0,0,0,0,0,0,0,0,0,0,0,0,0,0,0,0,319,7,259,5,5,0,0,0,0,2,0,0,0,211,657,13575,28,1219,3675,1240,0,704,2,251,202,0,0,140,1166,1058,618,91,358,0,2146,15,30,662,1065,20461,9,2696,201,0,1083,572,457,643,813,5666,270,6055,390,146,8,6847,0,0,1102,380,1488,6,0,5352,250,0,9,8,0,4,19,45,2011,2750,2,611,57,0,0,0,2,0,2,0,25,2,1,185,1,85,0,0,141,0,39,0,1,0,0,20,3,0,8,0,8,113,0,2,4,80,1,55,0,1,0,0,102,5994,0,2,7,0,0,0,169,4,0,1,2,5,0,0,0,87,0,0,0,0,0,0,0,4,0,0,0,0,0,0,0,0,0,0,0,0,0,1,0,0,0,0,0,0,177,0,0,0,0,0,0,1,1,0
0,MC,0,3,2,34,0,0,0,0,0,0,1,13,0,0,0,0,0,4,0,0,0,0,0,0,0,0,0,0,0,0,0,0,0,0,0,0,1,0,4,0,0,0,0,0,0,0,0,0,0,0,1,0,0,0,0,0,0,0,1,0,0,0,0,4,4,17,0,81,1,6,1,17,0,0,0,0,0,0,0,0,0,0,0,0,0,0,0,0,0,0,0,0,0,0,0,0,0,0,0,0,40,7,45,0,0,0,0,0,0,0,0,0,0,10,194,779,0,72,0,7,2,55,1,2,0,0,0,24,19,5,135,6,152,0,66,0,4,58,44,170,7,0,23,0,268,85,4,0,0,62,7,131,11,13,3,128,0,0,232,0,8,1,0,150,8,0,1,0,0,2,2,6,35,35,2,187,1,0,0,0,0,0,0,0,0,0,0,13,0,0,0,0,47,0,0,0,0,0,0,31,0,0,8,0,0,654,0,2,0,119,0,0,0,2,0,0,11,64,0,4,0,0,0,0,0,2,0,0,1,0,0,0,0,25,0,0,0,0,0,0,0,0,0,0,0,0,0,0,0,0,0,0,0,0,0,0,0,0,0,0,0,0,17,0,0,0,0,0,0,0,1,0
0,MC,0,0,0,0,0,0,0,0,0,0,0,0,0,0,0,0,0,0,0,0,0,0,0,0,0,0,0,0,0,0,0,0,0,0,0,0,0,0,0,0,0,0,0,0,0,0,0,0,0,0,0,0,0,0,0,0,0,0,0,0,0,0,0,0,0,0,0,0,0,0,1,0,0,0,0,0,0,0,0,0,0,0,0,0,0,0,0,0,0,0,0,0,0,0,0,0,0,0,0,0,5,0,4,0,0,0,0,0,0,0,0,0,0,0,2,61,0,2,0,0,0,1,0,0,0,0,0,102,0,0,0,0,0,0,1,0,0,1,4,0,0,0,1,0,17,1,0,0,0,0,0,0,0,0,1,4,0,0,0,0,0,0,0,0,1,0,0,0,0,2,0,1,0,1,0,46,0,0,0,0,0,0,0,0,0,0,0,0,0,0,0,0,0,0,0,0,0,0,0,0,0,0,0,0,0,0,0,0,0,0,0,0,0,0,0,0,0,0,0,0,0,0,0,0,0,1,0,0,0,0,0,0,0,0,0,0,0,0,0,0,0,1,0,0,0,0,0,0,0,0,0,0,0,0,0,1,0,0,0,0,0,0,0,0,0,0,0,0,0,1,0,0
0,MC,0,0,0,0,0,0,0,0,0,0,0,0,0,0,0,0,0,0,0,0,0,0,0,0,0,0,0,0,0,0,0,0,0,0,0,0,0,0,0,0,0,0,0,0,0,0,0,0,0,0,0,0,0,0,0,0,0,0,0,0,0,0,0,0,0,0,0,0,0,0,1,0,0,0,0,0,0,0,0,0,0,0,0,0,0,0,0,0,0,0,0,0,0,0,0,0,0,0,0,0,14,0,0,0,0,0,0,0,0,0,0,0,0,2,6,85,0,1,0,0,0,1,0,0,0,0,0,0,0,0,0,0,1,0,1,0,0,1,4,0,0,0,0,0,4,0,0,0,0,1,0,0,0,0,0,3,0,0,0,0,0,0,0,0,0,0,0,0,0,2,0,2,0,0,0,0,0,0,0,0,0,0,0,0,0,0,0,0,0,0,0,0,0,0,0,0,0,0,0,0,0,0,0,0,0,1,0,0,0,0,0,0,0,0,0,0,0,0,0,0,0,0,0,0,0,1,0,0,0,0,0,0,0,1,0,0,0,0,0,0,0,0,0,0,0,0,0,0,0,0,0,0,0,0,0,0,0,0,0,0,0,0,0,0,0,0,0,0,0,0,0,0
0,MC,0,0,2,0,0,0,0,0,0,0,0,0,0,0,0,0,0,0,0,0,0,0,0,0,0,0,0,0,0,0,0,0,0,0,0,0,0,0,0,0,0,0,0,0,0,0,0,0,0,0,0,0,0,0,0,0,0,0,0,0,0,0,0,0,0,0,0,0,0,0,1,0,0,0,0,0,0,0,0,0,0,0,0,0,0,0,0,0,0,0,0,0,0,0,0,0,0,0,0,0,9,0,2,0,0,0,0,0,0,0,0,0,0,0,1,67,0,0,0,1,0,0,0,0,0,0,0,0,0,0,0,0,0,0,4,0,0,4,6,1,0,0,4,0,31,1,0,0,0,0,0,1,0,0,0,6,0,0,0,0,1,0,0,0,2,0,0,0,0,2,0,1,3,1,0,0,0,0,0,0,0,0,0,0,0,0,0,0,0,0,0,0,0,0,0,0,0,0,0,0,0,0,0,0,0,0,0,0,0,0,0,0,0,0,0,0,0,0,0,0,0,0,0,0,0,0,0,0,0,0,0,0,0,0,0,0,0,0,0,0,0,0,0,0,0,0,0,0,0,0,0,0,0,0,0,0,0,0,0,0,0,0,1,0,0,0,0,0,0,0,0,0
0,MC,0,0,2,22,5,0,0,0,0,0,0,95,0,0,0,0,0,2,0,0,0,0,0,0,0,0,0,0,0,0,0,0,0,0,0,0,2,0,5,0,0,0,0,0,0,0,0,0,0,0,0,0,0,0,0,0,2,0,14,0,0,0,0,0,0,20,6,0,0,4,0,130,0,0,0,0,0,0,0,0,0,0,0,0,0,0,0,0,0,0,0,0,0,0,0,0,0,0,0,0,29,0,11,0,0,0,0,0,0,0,0,0,0,5,64,2170,0,243,8,13,0,28,0,0,44,0,0,40,110,14,143,14,12,0,143,0,22,277,136,1971,3,37,32,0,247,74,57,1,95,127,141,1739,14,17,0,1546,0,0,42,70,113,2,0,229,106,0,0,3,0,0,6,0,128,117,0,110,70,0,0,0,0,0,0,0,0,0,0,18,0,0,0,0,21,0,20,0,0,0,0,0,0,0,0,0,0,2,0,0,0,1,0,36,0,0,0,0,13,1227,0,2,0,0,0,0,4,0,0,0,0,0,0,0,0,24,0,0,0,0,0,0,0,0,0,0,0,0,0,0,0,0,0,0,0,0,0,0,0,0,0,0,0,0,5,0,0,0,0,0,0,0,1,0
0,MC,0,0,0,0,0,0,0,0,0,0,0,0,0,0,0,0,0,0,0,0,0,0,0,0,0,0,0,0,0,0,0,0,0,0,0,0,0,0,0,0,0,0,0,0,0,0,0,0,0,0,0,0,0,0,0,0,0,0,0,0,0,0,0,0,0,0,0,0,0,0,1,1,0,0,0,0,0,0,0,0,0,0,0,0,0,0,0,0,0,0,0,0,0,0,0,0,0,0,0,0,4,0,0,0,0,0,0,0,0,0,0,0,0,0,1,51,0,0,0,0,0,0,0,0,0,0,0,0,0,0,0,0,0,0,0,0,1,0,2,2,0,0,0,0,4,0,0,0,0,0,0,2,0,0,0,3,0,0,0,0,0,0,0,0,0,0,0,0,0,2,0,0,0,1,0,0,0,0,0,0,0,0,0,0,0,0,0,0,0,0,0,0,0,0,0,0,0,0,0,0,0,0,0,0,0,0,0,0,0,0,0,0,0,0,0,0,0,1,0,0,0,0,0,0,0,0,0,0,0,0,0,0,0,0,0,0,0,0,0,0,0,0,0,0,0,0,0,0,0,0,0,0,0,0,0,0,0,0,0,0,0,0,1,0,0,0,0,0,0,0,0,0
0,MC,0,0,2,429,10,0,0,0,0,0,0,689,0,0,0,0,0,5,0,0,0,6,6,0,0,0,0,0,0,0,0,6,0,0,0,0,4,0,42,0,0,0,0,0,0,0,0,0,0,6,2,0,0,0,0,0,12,0,24,0,0,4,0,0,0,97,25,0,0,9,3,2731,0,0,0,0,0,1,0,0,0,0,0,0,0,0,0,0,0,0,0,0,0,0,0,0,0,0,0,0,343,21,127,0,0,1,0,0,0,0,0,0,0,58,186,11434,18,2531,16,1600,2,164,3,212,29,0,0,230,343,173,159,183,36,0,339,8,38,539,353,4423,8,1877,162,1,374,2915,188,37,112,680,568,5335,73,138,6,2705,0,0,2855,92,3059,6,0,2925,637,0,0,24,0,6,4,24,267,2339,6,2884,95,0,0,0,0,0,0,0,0,2,0,248,0,0,0,0,479,35,27,0,1,0,0,0,15,0,0,0,3,515,0,0,0,2,35,27,0,0,0,0,54,2177,1,0,0,0,0,0,28,2,0,0,0,0,0,0,0,165,3,0,0,0,0,0,0,0,0,0,0,0,0,0,0,0,0,0,0,0,0,0,0,0,0,0,0,0,63,0,0,0,0,0,0,0,3,0
0,MC,0,0,0,104,0,0,0,0,0,0,0,0,0,0,0,0,0,1,0,0,0,0,0,0,0,0,0,0,0,0,0,0,0,0,0,0,0,0,2,0,0,0,0,0,0,0,0,0,0,0,0,0,0,0,0,0,0,0,0,0,0,0,0,0,0,0,0,0,0,1,1,31,0,0,0,0,0,0,0,0,0,0,0,0,0,0,0,0,0,0,0,0,0,0,0,0,0,0,0,3,62,0,19,0,0,0,0,0,0,0,0,0,0,2,30,751,0,29,5,4,0,13,1,0,0,0,0,27,99,45,124,0,2,0,18,0,0,34,35,709,0,4,104,0,244,54,0,0,0,1,10,645,14,5,5,665,0,0,0,0,3,2,0,0,19,0,0,4,0,2,0,2,3,35,2,0,0,0,0,0,0,0,0,0,0,0,0,0,0,0,0,0,0,0,0,0,0,0,0,0,0,0,0,0,0,1,0,0,0,0,0,0,0,0,0,0,25,220,0,0,0,0,0,0,0,1,0,0,1,0,0,0,0,5,0,0,0,0,0,0,0,0,0,0,0,0,0,0,0,0,0,0,0,0,0,0,0,0,0,0,0,0,2,0,0,0,0,0,0,0,0,0
0,MC,0,0,0,0,0,0,0,0,0,0,0,0,0,0,0,0,0,0,0,0,0,0,0,0,0,0,0,0,0,0,0,0,0,0,0,0,0,0,0,0,0,0,0,0,0,0,0,0,0,0,0,0,0,0,0,0,0,0,0,0,0,0,0,0,0,0,0,0,0,0,1,0,0,0,0,0,0,0,0,0,0,0,0,0,0,0,0,0,0,0,0,0,0,0,0,0,0,0,0,0,4,0,1,0,0,0,0,0,0,0,0,0,0,0,1,53,0,0,0,0,0,1,0,0,0,0,0,11,0,0,0,0,0,0,1,0,0,4,5,1,0,0,1,0,11,5,0,0,0,0,1,1,0,0,0,5,0,0,0,0,0,0,0,0,1,0,0,0,0,2,0,0,0,1,0,0,0,0,0,0,0,0,0,0,0,0,0,0,0,0,0,0,0,0,0,0,0,0,0,0,0,0,0,0,0,0,0,0,0,0,0,0,0,0,0,0,0,2,0,0,0,0,0,0,0,0,0,0,0,0,0,0,0,0,0,0,0,0,0,0,0,0,0,0,0,0,0,0,0,0,0,0,0,0,0,0,0,0,0,0,0,0,0,0,0,0,0,0,0,0,0,0
0,MC,0,0,2,0,0,0,0,0,0,0,0,0,0,0,0,0,0,0,0,0,0,0,0,0,0,0,0,0,0,0,0,0,0,0,0,0,0,0,1,0,0,0,0,0,0,0,0,0,0,0,0,0,0,0,0,0,0,0,0,0,0,0,0,0,0,8,0,0,0,1,1,10,0,0,0,0,0,0,0,0,0,0,0,0,0,0,0,0,0,0,0,0,0,0,0,0,0,0,0,0,21,0,12,0,0,0,0,0,0,0,0,0,0,0,29,166,1,3,0,4,0,10,0,0,0,0,0,0,3,5,135,0,4,0,17,0,3,9,12,17,3,0,17,0,143,15,0,0,0,1,1,19,0,6,1,36,0,0,1,0,5,0,0,0,10,0,0,0,0,2,0,0,3,14,0,0,0,0,0,0,0,0,0,0,0,0,0,1,0,0,0,0,0,0,0,0,0,0,0,0,0,0,0,0,16,0,0,0,0,0,0,0,0,0,0,0,0,14,0,0,0,0,0,0,0,1,0,0,0,0,0,0,0,0,0,0,0,0,0,0,0,0,0,0,0,0,0,0,0,0,0,0,0,0,0,0,0,0,0,0,0,0,3,0,0,0,0,0,0,0,1,0
0,MC,0,0,0,0,0,0,0,0,0,0,0,0,0,0,0,0,0,0,0,0,0,0,0,0,0,0,0,0,0,0,0,0,0,0,0,0,0,0,1,0,0,0,0,0,0,0,0,0,0,0,0,0,0,0,0,0,0,0,0,0,0,0,0,0,0,0,0,0,0,0,1,0,0,0,0,0,0,0,0,0,0,0,0,0,0,0,0,0,0,0,0,0,0,0,0,0,0,0,0,0,7,0,2,0,0,0,0,0,0,0,0,0,0,0,3,63,0,0,0,0,0,1,0,0,0,0,0,0,0,0,0,0,0,0,2,0,0,2,7,1,0,0,2,0,31,1,0,0,0,0,1,1,0,1,0,7,0,0,0,0,0,0,0,0,2,0,0,0,0,2,0,0,0,0,0,0,0,0,0,0,0,0,0,0,0,0,0,0,0,0,0,0,0,0,0,0,0,0,0,0,0,0,0,0,0,0,0,0,0,0,0,0,0,0,0,0,0,0,0,0,0,0,0,0,0,0,0,0,0,0,0,0,0,0,0,0,0,0,0,0,0,0,0,0,0,0,0,0,0,0,0,0,0,0,0,0,0,0,0,0,0,0,0,0,0,0,0,0,0,0,0,0
0,MC,0,0,0,0,0,0,0,0,0,0,0,0,0,0,0,0,0,0,0,0,0,0,0,0,0,0,0,0,0,0,0,0,0,0,0,0,0,0,0,0,0,0,0,0,0,0,0,0,0,0,0,2,0,0,0,0,0,0,0,0,0,0,0,0,0,0,0,0,0,0,1,0,0,0,0,0,0,0,0,0,0,0,0,0,0,0,0,0,0,0,0,0,0,0,0,0,0,0,0,0,4,0,0,0,0,0,0,0,0,0,0,0,0,0,4,58,0,0,0,0,0,0,0,0,0,0,0,6,0,0,0,0,0,0,0,0,0,3,4,0,0,0,0,0,2,2,0,0,0,0,0,0,0,0,0,4,0,0,0,0,0,0,0,0,0,0,0,0,0,2,0,0,0,1,0,0,0,0,0,0,0,0,0,0,0,0,0,0,0,0,0,0,0,0,0,0,0,0,0,0,0,0,0,0,0,0,0,0,0,0,0,0,0,0,0,0,0,0,0,0,0,0,0,0,0,0,0,0,0,0,0,0,0,0,0,0,0,0,0,0,0,0,0,0,0,0,0,0,0,0,0,0,0,0,0,0,0,0,0,0,0,0,1,0,0,0,0,0,0,0,0,0
0,MC,0,0,2,23,0,0,0,0,0,0,0,7,0,0,0,0,0,2,0,0,0,1,0,0,0,0,0,0,0,0,1,0,0,0,0,0,1,0,4,0,0,0,0,0,0,0,0,0,0,0,0,0,0,0,0,0,0,0,0,0,0,0,0,3,3,5,0,0,1,1,8,64,0,0,0,0,0,3,0,0,0,0,0,0,0,0,0,0,0,0,0,0,0,0,0,0,0,0,0,0,37,7,25,1,1,0,0,0,0,0,0,0,0,2,43,247,0,52,0,7,0,26,1,0,0,0,0,24,10,0,0,0,8,0,36,0,1,41,41,92,3,0,30,0,213,50,0,29,0,93,11,82,13,4,3,86,0,0,51,0,37,1,0,95,6,0,5,0,0,0,7,4,5,57,2,87,1,0,0,0,0,0,0,0,0,0,0,0,0,0,0,0,4,0,2,0,0,0,0,0,0,0,0,0,0,8,0,0,0,1,0,0,0,1,0,0,11,18,0,6,0,0,0,0,0,5,0,0,1,1,0,0,0,3,0,0,0,0,0,0,0,0,0,0,0,0,0,0,0,0,0,0,0,0,0,0,0,0,0,0,0,0,7,0,0,0,0,0,0,0,0,0
0,MC,0,0,0,0,0,0,0,0,0,0,0,0,0,0,0,0,0,0,0,0,0,0,0,0,0,0,0,0,0,0,0,0,0,0,0,0,0,0,0,0,0,0,0,0,0,0,0,0,0,0,0,0,0,0,0,0,0,0,0,0,0,0,0,0,0,0,0,0,0,0,1,0,0,0,0,0,0,0,0,0,0,0,0,0,0,0,0,0,0,0,0,0,0,0,0,0,0,0,0,0,5,0,1,0,0,0,0,0,0,0,0,0,0,0,3,61,0,5,0,0,0,3,0,0,0,0,0,18,0,0,0,0,0,0,3,0,0,5,8,0,0,0,1,0,13,1,0,0,0,0,1,0,0,0,0,8,0,0,0,0,0,0,0,0,2,0,0,0,0,2,0,0,0,1,0,0,0,0,0,0,0,0,0,0,0,0,0,0,0,0,0,0,0,0,0,0,0,0,0,0,0,0,0,0,0,0,0,0,0,0,0,0,0,0,0,0,0,0,0,0,0,0,0,0,0,0,0,0,0,0,0,0,0,0,0,0,0,0,0,0,0,0,0,0,0,0,0,0,0,0,0,0,0,0,0,0,0,0,0,0,0,0,1,0,0,0,0,0,0,0,0,0
0,MC,0,0,0,0,0,0,0,0,0,0,0,0,0,0,0,0,0,0,0,0,0,0,0,0,0,0,0,0,0,0,0,0,0,0,0,0,0,0,0,0,0,0,0,0,0,0,0,0,0,0,0,0,0,0,0,0,0,0,0,0,0,0,0,0,0,0,0,0,0,0,1,0,0,0,0,0,0,0,0,0,0,0,0,0,0,0,0,0,0,0,0,0,0,0,0,0,0,0,0,0,4,0,0,0,0,0,0,0,0,0,0,0,0,0,1,48,0,0,0,0,0,0,0,0,0,0,0,4,0,0,0,0,0,0,0,0,0,0,2,0,0,0,0,0,2,0,0,0,0,0,0,0,0,0,0,2,0,0,0,0,0,0,0,0,0,0,0,0,0,2,0,0,0,1,0,0,0,0,0,0,0,0,0,0,0,0,0,0,0,0,0,0,0,0,0,0,0,0,0,0,0,0,0,0,0,0,0,0,0,0,0,0,0,0,0,0,0,0,0,0,0,0,0,0,0,1,0,0,0,0,0,0,0,0,0,0,0,0,0,0,0,0,0,0,0,0,0,0,0,0,0,0,0,0,0,0,0,0,0,0,0,0,1,0,0,0,0,0,0,0,0,0
0,MC,0,0,2,8,0,0,0,0,0,0,0,0,0,0,0,0,0,0,0,0,0,0,0,0,0,0,0,0,0,0,0,0,0,0,0,0,0,0,2,0,0,0,0,0,0,0,6,0,0,0,0,0,0,0,0,0,0,0,0,0,0,0,0,0,0,4,0,1,0,3,0,16,0,0,0,0,0,0,0,0,0,0,0,0,0,0,0,0,0,0,0,0,0,0,0,0,0,0,0,0,8,0,12,6,6,0,0,0,0,0,0,0,0,4,31,112,0,4,0,7,0,14,0,0,0,0,0,0,3,4,135,0,9,0,23,0,1,17,14,33,3,0,18,0,199,16,0,0,0,2,6,37,0,1,4,51,0,0,1,0,9,0,0,0,11,0,0,0,0,0,4,1,2,22,0,0,0,0,0,0,0,0,0,0,0,0,0,0,0,0,0,0,0,0,0,0,0,0,0,0,0,0,0,0,0,0,0,0,0,0,0,0,0,0,0,0,0,24,0,0,0,0,0,0,0,1,0,0,0,6,0,0,0,16,0,0,0,0,0,0,0,0,0,0,0,0,0,0,0,0,0,0,0,0,0,0,0,0,0,0,0,0,6,0,0,0,0,0,0,0,0,0
0,MC,0,0,6,113,7,0,0,0,0,0,3,1,0,0,0,0,0,15,0,8,4,0,19,204,0,1,0,0,0,0,1,51,29,0,0,3,5,0,10,0,0,0,0,0,0,8,3,0,4,0,3,0,0,0,0,0,0,0,4,1,4,3,0,2,2,115,0,181,4,14,3,212,0,2,0,7,1,4,0,0,0,0,0,0,0,0,0,0,0,0,0,0,0,0,0,0,0,0,0,0,787,14,204,13,13,2,0,0,0,2,0,1,0,37,587,3916,7,822,304,176,0,138,2,3,5,0,10,67,55,923,954,16,710,0,196,34,44,225,291,3276,23,267,103,1,1012,701,43,10,14,656,72,1544,122,37,2,3669,1,0,1214,460,199,1,0,923,181,0,3,49,0,0,9,58,105,165,4,1104,58,0,0,0,0,0,0,0,0,0,1,64,8,596,0,0,24,10,1,0,0,0,0,0,0,0,0,0,9,63,0,0,3,8,10,2,1,0,0,0,83,1502,2,3,24,0,0,0,0,2,0,1,0,11,0,0,1,136,0,1,0,0,0,0,1,0,1,1,1,1,1,1,5,0,0,0,5,0,0,2,0,0,0,0,0,0,32,0,0,0,0,0,0,2,4,0
0,MC,0,0,0,0,0,0,0,0,0,0,0,0,0,0,0,0,0,0,0,0,0,0,0,0,0,0,0,0,0,0,0,0,0,0,0,0,0,0,0,0,0,0,0,0,0,0,0,0,0,0,0,0,0,0,0,0,0,0,0,0,0,0,0,0,0,0,0,0,0,0,1,2,0,0,0,0,0,0,0,0,0,0,0,0,0,0,0,0,0,0,0,0,0,0,0,0,0,0,0,0,7,0,1,0,0,0,0,0,0,0,0,0,0,0,2,58,1,0,5,1,0,2,0,0,0,0,0,0,0,0,0,0,0,0,2,0,0,2,2,1,0,0,2,0,24,2,0,0,0,0,1,6,0,6,0,3,0,0,0,0,2,0,0,0,4,0,0,0,0,2,0,0,0,2,0,0,0,0,0,0,0,0,0,0,0,0,0,0,0,0,0,0,0,0,0,0,0,0,0,0,0,0,0,0,0,0,0,0,0,0,0,0,0,0,0,0,0,3,0,0,0,0,0,0,0,0,0,0,0,0,0,0,0,0,0,0,0,0,0,0,0,0,0,0,0,0,0,0,0,0,0,0,0,0,0,0,0,0,0,0,0,0,0,0,0,0,0,0,0,0,0,0
0,MC,0,0,0,0,0,0,0,0,0,0,0,0,0,0,0,0,0,0,0,0,0,0,0,0,0,0,0,0,0,0,0,0,0,0,0,0,0,0,0,0,0,0,0,0,0,0,0,0,0,0,0,0,0,0,0,0,0,0,0,0,0,0,0,0,0,0,0,0,0,0,0,0,0,0,0,0,0,0,0,0,0,0,0,0,0,0,0,0,0,0,0,0,0,0,0,0,0,0,0,0,0,0,0,0,0,0,0,0,0,0,0,0,0,0,0,0,0,1,0,0,0,0,0,0,0,0,0,0,0,0,0,0,0,0,0,0,0,0,0,0,0,0,0,0,0,0,0,0,0,0,0,0,0,0,0,0,0,0,0,0,0,0,0,0,0,0,0,0,0,0,0,0,0,1,0,0,0,0,0,0,0,0,0,0,0,0,0,0,0,0,0,0,0,0,0,0,0,0,0,0,0,0,0,0,0,0,0,0,0,0,0,0,0,0,0,0,0,0,0,0,0,0,0,0,0,0,0,0,0,0,0,0,0,0,0,0,0,0,0,0,0,0,0,0,0,0,0,0,0,0,0,0,0,0,0,0,0,0,0,0,0,0,0,0,0,0,0,0,0,0,0,0
0,MC,0,0,0,0,0,0,0,0,0,0,0,0,0,0,0,0,0,0,0,0,0,0,0,0,0,0,0,0,0,0,0,0,0,0,0,0,0,0,1,0,0,0,0,0,0,0,0,0,0,0,0,0,0,0,0,0,0,0,0,0,0,0,0,0,0,0,0,0,0,0,1,4,0,0,0,0,0,0,0,0,0,0,0,0,0,0,0,0,0,0,0,0,0,0,0,0,0,0,0,0,13,0,3,0,0,0,0,0,0,0,0,0,0,2,2,90,0,0,0,4,0,2,0,0,0,0,0,0,0,0,0,0,0,0,5,0,1,6,13,11,0,0,4,0,58,2,0,1,0,1,1,12,0,1,0,22,0,0,0,0,5,0,0,0,3,0,0,0,0,2,0,2,0,9,0,0,0,0,0,0,0,0,0,0,0,0,0,0,0,0,0,0,0,0,0,0,0,0,0,0,0,0,0,0,0,0,0,0,0,0,0,0,0,0,0,0,0,8,0,0,0,0,0,0,0,0,0,0,0,0,0,0,0,1,0,0,0,0,0,0,0,0,0,0,0,0,0,0,0,0,0,0,0,0,0,0,0,0,0,0,0,0,0,0,0,0,0,0,0,0,0,0
0,MC,0,0,0,4,0,0,0,0,0,0,0,0,0,0,0,0,0,29,0,0,58,5,161,619,0,151,104,0,0,0,3,161,126,0,0,0,2,0,1,0,0,0,0,0,0,0,0,0,0,0,0,0,0,0,0,0,0,0,0,0,0,0,0,7,7,0,0,0,50,0,1,91,0,1,0,0,2,4,0,0,0,0,0,0,0,0,0,0,0,0,0,0,0,0,0,0,0,0,6,0,73,0,124,52,52,1,1,0,0,0,0,0,0,0,2556,2554,1,128,574,23,1,94,0,24,0,0,0,81,12,237,210,0,1377,0,104,5,13,102,120,1407,0,25,17,0,477,392,0,274,0,112,54,2546,0,327,40,662,1,0,72,529,76,24,0,64,76,0,0,8,0,0,25,26,48,113,0,2,0,0,0,0,0,0,0,0,0,0,0,0,0,0,0,0,195,0,0,0,0,0,0,96,0,0,5,5,0,385,0,29,0,172,0,0,0,0,1,0,0,614,0,15,0,1,0,0,0,2,0,0,0,52,0,0,1,0,0,0,0,0,0,0,0,0,0,0,0,0,0,0,0,0,4,0,0,0,0,0,0,0,0,0,0,0,1,0,0,0,0,0,0,0,1,0
0,MC,0,3,2,29,1,0,0,0,0,0,0,0,0,0,0,0,0,1,0,0,0,0,0,0,0,0,0,0,0,0,0,0,0,0,0,0,0,0,0,0,0,0,0,0,0,0,0,0,0,0,1,1,0,0,0,0,0,0,3,0,0,0,0,2,2,9,0,0,0,2,1,32,0,0,0,0,0,0,0,0,0,0,0,0,0,0,0,0,0,0,0,0,0,0,0,0,0,0,0,0,44,0,46,0,0,0,0,0,0,0,0,0,0,4,226,598,0,37,88,8,0,24,0,1,2,1,0,0,6,5,135,0,140,0,27,9,9,79,23,126,3,2,14,0,296,64,0,0,0,80,1,230,0,10,11,96,0,0,98,0,22,2,0,75,16,0,0,9,1,2,1,19,9,42,0,0,0,0,0,0,0,0,0,0,0,0,0,1,0,0,0,0,9,1,0,0,0,0,0,0,0,0,0,0,3,3,0,0,2,2,1,0,0,0,0,0,0,71,0,0,0,0,0,0,0,1,0,2,0,0,0,0,0,13,0,2,0,0,0,0,0,0,0,0,0,0,0,0,0,0,0,0,0,0,0,0,0,0,0,0,0,0,4,0,0,0,0,0,0,0,1,0
0,MC,0,0,2,23,0,0,0,0,0,0,1,5,0,0,0,0,0,2,0,0,0,0,0,0,0,0,0,0,0,0,0,0,0,0,0,0,1,0,4,0,0,0,0,0,0,0,0,0,0,0,0,0,0,0,0,0,0,0,0,0,0,0,0,3,3,5,0,0,0,1,0,33,0,0,0,0,0,0,0,0,0,0,0,0,0,0,0,0,0,0,0,0,0,0,0,0,0,0,0,0,22,7,36,1,1,0,0,0,0,0,0,0,1,2,76,367,0,91,0,7,0,40,1,0,0,0,0,24,11,6,4,0,32,0,51,0,1,55,42,121,3,0,44,0,303,41,0,22,0,69,12,88,14,4,3,93,0,0,51,0,7,1,0,71,10,0,6,0,0,0,7,12,5,29,2,82,1,0,0,0,0,0,0,0,0,0,0,0,0,0,0,0,0,0,1,0,0,0,0,0,0,0,0,0,0,22,0,0,0,0,0,0,0,1,0,0,9,31,0,6,0,0,0,0,0,5,0,0,1,1,0,0,0,3,0,0,0,0,0,0,0,0,0,0,0,0,0,0,0,0,0,0,13,0,0,0,0,0,0,0,0,0,4,0,0,0,0,0,0,0,0,0
0,MC,0,0,0,0,0,0,0,0,0,0,0,0,0,0,0,0,0,1,0,0,0,0,0,0,0,0,0,0,0,0,0,0,0,0,0,0,0,0,1,0,0,0,0,0,0,0,0,0,0,0,0,0,0,0,0,0,0,0,0,0,0,0,0,0,0,0,0,0,0,0,0,2,0,0,0,0,0,0,0,0,0,0,0,0,0,0,0,0,0,0,0,0,0,0,0,0,0,0,0,0,9,2,1,0,0,0,0,0,0,0,0,0,0,0,10,57,0,1,0,1,0,2,0,0,0,0,0,0,2,0,0,0,0,0,5,6,3,5,13,50,0,0,4,0,48,2,0,0,0,0,6,67,0,4,0,28,0,0,0,0,1,0,0,0,3,0,0,0,0,0,4,0,0,4,0,0,0,0,0,0,0,0,0,0,0,0,0,0,0,0,0,0,0,0,0,0,0,0,0,0,0,0,0,0,0,0,0,0,0,0,0,0,0,0,0,0,0,14,0,0,0,0,0,0,0,0,0,0,0,0,0,0,0,0,0,0,0,0,0,0,0,0,0,0,0,0,0,0,0,0,0,0,0,0,0,0,0,0,0,0,0,0,1,0,0,0,0,0,0,0,0,0
0,MC,0,0,0,2,0,0,0,0,0,0,0,0,0,0,0,0,0,1,0,0,0,0,0,0,0,0,0,0,0,0,0,0,0,0,0,0,0,0,1,0,0,0,0,0,0,0,0,0,0,0,0,0,0,0,0,0,0,0,0,0,0,0,0,0,0,0,0,0,0,0,1,8,0,0,0,0,0,0,0,0,0,0,0,0,0,0,0,0,0,0,0,0,0,0,0,0,0,0,0,0,22,2,4,0,0,0,0,0,0,0,0,0,0,2,20,134,0,0,0,2,0,3,0,1,0,0,0,0,2,0,0,0,1,0,7,5,3,4,19,80,0,0,6,0,84,4,0,0,0,1,1,116,0,6,4,66,0,0,0,0,2,0,0,0,6,0,0,0,0,2,0,3,2,9,0,0,0,0,0,0,0,0,0,0,0,0,0,0,0,0,0,0,0,0,0,0,0,0,0,0,0,0,0,0,0,0,0,0,0,0,0,0,0,0,0,0,0,10,0,0,0,0,0,0,0,0,0,0,0,0,0,0,0,1,0,0,0,0,0,0,0,0,0,0,0,0,0,0,0,0,0,0,0,0,0,0,0,0,0,0,0,0,1,0,0,0,0,0,0,0,0,0
0,MC,0,0,0,24,0,0,0,0,0,0,0,0,0,0,0,0,0,1,0,0,0,0,0,0,0,0,0,0,0,0,0,0,0,0,0,0,0,0,1,0,0,0,0,0,0,0,0,0,0,0,1,0,0,0,0,0,0,0,0,0,0,0,0,0,0,4,0,0,0,0,1,9,0,0,0,0,0,0,0,0,0,0,0,0,0,0,0,0,0,0,0,0,0,0,0,0,0,0,0,0,38,0,8,0,0,0,0,0,0,0,0,0,0,3,88,500,0,18,4,3,0,10,0,0,0,0,0,0,2,18,0,0,41,0,17,0,0,8,31,890,0,2,24,0,223,16,0,5,0,17,17,851,0,1,4,790,0,0,7,46,3,1,0,0,14,0,0,1,0,2,0,2,7,14,0,0,14,0,0,0,0,0,0,0,0,0,0,0,0,0,0,0,0,0,0,0,0,0,0,0,10,0,0,0,0,0,0,0,0,0,0,0,0,0,0,0,0,203,0,0,0,0,0,0,0,0,0,0,1,0,0,0,0,1,0,0,0,0,0,0,0,0,0,0,0,0,0,0,0,0,0,0,0,0,0,0,0,0,0,0,0,0,1,0,0,0,0,0,0,0,0,0
0,MC,0,0,0,0,0,0,0,0,0,0,0,0,0,0,0,0,0,0,0,0,0,0,0,0,0,0,0,0,0,0,0,0,0,0,0,0,0,0,0,0,0,0,0,0,0,0,0,0,0,0,0,0,0,0,0,0,0,0,0,0,0,0,0,0,0,0,0,0,0,0,1,0,0,0,0,0,0,0,0,0,0,0,0,0,0,0,0,0,0,0,0,0,0,0,0,0,0,0,0,0,4,0,2,0,0,0,0,0,0,0,0,0,0,0,2,55,0,1,0,0,0,2,0,0,0,0,0,10,0,0,0,0,0,0,2,0,0,1,5,0,0,0,1,0,11,1,0,0,0,0,1,0,0,0,0,7,0,0,0,0,0,0,0,0,1,0,0,0,0,2,0,0,0,1,0,49,0,0,0,0,0,0,0,0,0,0,0,0,0,0,0,0,0,0,0,0,0,0,0,0,0,0,0,0,0,0,0,0,0,0,0,0,0,0,0,0,0,0,0,0,0,0,0,0,0,0,0,0,0,0,0,0,0,0,0,0,0,0,0,0,0,0,0,0,0,0,0,0,0,0,0,0,0,0,0,0,0,0,0,0,0,0,0,0,0,0,0,0,0,0,0,0
0,MC,0,0,2,0,0,0,0,0,0,0,0,1,0,0,0,0,0,1,0,0,0,0,0,0,0,0,0,0,0,0,0,0,0,0,0,0,0,0,1,0,0,0,0,0,0,0,10,0,0,0,1,0,0,0,0,0,0,0,0,0,0,1,0,0,0,5,0,0,1,2,0,21,0,0,0,4,0,1,0,0,0,0,0,0,0,0,0,0,0,0,0,0,0,0,0,0,0,0,1,0,62,0,28,10,10,2,0,0,0,0,0,1,0,4,135,432,4,22,0,6,0,23,0,2,0,0,0,12,6,4,135,3,59,0,34,2,2,95,15,3,3,1,23,1,182,21,0,5,0,16,21,8,4,4,0,158,1,0,2,0,6,0,0,4,5,0,0,0,0,0,20,0,12,108,0,2,0,0,0,0,0,0,0,0,0,0,0,1,0,0,0,0,95,0,16,0,0,0,0,14,0,0,0,0,1,135,0,0,0,24,0,0,0,0,0,0,63,2,0,0,0,1,0,0,0,2,0,0,0,4,0,0,0,10,0,0,0,0,0,0,6,0,6,0,0,6,6,6,12,0,0,0,0,0,0,2,0,0,0,0,0,0,3,0,0,0,0,0,0,2,0,0
0,MC,0,0,0,0,0,0,0,0,0,0,0,0,0,0,0,0,0,0,0,0,0,0,0,0,0,0,0,0,0,0,0,0,0,0,0,0,0,0,0,0,0,0,0,0,0,0,0,0,0,0,0,0,0,0,0,0,0,0,0,0,0,0,0,0,0,0,0,0,0,0,0,0,0,0,0,0,0,0,0,0,0,0,0,0,0,0,0,0,0,0,0,0,0,0,0,0,0,0,0,0,2,0,0,0,0,0,0,0,0,0,0,0,0,0,1,0,0,0,0,1,0,1,0,0,0,0,0,4,0,0,0,0,0,0,1,0,0,1,0,0,0,0,1,0,5,1,0,0,0,0,1,0,0,1,0,0,0,0,0,0,1,0,0,0,1,0,0,0,0,0,0,0,0,2,0,0,0,0,0,0,0,0,0,0,0,0,0,0,0,0,0,0,0,0,0,0,0,0,0,0,0,0,0,0,0,0,0,0,0,0,0,0,0,0,0,0,0,0,0,0,0,0,0,0,0,0,0,0,0,0,0,0,0,0,0,0,0,0,0,0,0,0,0,0,0,0,0,0,0,0,0,0,0,0,0,0,0,0,0,0,0,0,1,0,0,0,0,0,0,0,0,0
0,MC,0,0,2,4,0,0,0,0,0,0,0,0,0,0,0,0,0,3,0,0,0,0,0,0,0,0,0,0,0,0,0,0,0,0,0,0,0,0,1,0,0,0,0,0,0,0,0,0,0,0,4,0,0,0,0,0,0,0,0,0,0,0,0,0,0,9,0,0,0,5,1,19,0,0,0,0,0,0,0,0,0,0,0,0,0,0,0,0,0,0,0,0,0,0,0,0,0,0,0,0,34,0,12,0,0,0,0,0,0,0,0,0,0,2,51,321,0,4,0,11,0,14,0,0,0,0,0,0,5,5,135,0,11,0,21,9,5,16,16,142,3,0,15,0,203,19,0,0,0,2,2,184,0,14,0,107,2,0,1,0,30,0,0,0,8,0,0,0,0,2,1,5,5,46,0,0,0,0,0,0,0,0,0,0,0,0,0,1,0,0,0,0,0,0,0,0,0,0,0,0,0,0,0,0,0,0,0,0,0,0,0,0,0,0,0,0,0,62,0,0,0,0,0,0,0,0,0,0,0,0,0,0,0,10,0,0,0,0,0,0,0,0,0,0,0,0,0,0,0,0,0,0,0,0,0,0,0,0,0,0,0,0,3,0,0,0,0,0,0,0,1,0
0,MC,0,0,2,0,0,0,0,0,0,0,0,0,0,0,0,0,0,1,0,0,0,0,0,0,0,0,0,0,0,0,0,0,0,0,0,0,0,0,1,0,0,0,0,0,0,0,0,0,0,0,1,0,0,0,0,0,0,0,315,0,0,0,0,0,0,21,0,0,0,26,0,6850,0,0,6,0,0,0,0,0,0,0,0,0,0,0,0,0,0,0,0,0,0,0,0,0,0,0,0,0,16,0,29,0,0,0,0,0,0,0,0,0,0,34,417,286,0,71,0,36,0,20,0,21,0,0,1,12,1,5,135,10,307,0,31,0,143,45,76,82,17,0,26,0,277,35,0,0,0,1609,80,84,0,98,2,98,0,0,1068,26,6318,0,0,3125,11,0,0,0,0,0,3,11,7,3244,0,0,0,0,0,0,0,0,0,0,0,0,0,0,0,0,0,0,6,0,0,0,0,0,0,0,0,0,0,0,0,18,0,0,0,12,0,0,0,0,0,0,0,76,0,0,0,0,0,0,0,0,0,0,0,0,0,0,2,16,0,0,0,0,0,0,0,0,0,0,0,0,0,0,0,0,0,0,0,0,0,0,0,0,0,0,0,0,4,0,0,0,0,0,0,0,0,0
0,MC,0,0,2,117,2,0,0,0,0,0,0,5,0,0,0,0,0,93,1,0,2,0,2,141,0,0,0,0,0,0,0,1,7,0,22,0,0,0,1,0,0,0,0,0,0,0,52,0,0,0,0,1,0,0,0,0,0,0,9,0,0,0,0,2,2,163,27,16,0,21,0,12353,0,0,0,0,0,1,0,0,0,0,0,0,0,65536,0,0,0,0,1,65536,65536,65536,65536,0,11,0,0,0,175,0,106,106,106,0,0,0,0,0,0,1,0,2,178,66804,1,65554,237,100,0,29,0,3,1,0,0,65567,28,254,352,177,47,0,47,3,72,199,156,1440,3,438,20,3,260,114,8,0,3,65,1182,970,29,81,0,669,3,0,15,51,96,87,0,29,131,0,0,21,0,0,96,5,20,41214,0,23,0,0,0,0,0,0,0,1,0,0,0,186,0,0,0,0,21,0,1,0,0,0,0,0,0,0,0,0,0,22,0,0,0,18,0,1,0,0,0,0,24,599,0,2,0,0,0,0,1,2,0,2,0,54,0,0,0,126,0,0,0,0,0,0,65536,1,6,0,0,8,6,6,63734,0,0,1,1,0,0,3,0,0,0,0,0,0,25,0,0,0,0,1,0,3,1,0
0,MC,0,0,0,9,0,0,0,0,0,0,0,0,0,0,0,0,0,0,0,0,0,0,0,0,0,0,0,0,0,0,0,0,0,0,0,0,0,0,1,0,0,0,0,0,0,0,0,0,0,0,0,0,0,0,0,0,1,0,0,0,0,0,0,0,0,0,0,0,0,0,1,8,0,0,0,0,0,0,0,0,0,0,0,0,0,0,0,0,0,0,0,0,0,0,0,0,0,0,0,0,12,2,1,0,0,0,0,0,0,0,0,0,0,2,15,112,0,0,0,1,0,3,0,1,0,0,0,0,2,0,0,0,2,0,5,1,0,7,13,12,0,0,4,0,76,3,0,0,0,1,3,15,0,2,1,14,0,0,0,0,0,0,0,0,5,0,0,0,0,2,0,5,2,8,0,0,0,0,0,0,0,0,0,0,0,0,0,1,0,0,0,0,0,0,1,0,0,0,0,0,0,0,0,0,0,0,0,0,0,0,0,0,0,0,0,0,0,2,0,0,0,0,0,0,0,1,0,0,0,0,0,0,0,1,0,0,0,0,0,0,0,0,0,0,0,0,0,0,0,0,0,0,0,0,0,0,0,0,0,0,0,0,2,0,0,0,0,0,0,0,0,0
0,MC,0,0,0,0,0,0,0,0,0,0,0,0,0,0,0,0,0,0,0,0,0,0,0,0,0,0,0,0,0,0,0,0,0,0,0,0,0,0,0,0,0,0,0,0,0,0,0,0,0,0,0,0,0,0,0,0,0,0,0,0,0,0,0,0,0,0,0,0,0,0,1,0,0,0,0,0,0,0,0,0,0,0,0,0,0,0,0,0,0,0,0,0,0,0,0,0,0,0,0,0,5,0,1,0,0,0,0,0,0,0,0,0,0,0,29,50,0,0,0,0,0,1,0,0,0,0,0,4,0,0,0,0,16,0,1,0,0,1,2,0,0,0,1,0,11,1,0,0,0,0,1,0,0,0,0,2,0,0,0,0,0,0,0,0,1,0,0,0,0,2,0,0,0,1,0,0,0,0,0,0,0,0,0,0,0,0,0,0,0,0,0,0,0,0,0,0,0,0,0,0,0,0,0,0,0,0,0,0,0,0,0,0,0,0,0,0,0,0,0,0,0,0,0,0,0,1,0,0,0,0,0,0,0,0,0,0,0,0,0,0,0,0,0,0,0,0,0,0,0,0,0,0,0,0,0,0,0,0,0,0,0,0,0,0,0,0,0,0,0,0,0,0
0,MC,0,0,0,0,0,0,0,0,0,0,0,0,0,0,0,0,0,1,0,0,0,0,0,0,0,0,0,0,0,0,0,0,0,0,0,0,0,0,1,0,0,0,0,0,0,0,0,0,0,0,0,0,0,0,0,0,0,0,0,0,0,0,0,0,0,0,0,0,0,0,0,4,0,0,0,0,0,0,0,0,0,0,0,0,0,0,0,0,0,0,0,0,0,0,0,0,0,0,1,0,13,2,6,0,0,0,0,0,0,0,0,0,0,0,18,76,0,1,2,2,0,11,0,1,0,0,1,0,2,0,0,0,0,0,16,5,3,13,14,61,0,2,15,0,162,36,0,0,0,0,1,68,0,14,1,44,0,0,0,0,4,0,0,0,10,0,0,1,0,1,0,0,1,4,0,0,0,0,0,0,0,0,0,0,0,0,0,0,0,0,0,0,0,0,0,0,0,0,0,0,0,0,0,0,0,0,0,0,0,0,0,0,0,0,0,0,0,42,0,0,0,0,0,0,0,1,0,0,0,0,0,0,0,0,0,0,0,0,0,0,0,0,0,0,0,0,0,0,0,0,0,0,0,0,0,0,0,0,0,0,0,0,3,0,0,0,0,0,0,0,0,0
0,MC,0,0,0,0,0,0,0,0,0,0,0,0,0,0,0,0,0,0,0,0,0,0,0,0,0,0,0,0,0,0,0,0,0,0,0,0,0,0,0,0,0,0,1,0,0,0,0,0,0,0,0,0,0,0,0,0,0,0,0,0,0,0,0,0,0,0,0,0,0,0,1,0,0,0,0,0,0,0,0,0,0,0,0,0,0,0,0,0,0,0,0,0,0,0,0,0,0,0,0,0,2,0,0,0,0,0,0,0,0,0,0,0,0,0,2,37,0,0,0,0,0,0,0,0,0,0,0,6,0,0,0,0,0,0,0,0,0,0,2,0,0,0,0,0,2,0,0,0,0,0,0,0,0,0,0,2,0,0,0,0,0,0,0,0,0,0,0,0,0,1,0,0,0,1,0,0,0,0,0,0,0,0,0,0,0,0,0,0,0,0,0,0,0,0,0,0,0,0,0,0,0,0,0,0,0,0,0,0,0,0,0,0,0,0,0,0,0,0,0,0,0,0,0,0,0,1,0,0,0,0,0,0,0,0,0,0,0,0,0,0,0,0,0,0,0,0,0,0,0,0,0,0,0,0,0,0,0,0,0,0,0,0,0,0,0,0,0,0,0,0,0,0
0,MC,0,0,0,105,0,0,0,0,0,0,0,0,0,0,0,0,0,2,0,0,0,0,0,0,0,0,0,0,0,0,0,0,0,0,0,0,0,0,0,0,0,0,0,0,0,0,0,0,0,0,0,0,0,0,0,0,0,0,0,0,0,0,0,0,0,0,0,0,0,0,1,27,0,0,0,0,0,0,0,0,0,0,0,0,0,0,0,0,0,0,0,0,0,0,0,0,0,0,0,3,41,2,22,0,0,0,0,0,0,0,0,0,0,2,28,950,0,15,6,4,0,18,0,0,0,0,0,0,96,104,127,0,0,0,22,5,2,17,63,884,0,4,106,0,490,53,0,5,0,2,6,1205,0,8,10,783,0,0,0,0,4,1,0,0,25,0,0,5,0,2,0,4,4,31,0,0,0,0,0,0,0,0,0,0,0,0,0,0,0,0,0,0,0,0,0,0,0,0,0,0,0,0,0,0,0,0,0,0,0,0,0,0,0,0,0,0,0,267,0,0,0,0,0,0,0,1,0,0,1,0,0,0,0,2,0,0,0,0,0,0,0,0,0,0,0,0,0,0,0,0,0,0,0,0,0,0,0,0,0,0,0,0,1,0,0,0,0,0,0,0,0,0
0,MC,0,0,0,1,0,0,0,0,0,0,0,0,0,0,0,0,0,1,0,0,0,0,0,0,0,0,0,0,0,0,0,0,0,0,0,0,0,0,1,0,0,0,0,0,0,0,0,0,0,0,0,0,0,0,0,0,0,0,0,0,0,0,0,0,0,0,0,0,0,0,0,1,0,0,0,0,0,0,0,0,0,0,0,0,0,0,0,0,0,0,0,0,0,0,0,0,0,0,0,0,3,0,0,0,0,0,0,0,0,0,0,0,0,0,9,40,0,0,0,0,0,1,0,0,0,0,0,7,2,0,0,0,0,0,2,6,2,2,6,26,0,0,2,0,31,1,0,0,0,0,6,36,0,4,0,14,0,0,0,0,0,0,0,0,2,0,0,0,0,0,4,0,0,4,0,0,0,0,0,0,0,0,0,0,0,0,0,0,0,0,0,0,0,0,0,0,0,0,0,0,0,0,0,0,0,0,0,0,0,0,0,0,0,0,0,0,0,4,0,0,0,0,0,0,0,0,0,0,0,0,0,0,0,0,0,0,0,0,0,0,0,0,0,0,0,0,0,0,0,0,0,0,0,0,0,0,0,0,0,0,0,0,0,0,0,0,0,0,0,0,0,0
0,MC,0,3,2,34,0,0,0,0,0,0,1,13,0,0,0,0,0,4,0,0,0,0,0,0,0,0,0,0,0,0,0,0,0,0,0,0,1,0,4,0,0,0,0,0,0,0,0,0,0,0,1,0,0,0,0,0,0,0,1,0,0,0,0,4,4,28,0,96,1,6,1,19,0,0,0,0,0,0,0,0,0,0,0,0,0,0,0,0,0,0,0,0,0,0,0,0,0,0,0,0,42,7,45,0,0,0,0,0,0,0,0,0,0,10,197,838,0,73,0,9,2,55,1,2,0,0,0,24,22,5,135,7,138,0,66,0,13,58,44,172,7,0,23,0,270,85,4,0,0,63,7,131,11,13,3,131,0,0,231,0,10,1,0,150,8,0,1,0,0,2,2,6,35,39,2,187,1,0,0,0,0,0,0,0,0,0,0,25,0,0,0,0,194,0,0,0,0,0,0,31,0,0,80,0,0,800,0,2,0,216,0,0,0,2,0,0,11,66,0,4,0,0,0,0,0,2,0,0,1,0,0,0,0,25,0,0,0,0,0,0,0,0,0,0,0,0,0,0,0,0,0,0,0,0,0,0,0,0,0,0,0,0,19,0,0,0,0,0,0,0,2,0
0,MC,0,0,2,6,0,0,0,0,0,0,0,0,0,0,0,0,0,3,0,0,0,3,12,0,0,12,2,0,0,0,0,14,2,0,0,0,1,0,2,0,0,0,0,0,0,0,0,0,0,0,1,1,1,0,0,0,3,0,0,0,0,0,0,5,5,1,0,0,2,0,3,54,0,2,0,0,0,0,2,0,2,0,0,0,2,5,2,0,2,0,0,0,0,0,1,0,0,0,0,0,57,0,74,0,0,0,0,0,0,2,0,1,0,3,140,537,0,21,5,9,0,64,0,11,0,5,0,18,4,21,8,0,45,0,76,5,4,76,40,192,0,0,69,3,535,155,0,6,0,4,11,37,36,8,2,232,3,0,10,189,4,0,0,1,33,0,0,8,0,2,3,55,10,45,0,73,0,0,0,0,0,0,0,0,0,0,0,4,0,0,0,0,801,0,652,0,0,0,0,12,0,0,16,0,2,171,0,4,0,134,0,652,0,0,0,0,0,135,0,0,1,0,0,0,0,2,0,0,0,0,0,0,0,1,0,0,0,0,0,0,2,1,0,0,0,1,0,0,1,0,0,0,0,0,0,3,0,0,0,0,0,0,3,0,0,0,0,1,0,3,0,0
0,MC,0,0,0,0,0,0,0,0,0,0,0,0,0,0,0,0,0,0,0,0,0,0,0,0,0,0,0,0,0,0,0,0,0,0,0,0,0,0,0,0,0,0,0,0,0,0,0,0,0,0,0,0,0,0,0,0,0,0,0,0,0,0,0,0,0,0,0,0,0,0,1,0,0,0,0,0,0,0,0,0,0,0,0,0,0,0,0,0,0,0,0,0,0,0,0,0,0,0,0,0,4,0,0,0,0,0,0,0,0,0,0,0,0,0,2,51,0,0,0,0,0,0,0,0,0,0,0,6,0,0,0,0,0,0,0,0,0,3,4,0,0,0,0,0,2,1,0,0,0,0,0,0,0,0,0,4,0,0,0,0,0,0,0,0,0,0,0,0,0,2,0,0,0,1,0,0,0,0,0,0,0,0,0,0,0,0,0,0,0,0,0,0,0,0,0,0,0,0,0,0,0,0,0,0,0,0,0,0,0,0,0,0,0,0,0,0,0,0,0,0,0,0,0,0,0,0,0,0,0,0,0,0,0,0,0,0,0,0,0,0,0,1,0,0,0,0,0,0,0,0,0,0,0,0,0,0,0,0,0,0,0,0,0,0,0,0,0,0,0,0,0,0
0,MC,0,0,0,0,0,0,0,0,0,0,0,0,0,0,0,0,0,0,0,0,0,0,0,0,0,0,0,0,0,0,0,0,0,0,0,0,0,0,0,0,0,0,0,0,0,0,0,0,0,0,0,0,0,0,0,0,0,0,0,0,0,0,0,0,0,0,0,0,0,0,1,0,0,0,0,0,0,0,0,0,0,0,0,0,0,0,0,0,0,0,0,0,0,0,0,0,0,0,0,0,4,0,0,0,0,0,0,0,0,0,0,0,0,0,1,60,0,0,0,0,0,0,0,0,0,0,0,4,0,0,0,0,0,0,0,0,0,0,2,0,0,0,0,0,2,0,0,0,0,0,0,0,0,0,0,2,0,0,0,0,0,0,0,0,0,0,0,0,0,2,0,0,0,1,0,0,0,0,0,0,0,0,0,0,0,0,0,0,0,0,0,0,0,0,0,0,0,0,0,0,0,0,0,0,0,0,0,0,0,0,0,0,0,0,0,0,0,0,0,0,0,0,0,0,0,1,0,0,0,0,0,0,0,0,0,0,0,0,0,0,0,0,0,0,0,0,0,0,0,0,0,0,0,0,0,0,0,0,0,0,0,0,1,0,0,0,0,0,0,0,0,0
0,MC,0,0,2,0,0,0,0,0,0,0,0,3,0,0,0,0,0,2,0,0,0,0,0,0,0,0,0,0,0,0,0,0,0,0,0,0,0,0,1,0,0,0,0,0,0,0,188,0,0,0,0,0,0,0,0,0,0,0,0,0,0,1,0,0,0,29,0,0,0,3,0,71,0,0,0,0,0,0,0,0,0,0,0,0,0,0,0,0,0,0,0,0,0,0,0,0,0,0,0,0,27,0,23,415,415,0,0,0,0,0,0,1,0,2,125,447,0,47,10,7,0,19,0,39,0,0,0,64,10,5,0,0,55,0,28,2,16,20,20,77,3,0,18,1,171,19,0,9,0,117,17,42,3,19,0,177,1,0,1,0,7,0,0,117,5,0,0,0,0,0,6,5,2,92,0,53,0,2,0,0,4,0,13,0,0,0,0,24,0,0,0,0,104,0,1,0,2,0,0,158,0,0,0,0,0,169,0,7,0,53,0,0,0,0,0,0,1,59,0,0,3,0,0,0,0,1,0,0,0,415,0,0,0,7,0,0,0,0,0,0,32,0,3,1,0,3,3,32,0,3,0,0,0,0,0,2,0,0,0,0,0,0,6,0,0,0,0,0,0,2,1,0
0,MC,0,0,0,0,0,0,0,0,0,0,0,0,0,0,0,0,0,0,0,0,0,0,0,0,0,0,0,0,0,0,0,0,0,0,0,0,0,0,1,0,0,0,0,0,0,0,0,0,0,0,0,0,0,0,0,0,0,0,0,0,0,0,0,0,0,0,0,0,0,0,1,0,0,0,0,0,0,0,0,0,0,0,0,0,0,0,0,0,0,0,0,0,0,0,0,0,0,0,0,0,15,0,2,0,0,0,0,0,0,0,0,0,0,0,4,77,0,0,0,1,0,0,0,0,0,0,0,4,0,0,0,0,3,0,1,0,0,1,6,0,0,0,1,0,44,0,0,0,0,0,0,0,0,1,1,6,0,0,0,0,2,0,0,0,1,0,0,0,0,2,0,6,0,3,0,0,0,0,0,0,0,0,0,0,0,0,0,0,0,0,0,0,0,0,0,0,0,0,0,0,0,0,0,0,0,0,0,0,0,0,0,0,0,0,0,0,0,0,0,0,0,0,0,0,0,0,0,0,0,0,0,0,0,0,0,0,0,0,0,0,0,0,0,0,0,0,0,0,0,0,0,0,0,0,0,0,0,0,0,0,0,0,0,0,0,0,0,0,0,0,0,0
0,MC,0,0,2,23,0,0,0,0,0,0,1,5,0,0,0,0,0,2,0,0,0,0,0,0,0,0,0,0,0,0,0,0,0,0,0,0,1,0,4,0,0,0,0,0,0,0,0,0,0,0,0,0,0,0,0,0,0,0,0,0,0,0,0,3,3,5,0,0,0,1,0,35,0,0,0,0,0,0,0,0,0,0,0,0,0,0,0,0,0,0,0,0,0,0,0,0,0,0,0,0,26,7,40,1,1,0,0,0,0,0,0,0,1,2,77,382,0,91,0,9,0,40,1,0,0,0,0,24,14,6,4,0,29,0,51,0,2,55,42,124,3,0,44,0,337,41,0,22,0,69,12,88,14,9,3,96,0,0,51,0,9,1,0,71,10,0,6,0,0,0,7,12,5,33,2,82,1,0,0,0,0,0,0,0,0,0,0,0,0,0,0,0,0,0,1,0,0,0,0,0,0,0,0,0,0,22,0,0,0,0,0,0,0,1,0,0,9,34,0,6,0,0,0,0,0,5,0,0,1,1,0,0,0,3,0,0,0,0,0,0,0,0,0,0,0,0,0,0,0,0,0,0,13,0,0,0,0,0,0,0,0,0,7,0,0,0,0,0,0,0,1,0
0,MC,0,0,2,115,3,0,0,0,0,0,1,24,0,0,0,0,1,22,0,0,0,0,0,0,0,0,0,0,0,0,0,0,0,0,0,0,9,0,7,0,0,0,0,0,0,0,0,0,0,4,0,0,0,0,0,0,2,0,4,0,0,4,0,0,0,69,14,0,0,11,2,511,0,0,0,0,0,0,0,0,0,0,0,0,0,0,0,0,0,0,0,0,0,0,0,0,0,0,1,0,230,7,85,0,0,2,0,0,0,2,1,0,0,48,300,3600,3,352,10,324,2,64,1,60,4,0,0,69,47,56,141,148,196,0,96,6,19,233,230,2306,5,450,30,0,378,283,81,4,15,334,314,2328,10,71,5,1268,0,0,288,60,518,21,0,257,78,0,0,14,0,4,17,33,62,497,2,175,61,0,0,0,1,0,1,0,0,0,0,116,0,0,0,0,30,8,18,0,0,0,0,0,0,0,1,0,4,3,1,0,0,3,6,23,0,2,0,0,14,1290,1,5,0,0,0,0,4,1,0,0,0,0,0,0,0,98,0,0,0,0,0,0,0,0,0,0,0,0,0,0,0,0,0,0,5,0,0,0,0,0,0,0,0,0,18,0,0,0,0,0,0,0,1,0
0,MC,0,0,0,1,0,1,0,0,0,0,0,0,0,0,0,0,0,1,0,0,0,0,0,0,0,0,0,0,0,0,0,0,0,0,0,0,0,0,0,0,0,0,0,0,0,0,0,0,0,0,0,0,0,0,0,0,0,0,2,0,0,0,0,0,0,1,0,0,2,3,1,1,0,0,0,0,0,1,0,0,0,0,0,0,0,0,0,0,0,0,0,0,0,0,0,0,0,0,0,0,30,2,10,0,0,0,0,0,0,0,0,0,0,2,25,186,0,0,17,2,0,10,0,0,0,1,0,0,1,0,0,0,7,0,10,0,0,25,9,16,0,2,6,0,107,19,0,0,0,0,1,33,0,9,1,27,0,0,0,0,1,0,0,0,13,0,0,0,0,2,1,4,4,3,0,0,0,0,0,0,0,0,0,0,0,0,0,0,0,0,0,0,0,0,0,0,0,0,0,0,0,0,0,0,0,0,0,0,0,0,0,0,0,0,0,0,0,16,0,3,0,0,0,0,0,1,0,1,0,0,0,0,2,0,0,1,0,0,0,0,0,0,0,0,0,0,0,0,0,0,0,0,0,0,0,0,0,0,0,0,0,0,1,0,0,0,0,0,0,0,0,0
0,MC,0,0,0,177,7,0,0,0,0,0,0,0,0,0,0,0,0,20,0,0,0,0,0,0,0,0,0,0,0,0,0,0,0,0,0,0,0,0,4,0,0,0,0,0,0,0,0,0,0,0,6,0,0,0,0,0,0,0,125,0,0,0,0,0,0,46,17,0,0,12,1,186,0,0,0,0,0,0,0,0,0,0,0,0,0,0,0,0,0,0,0,0,0,0,0,0,0,0,0,0,105,0,42,0,0,52,0,0,0,0,0,0,0,12,13,3042,4,151,141,210,0,47,1,0,5,0,0,39,69,216,62,224,2,0,81,14,126,86,176,1814,0,441,10,1,122,72,14,21,24,129,500,2132,0,51,4,1291,1,0,40,16,189,20,0,97,91,0,0,8,0,2,29,10,72,274,0,32,4,0,0,0,0,0,0,0,0,0,0,237,0,0,0,0,6,0,7,0,0,0,0,0,0,0,0,0,0,17,0,0,0,1,0,0,0,0,0,0,0,919,0,0,0,0,0,0,5,1,0,0,0,0,0,0,0,112,0,0,0,0,0,0,0,0,0,0,0,0,0,0,0,0,0,0,0,0,0,0,0,0,0,0,0,0,20,0,0,0,0,0,0,0,0,0
0,MC,0,0,0,0,0,0,0,0,0,0,0,0,0,0,0,0,0,0,0,0,0,0,0,0,0,0,0,0,0,0,0,0,0,0,0,0,0,0,0,0,0,0,0,0,0,0,0,0,0,0,0,0,0,0,0,0,0,0,0,0,0,0,0,0,0,0,0,0,0,0,1,0,0,0,0,0,0,0,0,0,0,0,0,0,0,0,0,0,0,0,0,0,0,0,0,0,0,0,0,0,4,0,11,0,0,0,0,0,0,0,0,0,0,0,2,84,0,0,0,0,0,11,0,0,0,0,0,50,0,0,0,0,0,0,11,0,0,47,37,0,0,0,0,0,134,11,0,0,0,0,0,0,0,0,0,15,0,0,0,0,0,0,0,0,0,0,0,0,0,2,0,44,0,1,0,779,0,0,0,0,0,0,0,0,0,0,0,0,0,0,0,0,0,0,0,0,0,0,0,0,0,0,0,0,0,0,0,0,0,0,0,0,0,0,0,0,0,0,0,0,0,0,0,0,0,1,0,0,0,0,0,0,0,0,0,0,0,0,0,0,0,0,0,0,0,0,0,0,0,0,11,0,0,0,0,0,0,0,0,0,0,0,0,0,0,0,0,0,0,0,0,0
0,MC,0,0,0,1,0,0,0,0,0,0,0,0,0,0,0,0,0,4,0,0,0,0,0,0,0,0,0,0,0,0,0,0,0,0,0,0,0,0,1,0,0,0,0,0,0,0,0,0,0,0,0,0,0,0,0,0,0,0,0,0,0,0,0,0,0,1,0,0,0,0,4,2,0,0,0,0,0,0,0,0,0,0,0,0,0,0,0,0,0,0,0,0,0,0,0,0,0,0,0,0,12,0,3,0,0,0,1,0,0,0,0,0,0,0,15,135,0,0,0,1,0,1,0,2,0,0,0,0,3,0,2,0,11,0,4,7,3,2,12,37,0,0,4,0,44,1,0,0,0,0,15,50,0,4,0,32,0,0,0,0,1,0,0,0,3,0,0,0,0,2,3,0,2,9,0,0,0,0,0,0,0,0,0,0,0,0,0,0,0,0,0,0,1,0,0,0,0,0,0,0,0,0,0,0,0,0,0,0,0,3,0,0,0,0,0,0,0,10,0,0,0,0,0,0,0,1,0,0,0,0,0,0,0,0,0,0,0,0,0,0,0,0,0,0,0,0,0,0,0,0,0,0,0,0,0,0,0,0,0,0,0,0,1,0,0,0,0,0,0,0,0,0
0,MC,0,0,2,80,12,0,0,0,0,0,0,1,0,0,0,0,0,5,0,0,0,0,0,0,0,0,0,0,0,0,0,0,0,0,0,0,0,0,16,0,0,0,0,1,0,0,0,0,0,0,2,0,0,0,0,0,0,0,0,0,0,0,0,0,0,16,0,1,0,5,1,58,0,1,0,0,0,0,0,0,0,0,0,0,0,0,0,0,0,0,0,0,0,0,0,0,0,0,0,0,40,0,44,21,21,0,0,0,0,0,0,0,0,14,94,1519,0,93,8,86,0,46,0,0,0,0,0,43,19,93,138,5,7,0,63,6,5,86,88,2497,5,64,57,0,610,92,48,23,0,93,34,3621,0,56,8,1765,0,0,12,22,81,3,0,4,44,0,0,9,0,0,1,5,8,115,0,2,22,0,0,0,0,0,0,0,0,0,0,3,0,0,0,0,431,0,377,0,0,15,0,0,0,0,0,0,0,111,0,0,0,30,0,376,0,0,0,0,0,1028,46,0,0,0,9,0,0,1,0,0,0,21,0,0,0,44,10,0,0,0,0,0,0,0,0,0,0,0,0,0,0,0,0,0,0,0,0,0,0,0,0,0,0,0,5,0,0,0,0,0,0,0,0,0
0,MC,0,0,2,7,0,0,0,0,0,0,0,3,0,0,0,0,0,3,0,3,0,0,0,0,0,0,0,0,0,0,0,0,0,0,0,0,1,0,0,0,0,0,0,0,0,0,0,0,0,0,5,0,0,0,0,0,0,0,146,0,0,0,0,2,1,33,0,0,5,23,0,3,0,0,0,0,0,1,0,0,0,0,0,0,0,0,0,0,0,0,0,0,0,0,0,0,0,0,1,0,21,0,25,176,176,1,0,0,0,0,0,0,0,22,96,259,0,5,0,2,0,24,0,0,6,0,0,0,15,4,135,58,9,15,3623,6,4,24,26,118,3,17,19,30,238,66,0,0,9,4,7,125,0,8,1,95,0,0,1,0,3,17,0,0,15,0,0,0,16,0,4,3586,22,9,0,0,0,0,0,0,0,0,0,0,0,0,0,21,0,0,0,0,2432,0,1692,0,3,0,0,155,0,0,0,1,0,758,0,0,0,701,0,11,0,0,1,0,0,80,0,3,0,0,0,0,0,1,0,6,1,167,0,0,0,94,0,0,0,0,0,0,0,1,0,0,0,0,0,0,0,0,0,0,22,0,0,0,0,0,0,0,0,0,6,0,0,0,0,0,0,0,0,0
0,MC,0,0,2,5,0,0,0,0,0,0,0,0,0,0,0,0,0,1,0,0,0,0,0,0,0,0,0,0,0,0,0,0,0,0,0,0,0,0,3,0,0,0,0,0,0,0,0,0,0,0,1,0,0,0,0,0,0,0,0,0,0,0,0,0,0,9,0,0,0,3,0,27,0,0,0,0,1,0,0,0,0,0,0,0,0,0,0,0,0,0,0,0,0,0,0,0,0,0,0,0,13,0,10,0,0,2,1,0,0,0,0,0,0,10,29,336,0,13,0,52,0,20,0,0,0,0,0,16,7,4,135,0,4,0,29,6,3,32,18,133,3,48,23,0,202,19,0,1,0,16,5,165,0,4,0,167,0,0,1,0,52,0,0,1,13,0,0,0,0,0,4,5,5,62,0,0,0,0,0,0,0,0,0,0,0,0,0,2,0,0,0,0,0,0,0,0,0,0,0,0,0,0,0,0,0,6,0,0,0,0,0,0,0,0,0,0,0,71,8,0,0,0,0,0,0,0,0,0,0,0,0,0,0,26,0,0,0,0,0,0,0,0,0,0,0,0,0,0,0,0,0,0,0,0,0,0,0,0,0,0,0,0,3,0,0,0,0,0,0,0,0,0
0,MC,0,0,2,51,0,0,0,0,0,0,0,1,0,0,0,0,0,1,0,0,0,0,0,0,0,0,0,0,0,0,0,0,0,0,0,0,1,0,7,0,0,0,0,0,0,0,0,0,0,0,1,2,0,0,0,0,0,0,0,0,0,0,0,4,5,19,0,1,0,4,0,32,0,0,0,0,0,0,0,0,0,0,0,0,0,1,0,0,0,0,0,1,0,0,0,0,0,0,0,0,59,0,18,0,0,0,0,0,0,0,0,0,0,2,80,892,0,113,0,13,0,24,3,0,0,0,0,85,24,7,135,0,12,0,40,0,4,51,46,490,3,0,35,0,343,45,6,0,0,33,34,378,20,11,8,612,0,0,12,22,11,0,0,1,7,0,1,0,0,6,0,6,21,50,0,3,22,0,1,0,0,0,0,0,0,0,0,6,0,0,0,0,27,0,5,0,2,0,0,0,0,0,0,0,3,27,0,0,19,24,0,1,0,2,0,0,25,117,0,0,0,0,0,0,0,3,0,0,3,0,0,0,0,32,0,0,0,0,0,0,0,1,0,0,0,0,0,0,0,0,0,0,0,0,0,1,0,0,0,0,0,0,8,0,0,0,0,1,0,1,1,0
0,MC,0,0,2,9,0,0,0,0,0,0,0,0,0,0,0,0,0,3,0,1,0,0,0,0,0,0,0,0,0,0,0,0,0,0,0,0,0,0,0,0,0,0,0,0,0,0,0,0,0,0,0,0,0,0,0,0,0,0,2,0,0,0,0,0,0,9,0,1,0,8,1,43,0,0,0,0,0,0,0,0,0,0,0,0,0,0,0,0,0,0,0,0,0,0,0,0,0,0,0,0,46,0,18,0,0,0,0,0,0,0,0,0,0,4,51,570,0,3,122,6,0,12,0,1,0,1,0,0,6,5,135,0,10,0,15,6,5,23,126,135,3,0,10,0,238,25,0,0,0,54,2,297,0,12,4,259,0,0,1,0,32,0,0,0,12,0,0,0,0,2,2,15,5,53,0,26,0,0,0,0,0,0,0,0,0,0,0,1,2,167,0,0,4,0,2,0,1,0,0,0,0,0,0,0,0,3,0,0,0,1,0,0,0,0,0,0,0,63,0,0,0,0,0,0,0,0,0,1,0,0,0,0,0,12,0,1,0,0,0,0,0,0,0,0,0,0,0,0,0,0,0,0,0,0,0,0,0,0,0,0,0,0,4,0,0,0,0,0,0,0,1,0
0,MC,0,0,2,4,0,0,0,0,0,0,0,0,0,0,0,0,0,7,0,0,0,0,0,0,0,0,0,0,0,0,0,0,0,0,0,0,0,0,1,0,0,0,0,0,0,0,0,0,0,0,1,1,0,0,0,0,0,0,0,0,0,0,0,0,0,70,0,0,0,3,0,29,0,0,0,0,0,0,1,0,0,1,0,1,0,1,0,1,0,0,0,0,0,0,1,0,11,0,0,0,29,2,50,0,0,0,0,0,0,0,0,1,0,0,49,300,0,24,5,11,0,23,1,6,0,0,0,14,9,17,143,0,2,0,35,4,20,31,41,229,3,4,26,3,321,189,0,20,0,3,7,260,0,16,9,430,3,0,1,0,9,0,0,2,32,0,0,8,0,0,5,4,2,51,0,5,0,0,0,0,0,0,0,0,0,0,0,50,0,0,0,0,0,0,0,0,0,0,0,0,0,0,0,0,0,0,0,0,0,0,0,0,0,0,0,0,0,151,0,0,10,0,0,0,0,0,0,1,0,0,0,0,0,9,0,0,0,0,0,0,0,1,0,0,0,1,0,0,1,0,0,0,0,0,0,4,0,0,0,0,0,0,3,0,0,0,0,1,0,4,1,0
0,MC,0,0,0,0,0,0,0,0,0,0,0,0,0,0,0,0,0,0,0,0,0,0,0,0,0,0,0,0,0,0,0,0,0,0,0,0,0,0,0,0,0,0,0,0,0,0,0,0,0,0,0,0,0,0,0,0,0,0,0,0,0,0,0,0,0,0,0,0,0,0,1,0,0,0,0,0,0,0,0,0,0,0,0,0,0,0,0,0,0,0,0,0,0,0,0,0,0,0,0,0,7,0,0,0,0,0,0,0,0,0,0,0,0,0,0,61,0,0,0,0,0,0,0,0,0,0,0,4,0,0,0,0,0,0,0,0,0,3,3,0,0,0,0,0,2,1,0,0,0,0,0,0,0,0,0,2,0,0,0,0,0,0,0,0,0,0,0,0,0,2,0,0,0,1,0,0,0,0,0,0,0,0,0,0,0,0,0,0,0,0,0,0,0,0,0,0,0,0,0,0,0,0,0,0,0,0,0,0,0,0,0,0,0,0,0,0,0,0,0,0,0,0,0,0,0,0,0,0,0,0,0,0,0,0,0,0,0,0,0,0,0,0,0,0,0,0,0,0,0,0,0,0,0,0,0,0,0,0,0,0,0,0,0,0,0,0,0,0,0,0,0,0
0,MC,0,0,0,0,0,0,0,0,0,0,0,0,0,0,0,0,0,0,0,0,0,0,0,0,0,0,0,0,0,0,0,0,0,0,0,0,0,0,1,0,0,0,0,0,0,0,0,0,0,0,0,0,0,0,0,0,0,0,0,0,0,0,0,0,0,0,0,0,0,0,1,0,0,0,0,0,0,0,0,0,0,0,0,0,0,0,0,0,0,0,0,0,0,0,0,0,0,0,0,0,11,0,2,0,0,0,0,0,0,0,0,0,0,2,2,93,0,0,0,0,0,3,0,0,0,0,0,0,0,0,0,0,1,0,4,0,0,4,7,1,0,0,4,0,75,5,0,0,0,0,0,1,0,1,1,7,0,0,0,0,0,0,0,0,4,0,0,0,0,2,0,5,0,0,0,0,0,0,0,0,0,0,0,0,0,0,0,0,0,0,0,0,1,0,0,0,0,0,0,0,0,0,0,0,2,1,0,0,1,1,0,0,0,0,0,0,0,0,0,0,0,0,0,0,0,1,0,0,0,0,0,0,0,0,0,0,0,0,0,0,0,0,0,0,0,0,0,0,0,0,0,0,0,0,0,0,0,0,0,0,0,0,0,0,0,0,0,0,0,0,0,0
0,MC,0,0,4,319,6,11,0,0,0,0,0,4,0,0,0,0,0,24,0,0,0,0,0,0,0,0,0,0,0,0,0,0,0,0,0,0,4,0,27,0,0,0,0,0,0,0,0,0,0,1,10,1,0,0,0,0,8,0,162,0,0,0,0,0,0,110,27,1,0,17,2,1514,0,0,0,0,0,0,0,0,0,0,0,0,0,0,0,0,0,0,0,0,0,0,0,0,2,0,0,0,246,2,122,1,1,0,0,0,0,0,0,0,0,40,420,13660,7,455,119,916,0,124,1,0,21,0,2,159,250,144,315,198,265,0,272,13,158,374,1182,12844,11,1157,177,1,1220,286,124,18,71,470,655,2026,0,187,22,8273,0,0,172,106,1645,16,0,279,292,0,13,127,0,2,45,31,216,1628,0,317,106,0,0,0,0,0,0,0,0,0,0,282,0,0,0,0,302,0,247,0,4,0,0,0,576,0,0,0,0,178,0,0,0,47,0,247,0,0,0,0,0,8807,0,6,0,0,12,0,21,2,0,3,1,1,0,0,0,274,0,3,0,0,0,0,0,1,0,0,0,0,0,0,0,0,0,0,0,0,0,1,0,0,0,0,0,0,53,0,0,0,0,1,0,1,2,0
0,MC,0,0,0,27,0,0,0,0,0,0,0,0,0,0,0,0,0,0,0,0,0,0,0,0,0,0,0,0,0,0,0,0,0,0,0,0,0,0,1,0,0,0,0,0,0,0,0,0,0,0,0,0,0,0,0,0,0,0,0,0,0,0,0,0,0,4,0,0,0,0,1,15,0,0,0,0,0,0,0,0,0,0,0,0,0,0,0,0,0,0,0,0,0,0,0,0,0,0,0,0,21,0,8,0,0,0,0,0,0,0,0,0,0,2,90,333,0,8,3,5,0,11,0,0,0,0,0,0,1,10,44,0,33,0,20,0,0,9,27,464,0,2,24,0,228,14,0,5,0,2,10,299,0,1,5,495,0,0,0,0,6,0,0,0,16,0,0,1,0,2,0,1,4,21,0,0,0,0,0,0,0,0,0,0,0,0,0,0,0,0,0,0,0,0,0,0,0,0,0,0,5,0,0,0,0,0,0,0,0,0,0,0,0,0,0,0,0,119,0,0,0,0,0,0,0,0,0,0,1,0,0,0,0,0,0,0,0,0,0,0,0,0,0,0,0,0,0,0,0,0,0,0,0,0,0,0,0,0,0,0,0,0,1,0,0,0,0,0,0,0,0,0
0,MC,0,0,2,0,0,0,0,0,0,0,0,2,0,0,0,0,0,2,0,0,0,0,0,0,0,0,0,0,0,0,0,0,0,0,0,0,3,0,1,0,0,0,0,0,0,0,0,0,0,0,0,0,0,0,0,0,0,0,0,0,0,1,0,0,0,11,0,0,0,2,1,104,0,0,0,0,0,0,0,0,0,0,0,0,0,0,0,0,0,0,0,0,0,0,0,0,0,0,3,0,37,0,19,0,0,0,0,0,0,0,0,0,0,2,112,239,1,20,0,6,0,15,0,55,0,0,0,6,7,5,135,0,72,0,23,0,6,13,15,21,3,0,16,1,158,28,0,1,0,2,4,2,2,7,0,40,1,0,1,0,7,0,0,0,3,0,0,0,0,2,2,8,4,40,0,20,0,0,0,0,0,0,0,0,1,0,0,1,0,0,0,0,1,2,0,0,0,0,0,0,0,0,0,0,2,0,0,0,1,0,0,0,0,0,0,0,0,17,0,0,0,0,0,0,0,1,0,0,0,0,0,0,0,11,0,0,0,0,0,0,1,2,0,1,1,1,0,0,0,0,0,0,0,0,0,4,0,1,0,0,0,0,9,0,0,0,0,0,0,5,1,0
0,MC,0,0,2,72,4,0,0,0,0,0,0,1381,0,0,0,0,0,2,0,0,1106,2,2,0,0,0,0,0,0,0,1094,2,0,0,0,0,2,0,11,0,0,0,0,0,0,0,0,0,0,6,0,0,0,0,0,0,7,0,7,0,0,6,0,0,0,101,6,0,0,12,2,2301,0,0,0,0,0,0,0,0,0,0,0,0,0,0,0,0,0,0,0,0,0,0,0,0,0,0,0,0,5968,7,1202,0,0,0,0,0,0,0,0,0,0,35,357,10703,3,952,106,333,2,1199,1,243,14,0,0,55,93,38,135,36,173,0,1296,0,24,6129,257,2554,8,448,72,0,7163,3199,74,3,55,280,118,2343,29,59,1,1512,0,0,3685,18,870,2,0,1909,1192,0,0,127,0,2,5,1152,117,647,2,3846,19,6,0,0,0,0,0,0,0,68,0,110,0,0,0,0,2366,0,2301,0,0,0,0,0,0,0,0,0,0,130,0,0,0,66,0,2298,0,0,0,0,1160,1689,1,8,0,0,0,0,14,1,0,0,0,0,0,0,0,69,0,0,0,0,0,0,0,3,0,0,0,0,0,0,0,0,0,0,9,0,0,0,0,0,0,0,0,0,64,0,0,0,0,0,0,0,8,0
0,MC,0,0,0,0,0,0,0,0,0,0,0,0,0,0,0,0,0,0,0,0,0,0,0,0,0,0,0,0,0,0,0,0,0,0,0,0,0,0,0,0,0,0,0,0,0,0,0,0,0,0,0,0,0,0,0,0,0,0,0,0,0,0,0,0,0,0,0,0,0,0,1,0,0,0,0,0,0,0,0,0,0,0,0,0,0,0,0,0,0,0,0,0,0,0,0,0,0,0,0,0,7,0,0,0,0,0,0,0,0,0,0,0,0,2,2,54,0,0,0,0,0,1,0,0,0,0,0,4,0,0,0,0,0,0,1,0,0,1,3,0,0,0,0,0,2,0,0,0,0,1,0,0,0,0,0,3,0,0,0,0,0,0,0,0,0,0,0,0,0,2,0,2,0,1,0,0,0,0,0,0,0,0,0,0,0,0,0,0,0,0,0,0,0,0,0,0,0,0,0,0,0,0,0,0,0,0,0,0,0,0,0,0,0,0,0,0,0,0,0,0,0,0,0,0,0,1,0,0,0,0,0,0,0,1,0,0,0,0,0,0,0,0,0,0,0,0,0,0,0,0,0,0,0,0,0,0,0,0,0,0,0,0,1,0,0,0,0,0,0,0,0,0
0,MC,0,0,4,18,0,0,0,0,0,0,0,1,0,0,0,0,0,0,0,0,0,0,0,0,0,0,0,0,0,0,0,0,0,0,0,0,1,0,3,0,4,0,0,0,0,0,0,0,0,0,0,0,0,0,0,0,0,0,0,0,0,0,0,2,2,6,0,2,3,3,2,16,0,0,0,0,0,0,0,0,0,0,0,0,0,0,0,0,0,0,0,0,0,0,0,0,0,0,0,0,82,14,33,1,1,0,0,0,0,0,0,0,0,11,109,476,0,29,0,5,0,24,2,1,3,0,0,26,12,0,0,0,17,0,31,0,3,49,54,144,3,0,15,0,195,23,0,0,0,19,5,151,12,9,6,122,0,0,11,0,6,2,0,9,4,0,3,0,0,4,1,20,9,21,4,1,1,0,0,0,0,0,0,0,0,0,0,2,0,0,0,0,1,0,0,0,0,0,0,0,0,0,0,0,0,25,0,0,0,2,0,0,0,1,0,0,10,18,0,0,0,0,0,0,1,1,0,0,1,1,0,0,0,7,0,0,0,0,0,0,0,0,0,0,0,0,0,0,0,0,0,0,0,0,0,0,0,0,0,0,0,0,4,0,0,0,0,0,0,0,1,0
0,MC,0,0,0,0,0,0,0,0,0,0,0,0,0,0,0,0,0,0,0,0,0,0,0,0,0,0,0,0,0,0,0,0,0,0,0,0,0,0,1,0,0,0,0,0,0,0,0,0,0,0,0,0,0,0,0,0,0,0,0,0,0,0,0,0,0,0,0,0,0,0,1,0,0,0,0,0,0,0,0,0,0,0,0,0,0,0,0,0,0,0,0,0,0,0,0,0,0,0,0,0,14,2,2,0,0,0,0,0,0,0,0,0,0,2,4,92,0,0,0,0,0,3,0,0,0,0,0,0,0,0,0,0,2,0,5,0,0,10,14,6,0,0,3,0,46,2,0,0,0,1,1,7,0,2,0,12,0,0,0,0,0,0,0,0,4,0,0,0,0,2,0,2,0,0,0,0,0,0,0,0,0,0,0,0,0,0,0,0,0,0,0,0,0,0,0,0,0,0,0,0,0,0,0,0,0,0,0,0,0,0,0,0,0,0,0,0,0,3,0,0,0,0,0,0,0,1,0,0,0,0,0,0,0,1,0,0,0,0,0,0,0,0,0,0,0,0,0,0,0,0,0,0,0,0,0,0,0,0,0,0,0,0,1,0,0,0,0,0,0,0,0,0
0,MC,0,0,0,0,0,0,0,0,0,0,0,0,0,0,0,0,0,0,0,0,0,0,0,0,0,0,0,0,0,0,0,0,0,0,0,0,0,0,1,0,0,0,0,0,0,0,0,0,0,0,0,0,0,0,0,0,0,0,0,0,0,0,0,0,0,0,0,0,0,0,1,0,0,0,0,0,0,0,0,0,0,0,0,0,0,0,0,0,0,0,0,0,0,0,0,0,0,0,0,0,5,0,1,0,0,0,0,0,0,0,0,0,0,0,0,67,0,0,0,0,0,1,0,0,0,0,0,0,0,0,0,0,0,0,2,0,0,2,6,0,0,0,2,0,21,1,0,0,0,0,1,0,0,0,0,6,0,0,0,0,0,0,0,0,2,0,0,0,0,2,0,0,0,3,0,0,0,0,0,0,0,0,0,0,0,0,0,0,0,0,0,0,0,0,0,0,0,0,0,0,0,0,0,0,0,0,0,0,0,0,0,0,0,0,0,0,0,0,0,0,0,0,0,0,0,0,0,0,0,0,0,0,0,0,0,0,0,0,0,0,0,0,0,0,0,0,0,0,0,0,0,0,0,0,0,0,0,0,0,0,0,0,0,0,0,0,0,0,0,0,0,0
0,MC,0,0,0,0,0,0,0,0,0,0,0,0,0,0,0,0,0,0,0,0,0,0,0,0,0,0,0,0,0,0,0,0,0,0,0,0,0,0,0,0,0,0,0,0,0,0,0,0,0,0,0,0,0,0,0,0,0,0,0,0,0,0,0,0,0,0,0,0,0,0,1,0,0,0,0,0,0,0,0,0,0,0,0,0,0,0,0,0,0,0,0,0,0,0,0,0,0,0,0,0,5,0,0,0,0,0,0,0,0,0,0,0,0,0,1,49,0,0,0,0,0,0,0,0,0,0,0,0,0,0,0,0,0,0,0,0,0,0,2,0,0,0,0,0,2,0,0,0,0,0,0,0,0,0,0,2,0,0,0,0,0,0,0,0,0,0,0,0,0,2,0,0,0,0,0,0,0,0,0,0,0,0,0,0,0,0,0,0,0,0,0,0,0,0,0,0,0,0,0,0,0,0,0,0,0,0,0,0,0,0,0,0,0,0,0,0,0,0,0,0,0,0,0,0,0,0,0,0,0,0,0,0,0,0,0,0,0,0,0,0,0,0,0,0,0,0,0,0,0,0,0,0,0,0,0,0,0,0,0,0,0,0,1,0,0,0,0,0,0,0,0,0
0,MC,0,0,0,0,0,0,0,0,0,0,0,0,0,0,0,0,0,1,0,0,0,0,0,0,0,0,0,0,0,0,0,0,0,0,0,2,0,0,0,0,0,0,0,0,0,6,0,0,0,0,0,0,0,0,0,0,0,0,0,0,0,0,0,0,0,0,0,45,1,0,2,2,0,0,0,0,0,2,0,0,0,0,0,0,0,0,0,0,0,0,0,0,0,0,0,0,0,0,0,0,15,14,18,6,6,0,2,0,0,1,0,0,0,0,28,87,2,79,0,0,0,3,2,0,0,0,0,0,3,0,0,0,0,0,3,0,0,3,23,0,0,0,0,0,19,20,0,0,0,47,8,0,0,14,0,10,0,0,0,0,0,2,0,45,1,0,0,0,0,0,7,2,0,1,0,194,4,0,0,0,0,0,0,0,0,0,0,0,0,0,0,0,2,0,0,0,0,0,0,0,0,0,0,0,1,1,0,0,1,1,0,0,0,0,0,0,0,0,0,2,4,0,0,0,0,3,0,0,0,6,0,0,0,0,0,0,0,0,0,0,0,0,0,0,0,0,0,0,0,0,0,0,0,0,0,0,0,0,0,0,0,0,0,0,0,0,0,0,0,0,0,0
0,MC,0,0,0,0,0,0,0,0,0,0,0,0,0,0,0,0,0,1,0,0,0,0,0,0,0,0,0,0,0,0,0,0,0,0,0,0,0,0,0,0,0,0,0,0,0,0,0,0,0,0,0,0,0,0,0,0,0,0,0,0,0,0,0,0,0,1,0,0,0,4,1,0,0,0,0,0,0,0,0,0,0,0,0,0,0,0,0,0,0,0,0,0,0,0,0,0,0,0,0,0,16,0,9,0,0,0,0,0,0,0,0,0,0,2,46,103,0,2,0,1,0,5,0,0,0,0,0,0,0,4,135,1,17,0,8,0,0,9,8,8,0,0,5,0,67,10,0,0,0,2,2,10,0,0,0,33,0,0,1,0,1,0,0,0,3,0,0,0,0,2,1,2,2,3,0,0,0,0,0,0,0,0,0,0,0,0,0,0,0,0,0,0,0,0,0,0,0,0,0,0,0,0,0,0,0,0,0,0,0,0,0,0,0,0,0,0,0,7,0,0,0,0,0,0,0,0,0,0,0,0,0,0,2,11,0,0,0,0,0,0,0,0,0,0,0,0,0,0,0,0,0,0,0,0,0,0,0,0,0,0,0,0,2,0,0,0,0,0,0,0,0,0
0,MC,0,0,0,0,0,0,0,0,0,0,0,0,0,0,0,0,0,0,0,0,1,0,0,0,0,0,0,0,0,0,1,0,0,0,0,0,0,0,0,0,0,0,0,0,0,0,0,0,0,0,0,0,0,0,0,0,0,0,0,0,0,0,0,3,3,0,0,0,0,0,0,1,0,0,0,0,0,0,0,0,0,0,0,0,0,0,0,0,0,0,0,0,0,0,0,0,0,0,0,0,4,0,11,0,0,1,0,0,0,0,0,0,0,0,40,187,0,109,0,0,0,9,1,0,0,0,0,23,7,0,0,0,0,0,8,0,0,14,16,0,0,0,3,0,23,21,0,0,0,126,6,0,3,9,0,11,0,0,14,0,0,1,0,0,1,0,0,0,0,0,4,4,0,3,2,2,1,0,0,0,0,0,0,0,0,0,0,0,0,0,0,0,5,0,0,0,0,0,0,0,4,0,0,0,0,9,1,0,0,2,0,0,0,0,0,0,1,0,0,1,0,0,0,0,0,2,0,0,0,0,0,0,0,0,0,0,0,0,0,0,0,0,0,0,0,0,0,0,0,0,1,0,0,0,0,0,0,0,0,0,0,0,4,0,0,0,0,0,0,0,0,0
0,MC,0,0,0,0,0,0,0,0,0,0,0,0,0,0,0,0,0,0,0,0,0,0,0,0,0,0,0,0,0,0,0,0,0,0,0,0,0,0,0,0,0,0,0,0,0,0,0,0,0,0,0,0,0,0,0,0,0,0,0,0,0,0,0,0,0,0,0,0,0,0,1,0,0,0,0,0,0,0,0,0,0,0,0,0,0,0,0,0,0,0,0,0,0,0,0,0,0,0,0,0,4,0,3,0,0,0,0,0,0,0,0,0,0,0,0,50,0,0,0,0,0,1,0,0,0,0,0,4,0,0,0,0,0,0,1,0,0,1,2,0,0,0,1,0,11,1,0,1,0,0,1,0,0,0,0,2,0,0,0,0,0,0,0,0,1,0,0,0,0,2,0,0,0,1,0,19,0,0,0,0,0,0,0,0,0,0,0,0,0,0,0,0,0,0,0,0,0,0,0,0,0,0,0,0,0,0,0,0,0,0,0,0,0,0,0,0,0,0,0,0,0,0,0,0,0,1,0,0,0,0,0,0,0,0,0,0,0,0,0,0,0,0,0,0,0,0,0,0,0,0,0,0,0,0,0,0,0,0,0,0,0,0,0,0,0,0,0,0,0,0,0,0
0,MC,0,0,2,9,0,0,0,0,0,0,0,488,0,0,0,0,0,14,0,0,0,0,0,0,0,0,0,0,0,0,0,0,0,0,0,0,673,0,3,0,0,0,0,0,0,0,14,0,0,0,1,0,0,0,0,0,1,0,1,0,0,650,0,9,9,41,0,32,3,7,4,236,0,1,0,5,1,0,0,0,0,0,0,0,0,0,0,0,0,0,0,0,0,0,0,0,0,0,0,0,63,0,145,20,20,30,0,0,0,0,0,1,0,0,268,1745,16,751,4,9,0,46,0,2,0,0,0,39,19,7,135,1,115,0,57,3,10,316,108,356,9,3,26,1,286,730,4,16,0,66,43,200,21,16,9,657,1,0,82,16,13,0,0,755,7,0,0,0,0,2,19,23,26,360,0,796,16,0,0,0,1,0,1,0,0,0,0,94,0,0,0,0,39,0,0,0,0,0,0,15,0,0,1,0,0,133,0,2,0,36,0,0,0,58,0,0,58,152,0,24,0,1,0,0,0,2,0,0,0,18,0,0,0,20,0,0,0,0,0,0,6,0,6,0,0,6,6,6,12,0,0,0,0,0,0,2,0,0,0,0,0,0,4,0,0,0,0,0,0,2,1,0
0,MC,0,0,0,0,0,0,0,0,0,0,0,0,0,0,0,0,0,0,0,0,0,0,0,0,0,0,0,0,0,0,0,0,0,0,0,0,0,0,0,0,0,0,0,0,0,0,0,0,0,0,0,0,0,0,0,0,0,0,0,0,0,0,0,0,0,0,0,0,0,0,1,0,0,0,0,0,0,0,0,0,0,0,0,0,0,0,0,0,0,0,0,0,0,0,0,0,0,0,0,0,5,0,0,0,0,0,0,0,0,0,0,0,0,0,2,57,0,3,0,0,0,2,0,0,0,0,0,18,0,0,0,0,0,0,2,0,0,5,7,0,0,0,1,0,13,1,0,0,0,0,1,0,0,0,0,5,0,0,0,0,0,0,0,0,1,0,0,0,0,2,0,0,0,1,0,0,0,0,0,0,0,0,0,0,0,0,0,0,0,0,0,0,0,0,0,0,0,0,0,0,0,0,0,0,0,0,0,0,0,0,0,0,0,0,0,0,0,0,0,0,0,0,0,0,0,1,0,0,0,0,0,0,0,0,0,0,0,0,0,0,0,0,0,0,0,0,0,0,0,0,0,0,0,0,0,0,0,0,0,0,0,0,0,0,0,0,0,0,0,0,0,0
0,MC,0,0,2,0,0,0,0,0,0,0,0,0,0,0,0,0,0,0,0,0,0,0,0,0,0,0,0,0,0,0,0,0,0,0,0,0,0,0,1,0,0,0,0,0,0,0,0,0,0,0,0,0,0,0,0,0,0,0,0,0,0,0,0,0,0,4,0,0,0,2,0,5,0,0,0,0,0,1,0,0,0,0,0,0,0,0,0,0,0,0,0,0,0,0,0,0,0,0,0,0,7,0,13,0,0,0,0,0,0,0,0,0,0,2,18,107,0,2,0,7,0,20,0,0,0,0,0,0,1,4,135,0,4,0,30,0,1,25,28,16,3,0,24,0,228,38,0,0,0,3,4,18,0,5,1,48,0,0,1,0,5,0,0,0,14,0,0,4,0,0,3,3,2,9,0,0,0,0,0,0,0,0,0,0,0,0,0,1,0,0,0,0,8,0,0,0,0,0,0,4,0,0,0,0,5,4,1,0,0,24,0,0,0,0,0,0,0,14,0,0,0,0,0,0,0,1,0,0,0,0,0,0,0,15,0,0,0,0,0,0,0,0,0,0,0,0,0,0,0,0,0,0,0,0,0,0,0,0,0,0,0,0,3,0,0,0,0,0,0,0,0,0
0,MC,0,0,0,0,0,0,0,0,0,0,0,0,0,0,0,0,0,0,0,0,0,0,0,0,0,0,0,0,0,0,0,0,0,0,0,0,0,0,1,0,0,0,0,0,0,0,0,0,0,0,0,0,0,0,0,0,0,0,0,0,0,0,0,0,0,0,0,0,0,0,1,2,0,0,0,0,0,0,0,0,0,0,0,0,0,0,0,0,0,0,0,0,0,0,0,0,0,0,0,0,18,0,1,0,0,0,0,0,0,0,0,0,0,1,21,143,0,1,0,2,0,3,0,0,0,0,0,0,0,0,0,0,9,0,3,0,0,9,10,72,0,0,2,0,27,6,0,0,0,0,1,72,0,16,1,60,0,0,0,65,3,0,0,0,5,0,0,0,0,2,0,0,0,3,0,0,0,0,0,0,0,0,0,0,0,0,0,0,0,0,0,0,0,0,0,0,0,0,0,0,0,0,0,0,0,0,0,0,0,0,0,0,0,0,0,0,0,73,0,0,0,0,0,0,0,0,0,0,0,0,0,0,0,0,0,0,0,0,0,0,0,0,0,0,0,0,0,0,0,0,0,0,0,0,0,0,0,0,0,0,0,0,1,0,0,0,0,0,0,0,0,0
0,MC,0,1,0,48,1,0,0,0,0,0,0,0,0,0,0,0,0,3,0,0,0,0,0,0,0,0,0,0,0,0,0,0,0,0,0,0,0,0,2,0,0,0,0,0,0,43,0,0,0,0,2,1,0,0,0,0,0,0,5,0,0,0,0,2,2,13,0,0,1,4,1,24,0,0,0,0,1,1,0,0,0,0,0,0,0,0,0,0,0,0,0,0,0,0,0,0,0,0,0,0,44,0,49,70,70,0,0,0,0,0,0,0,0,13,343,810,0,33,61,5,0,34,1,0,1,0,0,16,11,116,135,18,99,0,43,12,5,86,49,1044,3,2,25,0,517,51,0,0,0,66,8,897,0,11,14,482,0,0,75,0,6,2,0,72,26,0,0,0,1,2,3,5,10,34,0,0,0,0,0,0,0,0,0,0,0,0,10,6,0,0,0,0,10,1,2,0,0,0,0,0,0,0,0,0,2,4,0,0,1,2,1,0,0,0,0,0,0,223,0,0,0,0,0,0,0,2,0,5,1,70,0,0,1,63,0,0,0,0,0,0,0,0,0,0,0,0,0,0,0,0,0,0,0,0,0,0,0,0,0,0,0,0,6,0,0,0,0,0,0,0,0,0
0,MC,0,0,0,0,0,0,0,0,0,0,0,0,0,0,0,0,0,0,0,0,0,0,0,0,0,0,0,0,0,0,0,0,0,0,0,0,0,0,0,0,0,0,0,0,0,0,0,0,0,0,0,0,0,0,0,0,0,0,0,0,0,0,0,0,0,0,0,0,0,0,1,0,0,0,0,0,0,0,0,0,0,0,0,0,0,0,0,0,0,0,0,0,0,0,0,0,0,0,0,0,5,0,6,0,0,0,0,0,0,0,0,0,0,0,6,63,0,0,0,0,0,0,0,0,0,0,0,10,0,0,0,0,1,0,0,0,1,3,4,3,0,0,0,0,26,2,0,0,0,0,3,3,0,0,0,6,0,0,0,0,0,0,0,0,0,0,0,0,0,2,0,6,0,2,0,64,0,0,0,0,0,0,0,0,0,0,0,0,0,0,0,0,0,0,0,0,0,0,0,0,0,0,0,0,0,0,0,0,0,0,0,0,0,0,0,0,0,3,0,0,0,0,0,0,0,0,0,0,0,0,0,0,0,0,0,0,0,0,0,0,0,0,0,0,0,0,0,0,0,0,0,0,0,0,0,0,0,0,0,0,0,0,1,0,0,0,0,0,0,0,0,0
0,MC,0,0,0,0,0,0,0,0,0,0,0,0,0,0,0,0,0,2,0,0,9,1,24,0,0,23,15,0,0,0,0,23,15,0,0,0,0,0,1,0,0,0,0,0,0,0,0,0,0,0,0,0,0,0,0,0,0,0,0,0,0,0,0,1,1,0,0,0,9,0,0,7,0,0,0,0,1,2,0,0,0,0,0,0,0,0,0,0,0,0,0,0,0,0,0,0,0,0,2,0,30,0,57,0,0,0,1,0,0,0,0,0,0,0,114,107,1,19,0,3,0,21,0,0,0,0,0,0,1,0,0,0,3,0,23,0,3,34,8,2,0,6,7,0,166,45,0,45,0,11,1,2,0,146,5,10,0,0,11,0,4,2,0,0,27,0,0,0,0,0,0,0,2,7,0,0,0,0,0,0,0,0,0,0,0,0,0,0,0,0,0,0,24,0,0,0,0,0,0,57,0,0,5,0,0,76,0,2,0,33,0,0,0,0,1,0,0,1,0,0,0,0,0,0,0,1,0,0,0,0,0,0,0,0,0,0,0,0,0,0,0,0,0,0,0,0,0,0,0,0,0,0,0,0,0,0,0,0,0,0,0,0,0,0,0,0,0,0,0,0,0,0
0,MC,0,0,0,0,0,0,0,0,0,0,0,0,0,0,0,0,0,3,0,0,0,0,0,0,0,0,0,0,0,0,0,0,0,0,0,0,0,0,1,0,0,0,0,0,0,0,0,0,0,0,0,0,0,0,0,0,0,0,0,0,0,0,0,1,1,0,0,0,9,0,0,8,0,0,0,1,1,3,0,0,0,0,0,0,0,0,0,0,0,0,0,0,0,0,0,0,0,0,3,0,67,0,37,0,0,0,0,0,0,0,0,0,0,0,71,107,1,24,0,3,0,16,0,0,0,0,0,11,5,0,0,0,2,0,18,5,6,33,19,10,0,6,6,0,108,61,0,6,0,6,2,0,7,66,1,22,0,0,7,0,4,2,0,2,10,0,0,0,0,1,0,0,3,9,0,5,0,0,0,0,0,0,0,0,0,0,0,0,0,0,0,0,30,0,0,0,0,0,0,56,0,0,3,0,0,48,0,2,0,40,0,0,0,0,1,0,6,7,0,0,0,0,0,0,0,1,0,0,0,0,0,0,0,0,0,0,8,0,0,0,0,0,0,0,0,0,0,0,0,0,0,0,0,0,0,0,0,0,0,0,0,0,4,0,0,0,0,0,0,0,0,0
0,MC,0,0,0,4,0,0,0,0,0,0,0,0,0,0,0,0,0,0,0,0,0,0,0,0,0,0,0,0,0,0,0,0,0,0,0,0,0,0,1,0,0,0,0,0,0,0,0,0,0,0,2,0,0,0,0,0,0,0,0,0,0,0,0,0,0,0,0,0,0,0,1,3,0,0,0,0,0,0,0,0,0,0,0,0,0,0,0,0,0,0,0,0,0,0,0,0,0,0,0,0,16,0,1,0,0,0,0,0,0,0,0,0,0,0,3,106,0,0,0,0,0,0,0,1,0,0,0,0,2,0,0,0,0,0,1,0,0,2,6,0,0,0,1,0,24,0,0,0,0,0,1,0,0,1,3,6,0,0,0,0,0,0,0,0,0,0,0,0,0,2,0,1,2,2,0,0,0,0,0,0,0,0,0,0,0,0,0,0,0,0,0,0,0,0,0,0,0,0,0,0,0,0,0,0,0,0,0,0,0,0,0,0,0,0,0,0,1,0,0,0,0,0,0,0,0,1,0,0,0,0,0,0,0,0,0,0,0,0,0,0,0,0,0,0,0,0,0,0,0,0,0,0,0,0,0,0,0,0,0,0,0,0,1,0,0,0,0,0,0,0,0,0
0,MC,0,0,0,0,0,0,0,0,0,0,0,0,0,0,0,0,0,0,0,0,0,0,0,0,0,0,0,0,0,0,0,0,0,0,0,0,0,0,1,0,0,0,0,0,0,0,0,0,0,0,0,0,0,0,0,0,0,0,0,0,0,0,0,0,0,0,0,0,0,0,1,0,0,0,0,0,0,0,0,0,0,0,0,0,0,0,0,0,0,0,0,0,0,0,0,0,0,0,0,0,8,0,1,0,0,0,0,0,0,0,0,0,0,0,4,78,0,2,0,0,0,0,1,0,0,0,0,50,0,0,0,0,0,0,1,0,0,1,14,0,0,0,1,0,32,2,0,0,0,2,0,0,0,1,1,10,0,0,2,0,0,1,0,1,1,0,0,0,0,2,0,0,0,2,0,28,0,0,0,0,0,0,0,0,0,0,0,0,0,0,0,0,0,0,0,0,0,0,0,0,0,0,0,0,0,0,0,0,0,0,0,0,0,0,0,0,0,0,0,0,0,0,0,0,0,0,0,0,0,0,0,0,0,0,0,0,0,0,0,0,0,0,0,0,0,0,0,0,0,0,0,0,0,0,0,0,0,0,0,0,0,0,1,0,0,0,0,0,0,0,0,0
0,MC,0,0,2,80,3,0,0,0,0,0,3,0,0,0,0,0,0,7,1,0,0,1,1,0,0,1,0,0,0,0,0,1,0,0,0,0,0,0,2,0,0,0,0,0,0,0,0,0,0,0,3,0,0,0,0,0,0,0,57,0,0,0,0,4,4,40,8,0,0,6,1,1182,0,0,0,0,0,0,0,0,0,0,0,0,0,0,0,0,0,0,0,0,0,0,0,0,0,0,0,0,46,0,46,0,0,8,0,0,0,0,0,0,0,27,107,3493,2,163,953,150,0,54,0,1091,12,0,0,36,76,103,136,183,26,0,123,3,51,132,134,1658,3,311,17,1,313,83,28,22,45,143,257,2807,0,21,1,1102,1,0,47,76,126,2,0,41,90,0,1,8,0,0,24,18,108,183,0,120,64,0,0,0,4,0,4,0,0,0,0,107,0,0,0,0,17,0,6,0,0,0,0,0,0,0,0,3,1,14,0,1,1,38,0,32,0,0,0,0,0,914,8,2,0,0,0,0,10,1,0,2,0,0,0,1,2,150,0,0,0,0,0,0,1,0,1,2,2,2,1,1,3,1,0,0,0,0,0,0,0,1,0,0,0,0,9,0,0,0,0,0,0,0,1,0
0,MC,0,0,0,1,0,0,0,0,0,0,0,0,0,0,0,0,0,0,0,0,0,0,0,0,0,0,0,0,0,0,0,0,0,0,0,0,0,0,1,0,0,0,0,0,0,0,0,0,0,0,0,0,0,0,0,0,0,0,0,0,0,0,0,0,0,0,0,0,0,0,1,2,0,0,0,0,0,0,0,0,0,0,0,0,0,0,0,0,0,0,0,0,0,0,0,0,0,0,0,0,9,2,1,0,0,0,0,0,0,0,0,0,0,0,3,79,0,0,0,1,0,1,0,0,0,0,0,4,0,0,0,0,0,0,2,0,0,5,11,5,0,0,2,0,29,3,0,0,0,0,1,6,0,2,0,11,0,0,0,0,2,0,0,0,2,0,0,0,0,2,0,0,2,5,0,0,0,0,0,0,0,0,0,0,0,0,0,0,0,0,0,0,0,0,0,0,0,0,0,0,0,0,0,0,0,0,0,0,0,0,0,0,0,0,0,0,0,1,0,0,0,0,0,0,0,0,0,0,0,0,0,0,0,0,0,0,0,0,0,0,0,0,0,0,0,0,0,0,0,0,0,0,0,0,0,0,0,0,0,0,0,0,0,0,0,0,0,0,0,0,0,0
0,MC,0,0,2,9,0,0,0,0,0,0,0,14,0,0,0,0,0,0,0,0,0,0,0,0,0,0,0,0,0,0,0,0,0,0,0,0,2,0,3,0,0,0,0,0,0,0,0,0,0,1,0,0,0,0,0,0,0,0,4,0,0,0,0,0,0,33,0,0,0,3,3,12,0,0,0,0,0,0,0,0,0,0,0,0,0,0,0,0,0,0,0,0,0,0,0,0,0,0,0,0,44,0,17,0,0,0,0,0,0,0,0,0,0,9,75,999,0,433,0,9,0,12,0,0,0,0,0,24,8,28,135,4,54,0,19,0,15,604,26,82,4,0,15,0,149,340,0,0,0,32,4,10,0,6,0,67,0,0,866,0,9,0,0,1829,2,0,0,0,0,0,3,2,2,21,0,479,0,0,0,0,0,0,0,0,0,0,0,14,0,0,0,0,0,0,0,0,0,0,0,0,0,0,0,0,0,0,0,0,0,0,0,0,0,0,0,0,18,40,1,0,0,0,0,0,0,0,0,0,0,0,0,0,0,34,0,0,0,0,0,0,0,0,0,0,0,0,0,0,0,0,0,0,0,0,0,0,0,0,0,0,0,0,6,0,0,0,0,0,0,0,1,0
0,MC,0,0,0,0,0,0,0,0,0,0,1,2,0,0,0,0,0,0,0,0,0,0,0,0,0,0,0,0,0,0,0,0,0,0,0,0,0,0,1,0,0,0,0,0,0,0,0,0,0,0,0,0,0,0,0,0,0,0,0,0,0,0,0,0,0,0,0,0,0,0,1,0,0,0,0,0,0,0,0,0,0,0,0,0,0,0,0,0,0,0,0,0,0,0,0,0,0,0,0,0,3,7,22,0,0,0,0,0,0,0,0,0,0,0,4,31,0,2,0,1,0,2,1,0,0,0,0,0,0,0,0,0,0,0,5,0,0,12,15,1,0,3,4,0,31,10,0,0,0,2,1,0,2,1,0,9,0,0,0,0,0,0,0,0,14,0,0,0,0,0,0,1,0,1,2,0,1,0,0,0,0,0,0,0,0,0,0,0,0,0,0,0,0,0,0,0,0,0,0,0,0,0,0,0,0,0,0,0,0,0,0,0,0,0,0,0,1,0,0,0,0,0,0,0,0,2,0,0,0,0,0,0,0,0,0,0,0,0,0,0,0,0,0,0,0,0,0,0,0,0,0,0,0,0,0,0,0,0,0,0,0,0,4,0,0,0,0,0,0,0,0,0
0,MC,0,0,0,0,0,0,0,0,0,0,0,0,0,0,0,0,0,0,0,0,0,0,0,0,0,0,0,0,0,0,0,0,0,0,0,0,0,0,0,0,0,0,0,0,0,0,0,0,0,0,0,0,0,0,0,0,0,0,0,0,0,0,0,0,0,0,0,0,0,0,1,0,0,0,0,0,0,0,0,0,0,0,0,0,0,0,0,0,0,0,0,0,0,0,0,0,0,0,0,0,9,0,0,0,0,0,0,0,0,0,0,0,0,2,1,69,0,0,0,0,0,1,0,0,0,0,0,0,0,0,0,0,0,0,1,0,0,1,4,2,0,0,0,0,2,0,0,0,0,1,0,2,0,0,0,3,0,0,0,0,0,0,0,0,0,0,0,0,0,2,0,2,0,0,0,0,0,0,0,0,0,0,0,0,0,0,0,0,0,0,0,0,0,0,0,0,0,0,0,0,0,0,0,0,0,0,0,0,0,0,0,0,0,0,0,0,0,3,0,0,0,0,0,0,0,1,0,0,0,0,0,0,0,1,0,0,0,0,0,0,0,0,0,0,0,0,0,0,0,0,0,0,0,0,0,0,0,0,0,0,0,0,1,0,0,0,0,0,0,0,0,0
0,MC,0,0,2,248,5,0,0,0,0,0,0,0,0,0,0,0,0,3,0,0,0,0,0,0,0,0,0,0,0,0,0,0,0,0,0,0,0,0,7,0,0,0,0,0,0,0,6,0,0,0,3,0,0,0,0,0,0,0,20,0,0,0,0,0,0,14,7,0,0,4,1,637,0,0,0,2,0,0,0,0,0,0,0,0,0,0,0,0,0,0,0,0,0,0,0,0,0,0,0,0,85,0,47,6,6,32,0,0,0,0,0,0,0,9,124,5923,14,242,47,1130,0,79,0,1,6,0,0,56,155,89,149,68,34,0,115,6,23,182,147,2710,3,1157,123,0,234,96,70,18,15,265,216,3367,2,58,4,1750,0,0,24,48,1124,1,0,35,40,0,0,6,0,2,3,17,77,1104,0,1,48,0,0,0,0,0,0,0,0,0,0,77,0,0,0,0,85,0,3,0,1,0,0,3,0,0,4,0,0,111,0,1,0,34,0,2,0,0,0,0,14,1324,0,0,0,0,0,0,4,0,0,0,0,0,0,0,0,77,0,0,0,0,0,0,0,0,0,0,0,0,0,0,0,0,0,0,0,0,0,0,0,0,0,0,0,0,6,0,0,0,0,0,0,0,0,0
0,MC,0,0,0,0,0,0,0,0,0,0,0,0,0,0,0,0,0,0,0,0,0,0,0,0,0,0,0,0,0,0,0,0,0,0,0,0,0,0,0,0,0,0,0,0,0,0,0,0,0,0,0,0,0,0,0,0,0,0,0,0,0,0,0,0,0,0,0,0,0,0,1,0,0,0,0,0,0,0,0,0,0,0,0,0,0,0,0,0,0,0,0,0,0,0,0,0,0,0,0,0,4,0,0,0,0,0,0,0,0,0,0,0,0,0,1,53,0,0,0,0,0,0,0,0,0,0,0,7,0,0,0,0,0,0,0,0,0,3,2,2,0,0,0,0,2,1,0,0,0,0,0,3,0,0,0,4,0,0,0,0,0,0,0,0,0,0,0,0,0,2,0,0,0,1,0,0,0,0,0,0,0,0,0,0,0,0,0,0,0,0,0,0,0,0,0,0,0,0,0,0,0,0,0,0,0,0,0,0,0,0,0,0,0,0,0,0,0,2,0,0,0,0,0,0,0,1,0,0,0,0,0,0,0,0,0,0,0,0,0,0,0,0,0,0,0,0,0,0,0,0,1,0,0,0,0,0,0,0,0,0,0,0,1,0,0,0,0,0,0,0,0,0
0,MC,0,0,0,0,0,0,0,0,0,0,0,0,0,0,0,0,0,0,0,0,0,0,0,0,0,0,0,0,0,0,0,0,0,0,0,0,0,0,0,0,0,0,0,0,0,0,0,0,0,0,0,0,0,0,0,0,0,0,0,0,0,0,0,0,0,0,0,0,0,0,1,0,0,0,0,0,0,0,0,0,0,0,0,0,0,0,0,0,0,0,0,0,0,0,0,0,0,0,0,0,6,0,1,0,0,0,0,0,0,0,0,0,0,0,0,56,0,1,0,0,0,4,0,0,0,0,0,4,0,0,0,0,0,0,4,0,0,12,8,0,0,0,1,0,11,5,0,0,0,0,1,0,0,0,0,4,0,0,0,0,0,0,0,0,1,0,0,0,0,2,0,0,0,1,0,1,0,0,0,0,0,0,0,0,0,0,0,0,0,0,0,0,0,0,0,0,0,0,0,0,0,0,0,0,0,0,0,0,0,0,0,0,0,0,0,0,0,0,0,0,0,0,0,0,0,0,0,0,0,0,0,0,0,0,0,0,0,0,0,0,0,0,0,0,0,0,0,0,0,0,0,0,0,0,0,0,0,0,0,0,0,0,0,0,0,0,0,0,0,0,0,0
0,MC,0,0,2,18,0,0,0,0,0,0,0,7,0,0,0,0,0,1,0,0,0,0,0,0,0,0,0,0,0,0,0,0,0,0,0,0,7,0,3,0,0,0,0,0,0,0,0,0,0,4,0,0,0,0,0,0,0,0,0,0,0,0,0,0,0,13,0,0,0,2,1,14,0,0,0,0,0,0,0,0,0,0,0,0,0,0,0,0,0,0,0,0,0,0,0,0,0,0,0,0,43,0,24,0,0,0,0,0,0,0,0,0,0,4,78,374,0,29,0,3,0,14,0,0,0,0,0,24,12,4,135,0,40,0,24,0,2,46,16,147,6,0,19,0,143,39,0,0,0,19,9,153,1,3,4,112,0,0,85,0,5,0,0,17,5,0,0,0,0,2,5,10,9,18,0,11,0,47,0,0,0,0,0,0,0,0,0,1,0,0,0,0,1,0,0,0,0,0,0,0,0,0,0,0,0,1,0,0,0,1,0,0,0,1,0,0,19,20,1,0,0,0,0,0,0,0,0,0,1,0,0,0,0,5,0,1,0,0,0,0,0,0,0,0,0,0,0,0,0,0,0,0,0,0,0,0,0,0,0,0,0,0,3,0,0,0,0,0,0,0,0,0
0,MC,0,0,0,0,0,0,0,0,0,0,0,0,0,0,0,0,0,0,0,0,0,0,0,0,0,0,0,0,0,0,0,0,0,0,0,0,0,0,0,0,0,0,0,0,0,0,0,0,0,0,0,0,0,0,0,0,0,0,0,0,0,0,0,0,0,0,0,0,0,0,0,0,0,0,0,0,0,0,0,0,0,0,0,0,0,0,0,0,0,0,0,0,0,0,0,0,0,0,0,0,0,0,0,0,0,0,0,0,0,0,0,0,0,0,0,1,0,0,0,0,0,0,0,0,0,0,0,0,0,0,0,0,0,0,0,0,0,0,0,0,0,0,0,0,0,0,0,0,0,0,0,0,0,0,0,0,0,0,0,0,0,0,0,0,0,0,0,0,0,0,0,0,0,1,0,0,0,0,0,0,0,0,0,0,0,0,0,0,0,0,0,0,0,0,0,0,0,0,0,0,0,0,0,0,0,0,0,0,0,0,0,0,0,0,0,0,0,0,0,0,0,0,0,0,0,0,0,0,0,0,0,0,0,0,0,0,0,0,0,0,0,0,0,0,0,0,0,0,0,0,0,0,0,0,0,0,0,0,0,0,0,0,0,0,0,0,0,0,0,0,0,0
0,MC,0,0,0,0,0,0,0,0,0,0,0,0,0,0,0,0,0,0,0,0,0,0,0,0,0,0,0,0,0,0,0,0,0,0,0,0,0,0,0,0,0,0,0,0,0,0,0,0,0,0,0,0,0,0,0,0,0,0,0,0,0,0,0,0,0,0,0,0,0,0,0,0,0,0,0,0,0,0,0,0,0,0,0,0,0,0,0,0,0,0,0,0,0,0,0,0,0,0,0,0,6,0,2,0,0,0,0,0,0,0,0,0,0,0,9,27,0,4,0,1,0,7,0,0,0,0,0,33,0,0,0,0,4,0,7,0,0,14,8,4,0,0,1,1,15,11,0,0,0,0,2,4,0,2,0,15,0,0,0,0,1,0,0,0,1,0,0,0,0,0,1,4,0,2,0,0,0,0,0,0,0,0,0,0,0,0,0,0,0,0,0,0,0,0,0,0,0,0,0,0,0,0,0,0,0,0,0,0,0,0,0,0,0,0,0,0,0,5,0,0,0,0,0,0,0,0,0,0,0,0,0,0,0,0,0,0,0,0,0,0,0,0,0,0,0,0,0,0,0,0,0,0,0,0,0,0,0,0,0,0,0,0,4,0,0,0,0,0,0,0,1,0
0,MC,0,0,0,0,0,0,0,0,0,0,0,0,0,0,0,0,0,0,0,0,0,0,0,0,0,0,0,0,0,0,0,0,0,0,0,0,0,0,0,0,0,0,0,0,0,0,0,0,0,0,0,0,0,0,0,0,0,0,0,0,0,0,0,0,0,0,0,0,0,0,1,0,0,0,0,0,0,0,0,0,0,0,0,0,0,0,0,0,0,0,0,0,0,0,0,0,0,0,0,0,5,0,0,0,0,0,0,0,0,0,0,0,0,0,2,57,0,3,0,0,0,2,0,0,0,0,0,17,0,0,0,0,0,0,2,0,0,5,7,0,0,0,1,0,13,1,0,0,0,0,1,0,0,0,0,5,0,0,0,0,0,0,0,0,1,0,0,0,0,2,0,0,0,1,0,0,0,0,0,0,0,0,0,0,0,0,0,0,0,0,0,0,0,0,0,0,0,0,0,0,0,0,0,0,0,0,0,0,0,0,0,0,0,0,0,0,0,0,0,0,0,0,0,0,0,1,0,0,0,0,0,0,0,0,0,0,0,0,0,0,0,0,0,0,0,0,0,0,0,0,0,0,0,0,0,0,0,0,0,0,0,0,0,0,0,0,0,0,0,0,0,0
0,MC,0,0,0,0,0,0,0,0,0,0,0,0,0,0,0,0,0,0,0,0,0,0,0,0,0,0,0,0,0,0,0,0,0,0,0,0,0,0,0,0,0,0,0,0,0,0,0,0,0,0,0,0,0,0,0,0,1,0,0,0,0,0,0,0,0,0,0,0,0,0,0,0,0,1,0,0,1,0,0,0,0,0,0,0,0,0,0,0,0,0,0,0,0,0,0,0,0,0,0,0,7,0,15,0,0,1,0,0,0,0,0,0,0,2,105,46,0,18,0,1,0,6,0,0,0,0,0,304,1,0,0,0,95,0,11,0,0,36,8,2,0,0,8,0,32,68,0,0,0,2,4,0,1,1,0,10,0,0,0,0,1,0,0,0,36,0,0,0,0,0,4,5,1,2,0,0,0,0,0,0,0,0,0,0,0,0,0,0,0,0,0,0,0,0,0,0,0,0,0,0,0,0,0,0,0,0,0,0,0,0,0,0,0,0,0,0,0,1,0,0,0,0,0,0,0,1,0,0,0,0,0,0,0,1,2,0,0,0,0,0,0,0,0,0,0,0,0,0,0,0,0,0,0,0,0,0,0,0,0,0,0,0,7,0,0,0,0,0,0,0,0,0
0,MC,0,0,4,124,1,0,0,0,0,0,0,8,0,0,0,0,0,8,0,0,0,0,0,0,0,0,0,0,0,0,0,0,0,0,0,0,6,0,6,0,0,0,0,0,0,0,0,0,0,0,0,0,0,0,0,0,0,0,0,0,0,0,0,0,0,25,0,0,0,4,2,40,0,2,0,0,2,0,0,0,0,0,0,0,0,0,0,0,0,0,0,0,0,0,0,0,0,0,0,3,100,7,67,0,0,0,0,0,0,0,0,0,0,4,86,1282,0,64,6,14,0,37,2,3,0,0,0,24,113,190,260,0,38,0,64,5,10,77,81,1072,13,6,153,0,484,102,5,4,0,21,31,910,25,21,6,746,0,0,14,0,18,5,0,21,36,0,7,4,0,4,14,17,15,75,4,5,1,0,0,0,0,0,0,0,0,0,1,6,0,0,0,0,3,0,0,0,0,0,0,0,0,0,0,0,0,3,0,0,0,3,0,0,0,2,0,0,20,360,1,0,0,0,0,0,0,0,0,0,2,0,0,0,0,11,0,0,0,0,0,0,0,0,0,0,0,0,0,0,0,0,0,0,0,0,0,0,0,0,0,0,0,0,8,0,0,0,0,0,0,0,1,0
0,MC,0,3,2,34,0,0,0,0,0,0,0,13,0,0,0,0,0,5,0,0,0,0,0,0,0,0,0,0,0,0,0,0,0,0,0,0,0,0,4,0,0,0,0,0,0,0,0,0,0,0,1,2,0,0,0,0,0,0,1,0,0,0,0,3,3,24,0,65,1,6,0,31,0,0,0,0,0,0,0,0,0,1,1,0,1,3,0,1,0,1,0,0,0,0,1,0,3,0,0,0,38,7,48,0,0,0,0,0,0,0,0,1,0,10,87,431,0,41,4,10,2,32,1,6,0,0,0,36,22,5,191,6,6,0,46,2,8,68,107,195,7,0,27,3,297,51,0,0,0,23,17,133,11,13,3,336,3,0,179,0,11,1,0,93,8,0,5,0,0,0,8,3,5,63,2,184,1,0,0,0,0,0,0,0,0,0,0,18,0,0,0,0,31,0,0,0,0,0,0,31,0,0,0,0,0,58,0,2,0,113,0,0,0,0,0,0,12,88,0,3,0,0,0,0,0,2,0,0,1,0,0,0,0,27,0,0,0,0,0,0,1,1,0,0,0,1,0,0,1,0,0,0,0,0,0,3,0,0,0,0,0,0,17,0,0,0,0,1,0,3,1,0
1,MC,0,1,0,2,0,0,0,0,0,0,0,1,0,0,0,0,0,0,0,0,0,35,1,0,17,1,17,0,0,0,0,1,17,0,0,0,1,0,1,0,0,0,0,0,0,257,0,0,0,0,0,0,0,0,0,0,3,0,3,0,0,0,0,0,0,0,0,0,0,0,1,22,0,6,0,0,0,1,0,0,0,0,0,0,0,0,0,0,0,0,0,0,0,0,0,0,0,0,0,0,29,0,896,0,0,1,0,0,0,1,0,0,0,0,70,269,1,4,2,2,0,7,0,18,0,0,0,0,2,9,0,0,4,0,9,0,0,36,13,61,0,0,8,0,252,292,0,0,0,2,3,0,4,1,3,33,0,0,1,0,1,0,0,3,555,0,0,0,0,0,1,0,1,3,0,1,0,0,0,0,0,0,0,0,0,0,0,0,0,0,0,0,10,0,0,0,0,0,0,0,0,0,0,0,2,0,0,0,1,0,0,0,0,0,0,0,7,49,0,79,0,0,0,0,0,1,0,0,0,0,0,0,0,0,0,0,0,0,0,0,0,1,0,0,0,0,0,0,0,0,0,0,16,0,0,0,0,16,0,0,0,0,2,0,0,0,0,0,0,0,0,0
1,MC,0,0,2,7,0,0,0,0,1,0,0,0,0,0,0,0,0,2,0,2,0,0,0,0,0,0,0,0,0,0,0,0,0,0,0,0,0,0,132,0,0,0,0,0,0,1,0,0,0,0,0,0,0,0,0,0,1,0,8,0,0,0,0,0,0,4,0,1,0,1,2,31,0,0,0,0,0,0,0,0,0,0,0,0,0,0,0,0,0,0,0,0,0,0,0,0,0,0,0,0,51,0,181,0,0,0,0,1,0,0,0,0,0,4,25,365,0,5,0,6,0,12,0,2,2,0,0,1,17,2,0,15,1,0,33,2,6,26,74,118,3,22,21,0,279,27,0,1,18,2,418,134,1,1,2,59,0,0,0,0,6,1,0,2,9,0,0,0,0,1,2,67,18,32,0,3,0,0,0,0,0,0,0,0,0,0,1,16,1,100,0,0,0,0,0,0,0,0,0,0,0,0,0,0,0,0,0,0,0,0,0,0,0,0,0,0,12,43,0,0,0,0,0,0,2,1,0,0,0,0,0,0,0,0,0,0,0,0,0,0,0,0,0,0,0,0,0,0,0,0,0,0,0,0,0,0,0,0,0,0,0,0,1,0,0,0,0,0,0,0,0,0
1,MC,0,0,0,2,1,0,0,0,0,0,0,0,0,0,0,0,0,3,0,177,0,0,0,0,0,0,0,0,0,0,0,0,0,0,0,0,0,0,0,0,0,0,0,0,0,0,0,0,0,0,0,0,0,0,0,0,0,0,14,0,0,0,0,0,0,3,2,0,0,2,3,564,0,0,0,0,0,1,0,0,0,0,0,0,0,0,0,0,0,0,0,0,0,0,0,0,0,0,0,0,17,0,17,0,0,0,0,0,0,0,0,0,0,2,7,273,1,4,0,2,0,5,0,384,0,0,0,1,1,0,0,4,2,0,9,0,15,4,9,4,0,14,3,0,11,15,0,0,2,3,16,4,2,6,0,9,0,0,1,0,4,0,0,0,5,0,0,0,0,1,1,4,6,9,0,0,0,0,1,0,0,0,0,0,0,0,0,4,177,17583,0,0,2,0,0,0,0,0,0,0,0,0,0,0,2,0,0,0,2,0,0,0,0,0,0,1,2,4,0,0,0,0,0,1,1,1,0,0,0,0,0,0,0,2,0,0,0,0,0,0,0,0,1,1,0,1,1,0,0,0,0,0,0,0,0,0,0,0,0,0,0,0,2,0,0,0,0,0,0,0,0,0
1,MC,0,0,0,1,0,0,0,0,0,0,0,0,0,0,0,0,0,2,0,2,0,4,0,0,0,0,1,0,2,1,1,0,0,0,0,0,0,0,0,0,0,0,0,0,0,0,0,0,0,0,0,5,0,0,0,0,1,0,0,0,0,0,1,0,0,1,0,0,0,0,4,19,0,1,0,0,0,0,0,1,0,1,0,0,1,4,0,1,0,0,0,0,0,0,3,0,0,0,0,0,51,0,4,0,0,0,0,0,0,0,0,1,0,0,64,701,0,9,14,5,10,13,5,6,0,0,0,125,14,12,8,0,29,0,17,2,3,56,52,308,0,0,14,3,159,38,0,0,0,2,13,4,8,263,1,957,1,0,6,0,2,4,0,0,6,0,0,8,0,8,8,0,0,40,10,17,5,0,0,0,0,0,0,0,0,0,0,0,2,204,0,0,11,0,1,0,0,0,0,0,0,0,0,0,0,10,0,0,0,10,0,1,0,0,0,0,40,230,0,0,0,0,0,0,0,0,0,0,0,0,0,0,0,0,0,0,0,0,0,0,1,6,0,0,0,1,0,0,1,0,0,0,0,0,0,18,18,5,0,5,0,0,1,10,18,18,0,1,0,26,0,0
1,MC,0,0,0,0,0,0,0,0,0,0,0,0,0,0,0,0,0,2,0,2,0,4,0,0,0,0,1,0,2,1,1,0,0,0,0,0,0,0,0,0,0,0,0,0,0,0,0,0,0,0,0,6,0,0,0,0,1,0,0,0,0,0,1,0,0,1,0,0,0,0,6,21,0,1,0,0,0,0,0,1,0,1,0,0,1,4,0,1,0,0,0,0,0,0,3,0,0,0,0,0,59,0,4,0,0,0,0,0,0,0,0,1,0,0,68,911,0,9,15,5,14,14,7,8,0,0,0,148,16,12,8,0,33,0,18,2,3,61,68,343,0,0,15,3,175,43,0,0,0,2,13,4,10,263,0,1116,1,0,9,0,2,7,0,0,6,0,0,8,0,12,8,0,0,43,14,24,7,0,0,0,0,0,0,0,0,0,0,0,2,194,0,0,11,0,1,0,0,0,0,0,0,0,0,0,0,10,0,0,0,10,0,1,0,0,0,0,42,253,0,0,0,0,0,0,0,0,0,0,0,0,0,0,0,0,0,0,0,0,0,0,1,7,0,0,0,1,0,0,1,0,0,0,0,0,0,22,22,6,0,6,0,0,1,13,22,22,0,1,0,31,0,0
1,MC,0,0,0,0,0,0,0,0,0,0,0,0,0,0,0,0,0,2,0,2,0,4,0,0,0,0,1,0,2,1,1,0,0,0,0,0,0,0,0,0,0,0,0,0,0,0,0,0,0,0,0,5,0,0,0,0,1,0,0,0,0,0,1,0,0,1,0,0,0,0,5,19,0,1,0,0,0,0,0,1,0,1,0,0,1,4,0,1,0,0,0,0,0,0,3,0,0,0,0,0,55,0,4,0,0,0,0,0,0,0,0,1,0,0,559,779,0,9,14,5,12,13,6,7,0,0,0,132,13,12,8,0,542,0,17,2,3,58,61,308,0,0,14,3,159,40,0,0,0,2,11,4,9,459,0,966,1,0,5,0,2,5,0,0,6,0,0,8,0,10,7,0,0,40,12,20,6,0,0,0,0,0,0,0,0,0,0,0,2,199,0,0,11,0,1,0,0,0,0,0,0,0,0,0,0,10,0,0,0,10,0,1,0,0,0,0,41,230,0,0,0,0,0,0,0,0,0,0,0,0,0,0,0,0,0,0,0,0,0,0,1,7,0,0,0,1,0,0,1,0,0,0,0,0,0,18,21,5,0,6,0,0,1,9,21,21,0,1,0,30,0,0
1,MC,0,0,0,0,0,0,0,0,0,0,0,0,0,0,0,0,0,1,0,2,0,3,0,0,0,0,1,0,2,1,1,0,0,0,0,0,0,0,0,0,0,0,0,0,0,0,0,0,0,0,0,0,0,0,0,0,1,0,0,0,0,0,1,0,0,0,0,0,0,0,1,7,0,1,0,0,0,0,0,1,0,1,0,0,1,4,0,1,0,0,0,0,0,0,2,0,0,0,0,0,45,0,3,0,0,0,0,0,0,0,0,1,0,0,49,264,0,10,9,5,0,8,0,1,0,0,0,22,5,12,8,0,28,0,12,2,3,41,6,133,0,0,9,3,79,23,0,0,0,4,4,4,3,313,0,184,0,0,1,0,2,0,0,0,6,0,0,8,0,2,1,0,4,19,0,0,0,0,0,0,0,0,0,0,0,0,0,0,2,185,0,0,14,0,1,0,0,0,0,0,0,0,0,0,0,13,0,0,0,13,0,1,0,0,0,0,36,115,0,0,0,0,0,0,0,0,0,0,0,0,0,0,0,0,0,0,0,0,0,0,1,1,0,0,0,1,0,0,1,0,0,0,0,0,0,3,0,0,0,0,0,0,1,0,0,0,0,1,0,3,0,0
1,MC,0,0,0,0,0,0,0,0,0,0,0,0,0,0,0,0,0,1,0,2,0,3,0,0,0,0,1,0,2,1,1,0,0,0,0,0,0,0,0,0,0,0,0,0,0,0,0,0,0,0,0,0,0,0,0,0,1,0,0,0,0,0,1,0,0,0,0,0,0,0,1,9,0,1,0,0,0,0,0,1,0,1,0,0,1,4,0,1,0,0,0,0,0,0,2,0,0,0,0,0,45,0,3,0,0,0,0,0,0,0,0,1,0,0,49,265,0,10,9,5,0,8,0,2,0,0,0,22,7,12,8,0,28,0,12,2,3,41,6,133,0,0,9,3,79,23,0,0,0,4,4,4,3,382,0,184,1,0,1,0,2,0,0,0,6,0,0,8,0,2,1,0,4,20,0,0,0,0,0,0,0,0,0,0,0,0,0,0,2,214,0,0,14,0,1,0,0,0,0,0,0,0,0,0,0,13,0,0,0,13,0,1,0,0,0,0,36,115,0,0,0,0,0,0,0,0,0,0,0,0,0,0,0,0,0,0,0,0,0,0,1,1,0,0,0,1,0,0,1,0,0,0,0,0,0,3,0,0,0,0,0,0,1,0,0,0,0,1,0,3,0,0
1,MC,0,0,0,0,0,0,0,0,0,0,0,0,0,0,0,0,0,1,0,0,0,0,0,0,0,0,0,0,0,0,0,0,0,0,0,0,0,0,0,0,0,0,0,0,0,0,0,0,0,0,0,0,0,0,0,0,0,0,0,0,0,0,0,0,0,0,0,0,0,0,2,2,0,0,0,0,0,1,0,0,0,0,0,0,0,0,0,0,0,0,0,0,0,0,0,0,0,0,0,0,2,0,15,0,0,0,0,0,0,0,0,0,0,390,7,710,0,0,0,0,0,0,0,1,390,0,0,708,0,0,0,0,1,0,0,0,0,0,1,1,0,1,1,0,8,14,0,0,0,0,1,0,2,0,0,1,0,0,0,0,0,0,0,0,0,0,0,0,0,0,0,0,0,0,0,0,0,0,0,0,0,0,0,0,0,0,0,0,0,0,0,0,0,0,0,0,0,0,0,0,0,0,0,0,0,0,0,0,0,0,0,0,0,0,0,0,1,0,0,0,0,0,0,0,0,2,0,0,0,0,0,0,0,0,0,0,0,0,0,0,0,0,0,0,0,0,0,0,0,0,0,0,0,0,0,0,0,0,0,0,0,0,2,0,0,0,0,0,0,0,0,0
1,MC,0,0,0,3,0,0,0,0,0,0,0,0,0,0,0,0,0,0,0,0,0,0,0,0,65537,0,0,0,0,0,0,0,0,0,0,2,0,0,3,0,0,0,0,0,0,0,0,0,0,0,0,0,0,0,0,0,0,0,0,0,0,0,0,0,0,0,0,0,0,0,5,20,0,0,0,0,0,0,0,0,0,0,0,0,0,0,0,0,0,0,0,0,0,0,0,0,0,0,0,0,24,12,21,0,0,0,0,0,0,0,0,0,0,4,65536,65520,0,65536,0,4,0,14,1,13,0,0,0,27,4,140,0,0,65536,1,19,0,0,22,49,746,0,0,13,0,146,26,7,1,0,65536,32,116,28,3,0,898,0,0,65424,29,4,0,0,65535,3,0,0,0,0,1,4,1,1,11,2,65536,30,65536,0,0,0,0,0,0,0,0,0,0,0,0,0,0,0,0,0,0,0,0,0,0,0,0,0,0,1,0,0,0,0,0,0,0,0,0,0,0,65536,311,0,2,0,0,0,0,0,0,0,0,0,0,0,0,0,1,0,0,0,0,0,0,0,0,0,0,0,0,0,0,0,0,0,0,0,0,0,0,0,0,0,0,0,0,0,0,0,0,0,0,0,0,0,0
1,MC,0,0,0,1,0,0,0,0,0,0,0,0,0,0,0,0,0,1,0,2,0,4,0,0,0,0,1,0,2,1,1,0,0,0,0,0,0,0,0,0,0,0,0,0,0,0,0,0,0,0,0,5,0,0,0,0,1,0,0,0,0,0,1,0,0,0,0,0,0,0,5,18,0,1,0,0,0,0,0,1,0,1,0,0,1,4,0,1,0,0,0,0,0,0,3,0,0,0,0,0,56,0,4,0,0,0,0,0,0,0,0,1,0,0,73,782,0,9,14,5,12,13,6,6,0,0,0,127,10,12,8,0,36,0,17,2,3,59,59,308,0,0,14,3,161,40,0,0,0,3,13,4,9,263,1,961,0,0,7,0,2,5,0,0,6,0,0,8,0,10,9,0,0,41,12,20,6,0,0,0,0,0,0,0,0,0,0,0,2,200,0,0,14,0,1,0,0,0,0,0,0,0,0,0,0,13,0,0,0,13,0,1,0,0,0,0,42,230,0,0,0,0,0,0,0,0,0,0,0,0,0,0,0,0,0,0,0,0,0,0,1,6,0,0,0,1,0,0,1,0,0,0,0,0,0,21,19,5,0,5,0,0,1,13,19,19,0,1,0,27,0,0
1,MC,0,0,0,0,0,0,0,0,0,0,0,0,0,0,0,0,0,2,0,2,0,4,0,0,0,0,1,0,2,1,1,0,0,0,0,0,0,0,0,0,0,0,0,0,0,0,0,0,0,0,0,4,0,0,0,0,1,0,0,0,0,0,1,0,0,1,0,0,0,0,4,19,0,1,0,0,0,0,0,1,0,1,0,0,1,4,0,1,0,0,0,0,0,0,3,0,0,0,0,0,51,0,4,0,0,0,0,0,0,0,0,1,0,0,64,659,0,9,13,5,10,12,5,7,0,0,0,106,13,12,8,0,29,0,16,2,3,55,50,273,0,0,13,3,143,37,0,0,0,2,10,4,8,263,0,806,2,0,6,0,2,4,0,0,6,0,0,8,0,8,6,0,0,38,10,16,5,0,0,0,0,0,0,0,0,0,0,0,2,204,0,0,11,0,1,0,0,0,0,0,0,0,0,0,0,10,0,0,0,10,0,1,0,0,0,0,40,207,0,0,0,0,0,0,0,0,0,0,0,0,0,0,0,0,0,0,0,0,0,0,1,5,0,0,0,1,0,0,1,0,0,0,0,0,0,15,14,4,0,4,0,0,1,8,14,14,0,1,0,21,0,0
1,MC,0,0,0,4,1,1,0,0,0,0,0,0,0,0,0,0,0,0,0,1,0,0,0,0,0,0,0,0,0,0,0,0,0,0,0,0,0,0,1,0,0,0,0,0,0,0,0,0,0,0,0,0,0,0,0,0,2,0,0,0,0,0,0,0,0,0,0,0,0,0,3,13,0,2,0,0,0,2,0,0,0,0,0,0,0,0,0,0,0,0,0,0,0,0,0,0,0,0,0,0,26,0,27,0,0,0,0,1,0,0,0,0,0,0,15,105,0,3,2,2,0,7,1,0,0,0,0,0,2,3,60,0,1,0,8,0,0,14935,31,59,0,14919,5,0,5007,25,0,0,0,0,2,17,3,5,2,119,0,0,0,0,1,0,0,0,13,0,0,0,0,0,1,0,2,15,0,0,2,0,0,0,0,0,0,0,0,0,0,0,0,0,0,0,0,0,0,0,0,0,0,0,0,0,0,0,0,0,0,0,0,0,0,0,0,0,2,0,5,31,0,0,0,0,0,0,0,1,0,0,0,0,0,0,0,0,0,0,0,0,0,0,0,0,0,0,0,0,0,0,0,0,0,0,0,0,0,0,0,0,0,0,0,0,7,0,0,0,0,0,0,0,1,0
1,MC,0,0,0,5,0,0,0,0,0,1,0,0,0,0,0,0,0,1,0,2,0,0,0,0,0,0,0,0,0,0,0,0,0,0,0,0,1,0,0,0,0,0,0,0,0,0,0,0,0,0,0,0,0,0,0,0,0,0,0,0,0,0,0,0,0,0,0,0,0,0,3,312,0,0,0,0,0,0,0,0,0,0,0,0,0,0,0,0,0,0,0,0,0,0,0,0,0,0,0,0,18,0,21,0,0,0,0,1,0,0,0,0,0,0,47,454,0,6,1,0,0,6,2,26,0,0,0,41,4,0,0,0,15,0,7,0,2,34703,39,5,0,34382,2,1,19,26,0,0,0,0,2,0,5,2,0,37,0,0,1,0,0,3,0,1,17,0,0,1,0,4,0,1,0,7,4,1,2,0,0,0,0,0,0,0,0,0,0,0,0,0,0,0,0,0,0,0,0,0,0,0,0,0,0,0,307,0,0,0,0,0,0,0,0,0,0,0,3,8,0,0,0,0,0,0,0,1,0,0,0,0,0,0,0,0,0,0,0,0,0,0,0,0,0,0,0,0,0,0,0,0,0,0,0,0,0,0,0,0,0,0,0,0,20,0,0,0,0,0,0,0,1,0
1,MC,0,0,0,0,0,0,0,0,0,0,0,0,0,0,0,0,0,0,0,0,0,0,0,0,0,0,0,0,0,0,0,0,0,0,0,0,0,0,0,0,0,0,0,0,0,0,0,0,0,0,0,0,0,0,0,0,0,0,0,0,0,0,0,0,0,0,0,0,0,0,0,0,0,0,0,0,0,0,0,0,0,0,0,0,0,0,0,0,0,0,0,0,0,0,0,0,0,0,0,0,0,0,2,0,0,0,0,0,0,0,0,0,0,0,1,2,0,0,0,0,0,1,0,0,0,0,0,4,0,0,0,0,0,0,1,0,0,3,0,0,0,0,0,0,13,2,0,0,0,0,1,0,0,0,0,0,0,0,0,0,0,0,0,0,1,0,0,0,0,0,0,0,0,0,0,0,0,0,0,0,0,0,0,0,0,0,0,0,0,0,0,0,5,0,0,0,0,0,0,5,0,0,1,0,0,5,0,2,0,6,0,0,0,0,0,0,0,0,0,0,0,0,0,0,0,0,0,0,0,0,0,0,0,0,0,0,0,0,0,0,0,0,0,0,0,0,0,0,0,0,0,0,0,0,0,0,0,0,0,0,0,0,0,0,0,0,0,0,0,0,0,0
1,MC,0,0,0,17,0,0,0,0,0,0,0,0,0,0,0,0,0,0,0,1,0,0,0,0,0,0,0,0,0,0,0,0,0,0,0,0,0,0,3,0,0,0,0,0,0,0,0,0,0,0,0,0,0,0,0,0,0,0,0,0,0,0,0,0,0,0,0,0,0,0,2,10,0,0,0,0,0,1,0,0,0,0,0,0,0,0,0,0,0,0,0,0,0,0,0,0,0,0,0,0,17,0,22,0,0,0,0,1,0,0,0,0,0,0,41,119,0,15,0,1,0,4,2,1,0,0,0,48,7,0,0,0,6,0,7,0,0,28,33,70,0,2,5,1,55,17,0,0,0,0,260,8,6,6,4,111,0,0,0,33,1,0,0,0,4,0,0,0,0,1,1,0,0,11,2,0,1,0,0,0,0,0,0,0,0,0,0,0,0,0,0,0,0,0,0,0,0,0,0,0,0,0,0,0,0,0,0,0,0,0,0,0,0,0,0,0,11,18,0,0,0,0,0,0,0,3,0,0,1,0,0,0,0,0,0,0,0,0,0,0,0,0,0,0,0,0,0,0,0,0,0,0,0,0,0,0,0,0,0,0,0,0,15,0,0,0,0,0,0,0,1,0
1,MC,0,0,0,0,0,0,0,0,0,0,0,0,0,0,0,0,0,2,0,2,0,3459,0,0,0,0,1729,1728,2,1,1730,0,1728,0,0,0,0,0,0,0,0,0,0,0,237,0,0,0,0,0,0,0,0,0,0,0,2,0,0,0,0,0,1,0,0,0,0,0,1,0,239,5,0,1,0,0,0,0,0,0,0,0,0,0,0,0,0,0,0,0,0,0,0,0,0,0,0,0,0,0,1761,0,11580,0,0,0,0,0,0,862,0,0,0,0,7839,1830,0,1364,0,2,0,9,0,0,0,0,0,2,3,0,0,0,7986,0,11,0,4,341,7,35,1,1,9,0,75,15,0,0,0,2819,4,0,2,0,0,140,0,0,1417,0,1,0,0,2823,3,0,0,0,0,0,4,0,0,12,0,1944,0,0,0,0,0,0,0,0,0,0,0,0,2,184,0,0,20,0,2,0,0,0,0,0,0,0,0,0,0,20,0,0,0,18,0,3,0,0,0,0,298,16,0,0,0,0,0,0,0,0,0,0,0,0,0,0,0,0,0,0,0,0,0,0,0,0,0,0,0,0,0,0,0,0,0,0,0,0,0,0,0,0,0,0,0,0,0,0,0,0,0,0,0,0,0,0
1,MC,0,0,0,0,0,0,0,0,0,0,0,0,0,0,0,0,0,0,0,0,0,0,0,0,0,0,0,0,0,0,0,0,0,0,0,0,0,0,3,0,0,0,0,0,0,0,0,0,0,0,0,0,0,0,0,0,0,0,0,0,0,0,0,0,0,0,0,0,0,0,2,4,0,0,0,0,0,0,0,0,0,0,0,0,0,0,0,0,0,0,0,0,0,0,0,0,0,0,0,0,14,0,17,0,0,0,0,0,0,0,0,0,0,0,20,186,0,20,0,5,0,2,2,0,0,0,0,8,2,0,0,0,8,0,7,0,1,16,27,60,0,0,6,0,69,13,0,0,0,17,1,4,11,3,0,201,0,1,0,0,8,1,0,0,14,0,0,0,0,3,0,5,2,12,2,0,1,0,0,0,0,0,0,0,0,0,0,0,0,0,0,0,0,0,0,0,0,0,0,0,0,0,0,0,0,0,0,0,0,0,0,0,0,0,0,0,3,47,0,0,0,0,0,0,0,0,0,0,0,0,0,0,0,0,0,0,0,0,0,0,0,0,0,0,0,0,0,0,0,0,0,0,0,0,0,0,0,0,0,0,0,0,5,0,0,0,0,0,0,0,0,0
1,MC,0,0,0,29,0,0,0,0,0,1,0,2,0,0,0,0,0,9,0,0,0,0,0,0,0,0,0,0,0,0,0,0,0,0,0,0,3,0,4,0,0,0,0,0,0,0,0,0,0,0,0,0,0,0,0,0,0,0,0,0,0,0,0,6,6,0,0,0,20,4,17,82,0,0,0,2,16,6,0,0,0,0,0,0,0,0,0,0,0,0,0,0,0,0,0,0,0,0,4,0,266,7,137,104,104,2,0,0,0,0,0,0,0,0,1669,762,2,90,0,32,0,74,3,8,0,0,0,67,20,6,120,0,486,6,99,0,7,137,102,220,0,16,29,2,489,150,0,64,0,22,28,89,49,306,25,250,0,0,121,246,31,10,0,1,64,0,0,0,3,4,5,10,21,106,2,1,1,13,0,0,0,0,0,0,16,0,0,0,0,0,0,0,154,0,0,0,0,0,0,112,0,0,6,8,0,253,0,42,0,101,0,1,0,0,2,0,48,133,0,0,2,0,0,0,0,3,0,0,2,104,0,0,0,0,0,0,16,0,0,0,0,0,0,0,0,0,0,0,0,0,0,0,0,0,0,0,0,0,0,0,0,0,28,0,0,0,0,0,0,0,4,0
1,MC,0,0,0,0,0,0,0,0,0,0,0,0,0,0,0,0,0,2,0,2,0,103,0,0,0,0,51,50,2,1,52,0,50,0,0,0,0,0,0,0,0,1,0,2,30,0,0,0,0,0,0,0,0,0,0,0,2,0,0,0,0,0,1,0,0,0,0,0,1,0,31,5,0,1,0,0,0,1,0,0,0,0,0,0,0,0,0,0,0,0,0,0,0,0,0,0,0,0,0,0,84,0,25,0,0,0,0,0,0,0,0,0,0,0,556,214,0,90,0,2,0,9,0,0,0,0,0,2,1,0,0,0,540,0,11,0,4,102,6,34,1,1,10,0,81,28,0,0,0,1226,1,0,3,2451,0,139,0,0,36,0,1,0,0,97,2,0,0,0,0,0,1,0,0,10,0,78,0,0,0,0,0,0,0,0,0,0,0,0,2,198,0,0,20,0,2,0,0,0,0,0,0,0,0,0,0,20,0,0,0,18,0,3,0,0,0,0,89,16,0,0,0,0,0,0,0,1,0,0,0,0,0,0,0,0,0,0,0,0,0,0,0,0,0,0,0,0,0,0,0,0,0,0,0,0,0,0,0,0,0,0,0,0,1,0,0,0,0,0,0,0,0,0
1,MC,0,0,0,0,0,0,0,0,0,0,1,1,0,0,0,0,0,0,0,2,0,0,0,0,0,0,0,0,0,0,0,0,0,0,0,0,1,0,0,0,0,0,0,2,0,0,0,0,0,0,0,0,0,0,0,0,0,0,0,0,0,0,0,0,0,0,0,0,0,0,4,7,0,0,0,706,0,2,0,0,0,0,0,0,0,0,0,0,0,0,0,0,0,0,0,0,0,0,0,0,8,7,20,0,0,0,0,2,0,0,0,0,0,0,17,707,0,3,0,2,0,2,1,5,0,0,0,707,0,0,0,0,2,0,2,0,0,3,12,0,0,0,2,0,6,30,0,0,0,2,2,0,6,2,0,6,0,0,0,0,0,1,0,2,5,0,0,0,0,2,0,2,0,0,2,0,1,0,0,0,0,0,0,0,0,0,0,0,0,0,0,0,2,0,0,0,0,0,0,0,0,0,0,0,0,2,0,0,0,0,0,2,0,0,0,0,1,0,0,0,0,0,0,0,0,2,0,0,0,0,0,0,0,0,0,0,0,0,0,0,0,0,0,0,0,0,0,0,0,0,0,0,0,0,0,0,0,0,0,0,0,0,5,0,0,0,0,0,0,0,0,0
1,MC,0,0,0,0,0,0,0,0,0,0,0,0,0,0,0,0,0,2,0,2,0,4,0,0,0,0,1,0,2,1,1,0,0,0,0,0,0,0,0,0,0,0,0,0,0,0,0,0,0,0,0,6,0,0,0,0,1,0,0,0,0,0,1,0,0,1,0,0,0,0,6,21,0,1,0,0,0,0,0,1,0,1,0,0,1,4,0,1,0,0,0,0,0,0,3,0,0,0,0,0,59,0,4,0,0,0,0,0,0,0,0,1,0,0,681,908,0,9,15,5,14,15,7,8,0,0,0,153,12,12,8,0,613,0,19,2,3,68,73,343,0,0,15,3,176,43,0,0,0,2,10,4,10,505,0,1122,1,0,6,0,2,7,0,0,6,0,0,8,0,12,7,1,0,47,14,24,7,0,0,0,0,0,0,0,0,0,0,0,2,188,0,0,11,0,1,0,0,0,0,0,0,0,0,0,0,10,0,0,0,10,0,1,0,0,0,0,42,253,0,0,0,0,0,0,0,0,0,0,0,0,0,0,0,0,0,0,0,0,0,0,1,8,0,0,0,1,0,0,1,0,0,0,0,0,0,20,26,7,0,7,0,0,1,10,26,26,0,1,0,36,0,0
1,MC,0,0,2,0,0,0,0,0,0,0,1,0,1,0,0,0,0,1,0,0,0,0,0,0,0,0,0,0,0,0,0,0,0,0,0,0,1,0,1,0,0,0,0,0,0,0,0,0,0,0,0,0,0,0,0,0,0,0,4,0,0,0,0,0,0,5,0,1,1,9,2,8,0,0,0,0,0,5,0,0,0,0,0,0,0,0,0,0,0,0,0,0,0,0,0,0,0,0,0,0,49,0,33,0,0,0,0,0,0,0,0,0,0,3,62,75,0,2,5,6,0,10,1,5,0,0,0,0,1,0,0,0,0,1,19,0,1,19,24,10,3,0,16,0,101,15,0,0,0,0,3,0,2,2,0,29,0,0,0,0,5,1,1,0,5,0,0,0,0,1,1,0,2,7,0,0,0,0,0,0,0,0,0,0,0,0,3,0,0,0,0,0,1,0,0,0,0,0,0,0,0,0,0,0,0,0,0,0,0,0,0,1,0,0,0,0,10,11,0,0,0,0,0,0,0,0,1,0,0,0,0,0,0,0,0,0,0,1,3,0,0,0,0,0,0,0,0,0,0,0,0,0,0,0,0,0,0,0,0,0,0,0,3,0,0,0,0,0,0,0,0,0
1,MC,0,0,2,2,0,0,0,0,0,0,0,0,0,0,0,0,0,1,0,1,0,0,0,0,0,0,0,0,0,0,0,0,0,0,0,0,0,0,2,0,0,0,0,0,0,0,0,0,0,0,0,0,0,0,0,0,1,0,0,0,0,1,0,0,0,8,0,0,0,1,1,82,0,1,0,0,0,6,0,0,0,0,0,0,0,0,0,0,0,0,0,0,0,0,0,0,0,0,0,0,21,0,59,0,0,0,0,0,0,0,0,0,0,0,46,273,0,13,0,5,0,13,0,21,0,0,0,24,7,5,135,0,24,0,18,0,3,89,20,32,3,0,13,0,149,10,0,2,0,2,1,2,0,6,0,53,0,0,1,0,5,0,0,0,2,0,0,0,0,2,0,5,7,14,0,0,0,0,0,0,0,0,0,0,0,0,0,1,1,100,0,0,12,0,6,0,0,0,0,0,0,0,0,0,0,16,0,0,0,10,0,6,0,0,0,0,66,21,0,0,0,0,0,0,0,0,0,0,0,0,0,0,0,0,0,0,0,0,0,0,0,0,0,0,0,0,0,0,0,0,0,0,0,0,0,0,0,0,0,0,0,0,3,0,0,0,0,0,0,0,1,0
1,MC,0,0,0,1,0,0,0,0,0,0,0,0,0,0,0,0,0,2,0,2,0,4,0,0,0,0,1,0,2,1,1,0,0,0,0,0,0,0,0,0,0,0,0,0,0,0,0,0,0,0,0,6,0,0,0,0,1,0,0,0,0,0,1,0,0,1,0,0,0,0,5,20,0,1,0,0,0,0,0,1,0,1,0,0,1,4,0,1,0,0,0,0,0,0,3,0,0,0,0,0,56,0,4,0,0,0,0,0,0,0,0,1,0,0,70,835,0,9,15,5,14,14,7,7,0,0,0,149,17,12,8,0,33,0,18,2,3,61,63,343,0,0,15,3,175,43,0,0,0,2,15,4,9,271,1,1112,0,0,6,0,2,6,0,0,6,0,0,8,0,11,9,0,0,45,12,22,6,0,0,0,0,0,0,0,0,0,0,0,2,196,0,0,11,0,1,0,0,0,0,0,0,0,0,0,0,10,0,0,0,10,0,1,0,0,0,0,42,253,0,0,0,0,0,0,0,0,0,0,0,0,0,0,0,0,0,0,0,0,0,0,1,7,0,0,0,1,0,0,1,0,0,0,0,0,0,24,26,6,0,6,0,0,1,15,26,26,0,1,0,35,0,0
1,MC,0,0,0,0,0,0,0,0,0,0,0,0,0,0,0,0,0,1,0,2,0,4,0,0,0,0,1,0,2,1,1,0,0,0,0,0,0,0,0,0,0,0,0,0,0,0,0,0,0,0,0,4,0,0,0,0,1,0,0,0,0,0,1,0,0,0,0,0,0,0,4,15,0,1,0,0,0,0,0,1,0,1,0,0,1,4,0,1,0,0,0,0,0,0,3,0,0,0,0,0,52,0,4,0,0,0,0,0,0,0,0,1,0,0,71,662,0,9,13,5,10,12,5,5,0,0,0,106,11,12,8,0,34,0,16,2,3,56,50,273,0,0,13,3,143,37,0,0,0,3,11,4,8,263,0,806,0,0,5,0,2,5,0,0,6,0,0,8,0,8,8,0,0,36,10,16,5,0,0,0,0,0,0,0,0,0,0,0,2,212,0,0,14,0,1,0,0,0,0,0,0,0,0,0,0,13,0,0,0,13,0,1,0,0,0,0,41,207,0,0,0,0,0,0,0,0,0,0,0,0,0,0,0,0,0,0,0,0,0,0,1,5,0,0,0,1,0,0,1,0,0,0,0,0,0,18,20,4,0,4,0,0,1,11,20,20,0,1,0,27,0,0
1,MC,0,0,0,0,0,0,0,0,0,0,0,0,0,0,0,0,0,0,0,27,0,2,2,0,0,2,0,0,0,0,0,2,0,0,0,0,0,0,0,0,0,0,0,0,0,0,0,0,0,0,6,0,0,0,0,0,0,0,0,0,0,0,0,0,0,0,0,0,0,0,3,1,0,1,2,0,0,0,0,0,0,0,0,0,0,0,0,0,0,0,0,0,0,0,0,0,0,0,1,0,38,0,2,0,0,0,0,0,0,0,0,0,0,0,14,183,0,2,0,2,0,4,1,0,0,0,0,0,0,0,0,0,11,2,306,0,0,5,15,0,0,1,4,0,38,8,0,0,0,2,2,0,4,0,0,9,0,0,2,1,2,1,1,0,3,0,0,0,0,4,0,300,1,2,2,0,7,0,0,0,0,0,0,0,0,0,0,0,27,437,0,0,0,0,0,0,0,0,0,0,0,0,0,0,0,0,0,0,0,0,0,0,0,0,1,0,2,0,0,2,0,0,0,0,0,2,0,0,0,0,0,0,0,0,0,0,0,0,0,0,0,0,0,0,0,0,0,0,0,0,0,0,0,0,0,0,0,0,0,0,0,0,2,0,0,0,0,0,0,0,0,0
1,MC,0,0,0,0,0,0,0,0,0,0,0,0,0,0,0,0,0,1,0,2,0,4,0,0,0,0,1,0,2,1,1,0,0,0,0,0,0,0,0,0,0,0,0,0,0,0,0,0,0,0,0,4,0,0,0,0,1,0,0,0,0,0,1,0,0,0,0,0,0,0,4,16,0,1,0,0,0,0,0,1,0,1,0,0,1,4,0,1,0,0,0,0,0,0,3,0,0,0,0,0,52,0,4,0,0,0,0,0,0,0,0,1,0,0,75,614,0,9,14,5,10,12,5,5,0,0,0,111,10,12,8,0,34,0,16,2,3,56,52,233,0,0,13,3,145,37,0,0,0,3,9,4,8,263,0,811,0,0,5,0,2,4,0,0,6,0,0,8,0,8,6,0,0,36,10,17,5,0,0,0,0,0,0,0,0,0,0,0,2,185,0,0,14,0,1,0,0,0,0,0,0,0,0,0,0,13,0,0,0,13,0,1,0,0,0,0,41,188,0,0,0,0,0,0,0,0,0,0,0,0,0,0,0,0,0,0,0,0,0,0,1,6,0,0,0,1,0,0,1,0,0,0,0,0,0,17,20,5,0,5,0,0,1,9,20,20,0,1,0,28,0,0
1,MC,0,0,0,0,0,0,0,0,0,0,0,0,0,0,0,1,0,3,0,1,0,2,0,0,0,0,0,0,0,0,1,0,0,0,0,0,0,0,1,0,0,0,0,0,0,1,0,0,0,0,0,2,0,0,0,0,0,0,0,0,0,0,0,0,0,1,0,0,0,3,1,45,0,0,0,1,0,2,0,0,0,0,0,0,0,0,0,0,0,0,0,0,0,0,0,0,0,0,0,0,28,0,16,1,1,0,0,1,38,0,0,0,0,0,432,459,0,2,8,0,0,341,0,37,0,0,0,32,1,0,0,0,2,0,1501,0,0,15,7,88,0,0,7,0,69,22,0,0,0,0,0,0,1,1,0,404,0,0,2,0,0,0,0,6,0,0,0,0,0,0,0,1498,1,8,0,2,0,0,0,2,0,1,0,0,0,0,0,0,1,103,0,0,1,0,0,0,0,0,0,0,0,0,0,0,0,1,0,0,1,0,2,0,0,0,0,0,7,69,0,0,0,0,0,0,0,2,0,0,0,0,0,0,0,3,0,0,0,0,0,0,0,1,0,0,0,0,0,0,0,0,0,0,0,0,0,1,0,0,0,0,0,0,3,0,0,0,0,0,0,0,0,0
1,MC,0,0,0,0,0,0,0,0,0,0,0,0,0,0,0,0,0,2,0,2,0,4,0,0,0,0,1,0,2,1,1,0,0,0,0,0,0,0,0,0,0,0,0,0,0,0,0,0,0,0,0,6,0,0,0,0,1,0,0,0,0,0,1,0,0,1,0,0,0,0,6,19,0,1,0,0,0,0,0,1,0,1,0,0,1,4,0,1,0,0,0,0,0,0,3,0,0,0,0,0,59,0,4,0,0,0,0,0,0,0,0,1,0,0,70,906,0,9,15,5,14,14,7,7,0,0,0,153,13,12,8,0,33,0,18,2,3,61,70,343,0,0,15,3,175,43,0,0,0,2,11,4,10,263,0,1121,0,0,6,0,2,7,0,0,6,0,0,8,0,12,7,0,0,43,14,24,7,0,0,0,0,0,0,0,0,0,0,0,2,198,0,0,11,0,1,0,0,0,0,0,0,0,0,0,0,10,0,0,0,10,0,1,0,0,0,0,42,253,0,0,0,0,0,0,0,0,0,0,0,0,0,0,0,0,0,0,0,0,0,0,1,8,0,0,0,1,0,0,1,0,0,0,0,0,0,24,26,7,0,7,0,0,0,14,26,26,0,1,0,36,0,0
1,MC,0,0,0,121,2,0,0,0,0,0,0,0,0,0,0,0,0,2,0,1,0,0,0,0,0,0,0,0,0,0,0,0,0,0,0,0,0,0,4,0,0,0,0,0,0,0,0,0,0,0,0,0,0,0,0,1,1,0,3,0,0,1,0,0,0,2,0,0,0,2,2,39,0,3,0,0,0,8,0,0,0,0,0,0,0,0,0,0,0,0,0,0,0,0,0,0,0,0,0,0,39,0,77,0,0,0,0,0,0,0,0,0,0,2,146,1775,1,52,23,11,0,33,1,21,0,0,0,75,11,179,26,0,23,0,45,99,2,345,150,1957,1,5,36,1,343,35,7,6,0,27,35,1039,15,13,4,568,0,0,8,18,8,2,0,3,49,0,0,31,0,2,5,16,6,30,2,1,19,0,0,0,0,0,0,0,0,0,0,0,1,103,0,0,12,0,5,0,0,0,0,0,18,0,0,0,0,14,0,0,0,10,0,5,0,0,0,0,71,594,0,0,0,0,0,0,0,1,0,0,1,0,0,0,0,3,0,0,0,0,0,0,0,0,0,0,0,0,0,0,0,0,0,0,0,0,0,0,0,0,0,0,0,0,115,0,0,382,383,383,0,0,1,0
1,MC,0,0,0,29,7,0,0,0,0,0,0,0,0,0,0,0,1,2,0,2,0,0,0,0,0,0,0,0,0,0,0,0,0,0,0,0,1,0,7,0,0,0,0,0,0,0,0,0,0,0,0,0,0,0,0,0,1,0,3,0,0,0,0,0,0,3,1,0,0,2,6,17,0,2,0,0,0,0,0,0,0,0,0,0,0,0,0,0,0,0,0,0,0,0,0,0,0,0,0,0,36,12,23,0,0,0,0,0,0,1,0,0,0,13,59,1166,3,87,3,15,0,23,1,0,5,0,0,39,45,275,3,2,37,0,70,9,7,40,78,849,1,38,22,0,191,28,42,5,25,91,40,306,48,11,2,1069,0,0,13,30,12,2,0,0,9,0,2,0,0,4,1,10,55,32,2,0,31,0,0,0,2,0,2,0,0,0,0,3,2,194,0,2,0,0,0,0,0,0,0,0,0,0,0,0,0,0,0,0,0,0,0,0,0,0,0,0,17,427,0,1,0,0,0,0,2,0,0,0,0,0,0,1,0,2,0,0,0,0,0,0,0,0,0,0,0,0,0,0,0,0,0,0,0,0,0,0,0,0,0,0,0,0,5,0,0,0,0,0,0,0,0,0
1,MC,0,0,0,1,0,0,0,0,0,0,0,0,0,0,0,0,0,1,0,2,0,3,0,0,0,0,1,0,2,1,1,0,0,0,0,0,0,0,0,0,0,0,0,0,0,0,0,0,0,0,0,0,0,0,0,0,1,0,0,0,0,0,1,0,0,0,0,0,0,0,1,10,0,1,0,0,0,0,0,1,0,1,0,0,1,4,0,1,0,0,0,0,0,0,2,0,0,0,0,0,45,0,3,0,0,0,0,0,0,0,0,1,0,0,48,274,0,10,9,5,0,8,0,2,0,0,0,22,7,12,8,0,28,0,12,2,3,41,6,133,0,0,9,3,79,23,0,0,0,4,4,4,3,439,1,184,1,0,1,0,2,0,0,0,6,0,0,8,0,2,1,0,5,21,0,0,0,0,0,0,0,0,0,0,0,0,0,0,2,223,0,0,14,0,1,0,0,0,0,0,0,0,0,0,0,13,0,0,0,13,0,1,0,0,0,0,36,115,0,0,0,0,0,0,0,0,0,0,0,0,0,0,0,0,0,0,0,0,0,0,1,1,0,0,0,1,0,0,1,0,0,0,0,0,0,3,0,0,0,0,0,0,1,0,0,0,0,1,0,3,0,0
1,MC,0,0,0,1,0,0,0,0,0,0,0,0,0,0,0,0,0,1,0,2,0,3,0,0,0,0,1,0,2,1,1,0,0,0,0,0,0,0,0,0,0,0,0,0,0,0,0,0,0,0,0,0,0,0,0,0,1,0,0,0,0,0,1,0,0,0,0,0,0,0,1,12,0,1,0,0,0,0,0,1,0,1,0,0,1,4,0,1,0,0,0,0,0,0,2,0,0,0,0,0,45,0,3,0,0,0,0,0,0,0,0,1,0,0,49,266,0,10,9,5,0,8,0,3,0,0,0,15,5,12,8,0,28,0,12,2,3,41,6,133,0,0,9,3,79,23,0,0,0,4,4,4,3,263,1,184,2,0,1,0,2,0,0,0,6,0,0,8,0,2,1,0,5,21,0,0,0,0,0,0,0,0,0,0,0,0,0,0,2,198,0,0,14,0,1,0,0,0,0,0,0,0,0,0,0,13,0,0,0,13,0,1,0,0,0,0,36,115,0,0,0,0,0,0,0,0,0,0,0,0,0,0,0,0,0,0,0,0,0,0,1,1,0,0,0,1,0,0,1,0,0,0,0,0,0,3,0,0,0,0,0,0,1,0,0,0,0,1,0,3,0,0
1,MC,0,0,0,0,0,0,0,0,0,0,0,0,0,0,0,0,0,1,0,2,0,3,0,0,0,0,1,0,2,1,1,0,0,0,0,0,0,0,0,0,0,0,0,0,0,0,0,0,0,0,0,0,0,0,0,0,1,0,0,0,0,0,1,0,0,0,0,0,0,0,1,7,0,1,0,0,0,0,0,1,0,1,0,0,1,4,0,1,0,0,0,0,0,0,2,0,0,0,0,0,45,0,3,0,0,0,0,0,0,0,0,1,0,0,46,265,0,10,9,5,0,8,0,1,0,0,0,22,7,12,8,0,28,0,12,2,3,41,6,133,0,0,9,3,79,23,0,0,0,4,4,4,3,408,0,184,0,0,1,0,2,0,0,0,6,0,0,8,0,2,1,0,4,17,0,0,0,0,0,0,0,0,0,0,0,0,0,0,2,199,0,0,14,0,1,0,0,0,0,0,0,0,0,0,0,13,0,0,0,13,0,1,0,0,0,0,36,115,0,0,0,0,0,0,0,0,0,0,0,0,0,0,0,0,0,0,0,0,0,0,1,1,0,0,0,1,0,0,1,0,0,0,0,0,0,3,0,0,0,0,0,0,0,0,0,0,0,1,0,3,0,0
1,MC,0,0,0,0,0,0,0,0,0,0,6,0,0,1,0,0,0,119,0,3,0,0,0,0,0,0,0,0,0,0,0,0,0,0,0,0,0,0,0,0,0,0,0,0,0,0,0,0,0,0,0,0,0,0,0,0,2,0,0,0,0,0,0,0,0,0,0,2,0,0,2,579,0,0,0,0,0,0,0,0,0,0,0,0,0,0,0,0,0,0,0,0,0,0,0,0,0,0,0,0,163,0,214,0,0,0,0,2,0,0,0,0,0,0,617,1923,0,463,0,3,2,9,1,192,0,0,0,288,4,0,0,0,660,0,10,2,55,330,311,104,184,1,11,1,85,35,0,0,0,224,103,21,5,0,0,249,0,0,60,0,1,1,0,258,1,0,0,0,0,0,102,0,0,379,2,87,0,0,0,0,0,0,0,0,0,0,0,0,1,100,0,0,20,0,0,0,0,0,0,0,0,0,0,0,0,20,0,0,0,16,0,4,0,0,0,0,225,47,0,0,0,0,0,0,0,2,0,0,0,0,0,0,0,0,0,0,0,0,0,85,0,2,0,0,0,0,0,0,0,0,0,0,0,0,0,2286,2286,0,0,0,2286,0,7,2286,1,0,0,0,0,2286,1,0
1,MC,0,0,0,0,0,0,0,0,0,0,0,0,0,0,0,0,0,1,0,2,2,0,0,0,0,0,0,0,0,0,0,0,0,0,0,0,0,0,0,0,0,0,0,0,0,0,0,0,0,0,0,0,0,0,0,0,0,0,0,0,0,0,0,0,0,0,0,4,0,0,1,23,0,0,0,0,0,0,0,0,0,0,0,0,0,0,0,0,0,0,0,0,0,0,0,0,0,0,0,0,315,0,13,0,0,0,0,1,0,0,0,0,0,0,316,870,0,7,0,1,0,4,0,18,0,0,0,7,45,0,0,0,120,19,4,0,3,65536,1,3,0,65536,2,0,64,43,0,65536,0,8,5,0,1,3,0,0,0,0,7,0,0,0,0,1,3,0,0,0,0,0,1,3,0,4,0,0,0,2,0,0,0,0,0,0,0,0,0,0,0,0,0,0,0,0,65536,65536,1,0,0,0,0,0,0,0,0,0,0,0,0,0,0,0,0,0,19,0,2,3,0,0,0,0,0,0,0,2,0,0,0,0,0,0,0,0,0,0,0,0,0,0,0,2,0,0,0,0,0,0,0,0,0,0,0,0,0,6,3,0,3,0,0,0,2,0,0,0,0,0,0,3,0,0
1,MC,0,0,0,119,2,0,0,0,0,0,0,0,0,0,0,0,0,2,0,1,0,0,0,0,0,0,0,0,0,0,0,0,0,0,0,0,0,0,4,0,0,0,0,0,0,0,0,0,0,0,0,0,0,0,0,0,1,0,0,0,0,1,0,0,0,2,0,0,0,0,1,35,0,3,0,0,0,6,0,0,0,0,0,0,0,0,0,0,0,0,0,0,0,0,0,0,0,0,0,0,69,0,67,0,0,0,0,0,0,0,0,0,0,2,86,941,0,39,6,10,0,24,1,21,0,0,0,59,11,45,1,0,19,0,36,5,2,308,60,1239,1,4,34,1,251,38,7,4,0,24,32,1035,14,11,4,1071,0,0,6,16,7,2,0,0,36,0,0,11,0,2,4,16,5,23,2,0,17,0,0,0,0,0,0,0,0,0,0,0,1,98,0,0,12,0,6,0,0,0,0,0,18,0,0,0,0,16,0,0,0,10,0,6,0,0,0,0,79,431,0,0,0,0,0,0,0,0,0,0,1,0,0,0,0,0,0,0,0,0,0,0,0,0,0,0,0,0,0,0,0,0,0,0,0,0,0,0,0,0,0,0,0,0,113,0,0,0,0,0,0,0,1,0
1,MC,0,0,0,0,0,0,0,0,0,0,0,0,0,0,0,0,0,4,0,1252,2,0,2,0,0,2,0,0,0,0,0,2,0,0,0,0,0,0,1,0,0,0,0,0,0,0,0,0,0,0,0,0,0,0,0,0,0,0,0,0,0,0,0,0,0,0,0,0,0,0,6,2808,0,0,0,0,0,1,0,0,0,0,0,0,0,0,0,0,0,0,0,0,0,0,0,0,0,0,0,0,51,0,24,0,0,0,0,0,0,0,0,1,0,1,61,1616,0,12,26,2,0,14,1,2784,0,0,0,26,9,0,0,0,54,0,19235,2,1,24,17,19,0,2,18,1,118,33,0,0,0,1,5,11,5,0,0,105,1,0,0,33,2,1,0,0,4,0,0,0,0,1,2,19214,0,58,2,0,1,0,1,0,0,0,0,0,0,0,0,0,1252,91484,0,3,2,0,0,0,0,0,0,0,0,0,0,0,2,0,0,0,2,0,0,0,0,0,0,0,13,34,0,0,0,0,0,0,0,1,0,0,0,0,0,0,0,0,0,0,0,0,0,0,10,0,10,10,10,20,10,10,0,0,0,0,0,0,0,2,0,0,0,0,0,0,3,0,0,0,0,0,0,2,0,0
1,MC,0,0,0,0,0,0,0,0,0,0,0,0,0,0,0,0,0,1,0,2,0,4,0,0,0,0,1,0,2,1,1,0,0,0,0,0,0,0,0,0,0,0,0,0,0,0,0,0,0,0,0,5,0,0,0,0,1,0,0,0,0,0,1,0,0,0,0,0,0,0,5,21,0,1,0,0,0,0,0,1,0,1,0,0,1,4,0,1,0,0,0,0,0,0,3,0,0,0,0,0,56,0,4,0,0,0,0,0,0,0,0,1,0,0,72,769,0,9,14,5,12,13,6,8,0,0,0,120,10,12,8,0,36,0,17,2,3,59,59,308,0,0,14,3,159,40,0,0,0,3,9,4,9,263,0,961,2,0,6,0,2,6,0,0,6,0,0,8,0,10,6,0,0,40,12,20,6,0,0,0,0,0,0,0,0,0,0,0,2,206,0,0,14,0,1,0,0,0,0,0,0,0,0,0,0,13,0,0,0,13,0,1,0,0,0,0,42,230,0,0,0,0,0,0,0,0,0,0,0,0,0,0,0,0,0,0,0,0,0,0,1,6,0,0,0,1,0,0,1,0,0,0,0,0,0,18,19,5,0,5,0,0,1,10,19,19,0,1,0,27,0,0
1,MC,0,0,2,0,0,0,0,0,0,0,0,0,0,0,0,0,0,1,0,0,0,4,2,1,0,2,2,2,0,0,2,2,2,1,0,0,0,0,0,0,0,0,0,0,0,0,0,0,0,0,0,0,0,0,0,1,0,0,0,0,0,0,0,0,0,0,0,0,0,3,2,14,0,0,0,0,0,2,0,0,0,0,0,0,0,0,0,0,0,0,0,0,0,0,0,0,0,0,0,0,38,0,51,0,0,0,0,0,0,0,0,0,0,0,47,120,0,6,0,5,0,14,2,0,0,0,0,8,3,0,3,0,6,0,19,0,2,65,33,32,0,0,14,0,139,35,0,0,0,5,4,2,3,1,0,72,0,0,1,0,4,2,0,3,8,0,0,0,0,2,2,1,3,33,4,1,2,0,0,0,0,0,0,0,0,0,0,6,0,0,0,1,2,0,0,0,0,0,0,0,0,0,0,0,0,2,0,0,0,2,0,0,0,0,0,0,36,21,0,0,0,0,0,0,0,0,0,0,0,0,0,0,0,15,0,0,0,0,0,0,0,2,0,0,0,0,0,0,0,0,0,0,0,0,0,0,0,0,0,0,0,0,12,0,0,0,0,0,0,0,1,0
1,MC,0,0,0,0,0,0,0,0,0,0,0,0,0,0,0,0,0,0,0,1,0,0,0,0,0,0,0,0,0,0,0,0,0,0,0,0,0,0,132,0,0,0,0,0,0,1,0,0,0,0,0,0,0,0,0,1,2,0,2,0,0,0,0,0,0,0,0,1,0,0,1,27,0,2,0,0,0,0,0,0,1,0,0,1,0,3,1,0,1,0,0,1,0,0,0,0,2,0,0,0,28,0,92,0,0,0,0,1,0,0,0,1,0,0,20,317,0,2,9,3,0,6,0,3,0,0,0,15,5,12,8,0,3,0,9,2,3,11,68,116,0,0,8,3,193,23,0,0,0,0,407,4,4,0,0,134,3,0,0,0,0,0,0,0,1,0,0,8,0,1,0,66,0,21,0,1,0,0,0,0,0,0,0,0,0,0,0,1,0,0,0,0,2,0,0,0,0,0,0,0,0,0,0,0,0,4,0,0,0,4,0,0,0,0,0,0,6,106,0,0,0,0,0,0,0,1,0,0,0,0,0,0,0,0,0,0,0,0,0,0,1,2,0,0,0,1,0,0,1,0,0,0,0,0,0,3,0,0,1,0,0,0,1,0,0,0,0,1,0,4,0,0
1,MC,0,0,0,19,0,0,0,0,0,0,0,0,0,0,0,0,0,0,0,0,0,0,0,0,0,0,0,0,0,0,0,0,0,0,0,0,0,0,3,0,0,0,0,0,0,0,0,0,0,0,0,0,0,0,0,0,0,0,0,0,0,0,0,0,0,0,0,0,0,0,2,7,0,0,0,0,0,1,0,0,0,0,0,0,0,0,0,0,0,0,0,0,0,0,0,0,0,0,0,0,16,0,25,0,0,0,0,0,0,0,0,0,0,0,41,120,0,15,0,1,0,4,2,1,0,0,0,48,7,0,0,0,4,0,7,0,0,28,33,75,0,2,5,1,55,17,0,0,0,0,6,14,7,6,4,114,0,0,0,34,1,0,0,0,4,0,0,0,0,1,1,0,0,8,2,0,1,0,0,0,0,0,0,0,0,0,0,0,0,0,0,0,0,0,0,0,0,0,0,0,0,0,0,0,0,0,0,0,0,0,0,0,0,0,0,0,11,18,0,0,0,0,0,0,0,3,0,0,1,0,0,0,0,0,0,0,0,0,0,0,0,0,0,0,0,0,0,0,0,0,0,0,0,0,0,0,0,0,0,0,0,0,15,0,0,0,0,0,0,0,1,0
1,MC,0,0,0,1,0,0,0,0,0,0,0,0,0,0,0,0,0,1,0,2,0,4,0,0,0,0,1,0,2,1,1,0,0,0,0,0,0,0,0,0,0,0,0,0,0,0,0,0,0,0,0,5,0,0,0,0,1,0,0,0,0,0,1,0,0,0,0,0,0,0,4,17,0,1,0,0,0,0,0,1,0,1,0,0,1,4,0,1,0,0,0,0,0,0,3,0,0,0,0,0,52,0,4,0,0,0,0,0,0,0,0,1,0,0,71,699,0,9,14,5,10,13,5,5,0,0,0,125,9,12,8,0,34,0,17,2,3,57,52,308,0,0,14,3,159,38,0,0,0,3,14,4,8,401,1,957,0,0,6,0,2,5,0,0,6,0,0,8,0,8,10,0,0,38,10,17,5,0,0,0,0,0,0,0,0,0,0,0,2,192,0,0,14,0,1,0,0,0,0,0,0,0,0,0,0,13,0,0,0,13,0,1,0,0,0,0,41,230,0,0,0,0,0,0,0,0,0,0,0,0,0,0,0,0,0,0,0,0,0,0,1,6,0,0,0,1,0,0,1,0,0,0,0,0,0,15,18,5,0,5,0,0,1,7,18,18,0,1,0,26,0,0
1,MC,0,0,0,0,0,0,0,0,0,0,0,0,0,0,0,0,0,2,0,2,0,4,0,0,0,0,1,0,2,1,1,0,0,0,0,0,0,0,0,0,0,0,0,0,0,0,0,0,0,0,0,6,0,0,0,0,1,0,0,0,0,0,1,0,0,1,0,0,0,0,5,20,0,1,0,0,0,0,0,1,0,1,0,0,1,4,0,1,0,0,0,0,0,0,3,0,0,0,0,0,55,0,4,0,0,0,0,0,0,0,0,1,0,0,68,819,0,9,15,5,12,14,6,7,0,0,0,145,15,12,8,0,31,0,18,2,3,59,61,343,0,0,15,3,173,41,0,0,0,2,12,4,9,263,0,1112,1,0,6,0,2,5,0,0,6,0,0,8,0,10,7,0,0,43,12,21,6,0,0,0,0,0,0,0,0,0,0,0,2,213,0,0,11,0,1,0,0,0,0,0,0,0,0,0,0,10,0,0,0,10,0,1,0,0,0,0,41,253,0,0,0,0,0,0,0,0,0,0,0,0,0,0,0,0,0,0,0,0,0,0,1,7,0,0,0,1,0,0,1,0,0,0,0,0,0,16,19,6,0,6,0,0,1,7,19,19,0,1,0,28,0,0
1,MC,0,0,0,0,0,0,0,0,0,0,0,0,0,0,0,0,0,0,0,0,0,0,0,0,0,0,0,0,0,0,0,0,0,0,0,0,0,0,0,0,0,0,0,0,0,0,0,0,0,0,0,0,0,0,0,0,0,0,0,0,0,0,0,0,0,0,0,0,0,0,0,1,0,0,0,0,0,0,0,0,0,0,0,0,0,0,0,0,0,0,0,0,0,0,0,0,0,0,0,0,0,0,1,0,0,0,0,0,0,0,0,0,0,0,3,8,0,0,0,0,0,1,0,0,0,0,0,0,2,0,0,0,1,0,1,0,1,0,0,0,0,0,0,0,0,0,0,0,0,0,0,0,0,1,0,0,0,0,0,0,0,0,0,0,2,0,0,0,0,1,0,0,1,1,0,0,0,0,0,0,0,0,0,0,0,0,0,0,0,0,0,0,0,0,0,0,0,0,0,0,0,0,0,0,0,0,0,0,0,0,0,0,0,0,0,0,0,0,0,0,0,0,0,0,0,0,0,0,0,0,0,0,0,0,0,0,0,0,0,0,0,0,0,0,0,0,0,0,0,0,0,0,0,0,0,0,0,0,0,0,0,0,1,0,0,0,0,0,0,0,0,0
1,MC,0,0,0,0,0,0,0,0,0,0,0,0,0,0,0,0,0,1,0,2,0,4,0,0,0,0,1,0,2,1,1,0,0,0,0,0,0,0,0,0,0,0,0,0,0,0,0,0,0,0,0,5,0,0,0,0,1,0,0,0,0,0,1,0,0,0,0,0,0,0,5,19,0,1,0,0,0,0,0,1,0,1,0,0,1,4,0,1,0,0,0,0,0,0,3,0,0,0,0,0,56,0,4,0,0,0,0,0,0,0,0,1,0,0,70,784,0,9,14,5,12,13,6,7,0,0,0,127,12,12,8,0,36,0,17,2,3,59,59,308,0,0,14,3,159,40,0,0,0,3,11,4,9,263,0,961,1,0,6,0,2,6,0,0,6,0,0,8,0,10,8,0,0,42,12,20,6,0,0,0,0,0,0,0,0,0,0,0,2,207,0,0,14,0,1,0,0,0,0,0,0,0,0,0,0,13,0,0,0,13,0,1,0,0,0,0,42,230,0,0,0,0,0,0,0,0,0,0,0,0,0,0,0,0,0,0,0,0,0,0,1,6,0,0,0,1,0,0,1,0,0,0,0,0,0,19,17,5,0,5,0,0,0,11,17,17,0,1,0,25,0,0
1,MC,0,0,0,0,0,0,0,0,0,0,0,0,0,0,0,0,0,1,0,2,0,4,0,0,0,0,1,0,2,1,1,0,0,0,0,0,0,0,0,0,0,0,0,0,0,0,0,0,0,0,0,5,0,0,0,0,1,0,0,0,0,0,1,0,0,0,0,0,0,0,5,17,0,1,0,0,0,0,0,1,0,1,0,0,1,4,0,1,0,0,0,0,0,0,3,0,0,0,0,0,56,0,4,0,0,0,0,0,0,0,0,1,0,0,73,776,0,9,14,5,12,13,6,6,0,0,0,127,10,12,8,0,36,0,17,2,3,59,59,308,0,0,14,3,159,40,0,0,0,3,10,4,9,263,0,961,0,0,6,0,2,5,0,0,6,0,0,8,0,10,7,0,0,39,12,20,6,0,0,0,0,0,0,0,0,0,0,0,2,198,0,0,14,0,1,0,0,0,0,0,0,0,0,0,0,13,0,0,0,13,0,1,0,0,0,0,42,230,0,0,0,0,0,0,0,0,0,0,0,0,0,0,0,0,0,0,0,0,0,0,1,6,0,0,0,1,0,0,1,0,0,0,0,0,0,20,21,5,0,5,0,0,0,12,21,21,0,1,0,29,0,0
1,MC,0,0,0,1,0,0,0,0,0,0,0,0,0,0,0,0,0,1,0,2,0,4,0,0,0,0,1,0,2,1,1,0,0,0,0,0,0,0,0,0,0,0,0,0,0,0,0,0,0,0,0,5,0,0,0,0,1,0,0,0,0,0,1,0,0,0,0,0,0,0,4,22,0,1,0,0,0,0,0,1,0,1,0,0,1,4,0,1,0,0,0,0,0,0,3,0,0,0,0,0,52,0,4,0,0,0,0,0,0,0,0,1,0,0,64,696,0,9,14,5,10,13,5,8,0,0,0,121,11,12,8,0,31,0,17,2,3,56,52,308,0,0,14,3,159,38,0,0,0,2,12,4,8,448,1,957,2,0,7,0,2,5,0,0,6,0,0,8,0,9,8,0,0,41,10,18,5,0,0,0,0,0,0,0,0,0,0,0,2,198,0,0,11,0,1,0,0,0,0,0,0,0,0,0,0,10,0,0,0,10,0,1,0,0,0,0,40,230,0,0,0,0,0,0,0,0,0,0,0,0,0,0,0,0,0,0,0,0,0,0,1,6,0,0,0,1,0,0,1,0,0,0,0,0,0,17,19,5,0,5,0,0,1,9,19,19,0,1,0,27,0,0
1,MC,0,0,0,0,0,0,0,0,0,0,0,0,0,0,0,0,0,1,0,2,0,4,0,0,0,0,1,0,2,1,1,0,0,0,0,0,0,0,0,0,0,0,0,0,0,0,0,0,0,0,0,4,0,0,0,0,1,0,0,0,0,0,1,0,0,0,0,0,0,0,4,18,0,1,0,0,0,0,0,1,0,1,0,0,1,4,0,1,0,0,0,0,0,0,3,0,0,0,0,0,52,0,4,0,0,0,0,0,0,0,0,1,0,0,67,643,0,9,13,5,8,12,4,6,0,0,0,106,9,12,8,0,32,0,16,2,3,54,45,273,0,0,13,3,143,35,0,0,0,3,9,4,7,263,0,804,2,0,3,0,2,3,0,0,6,0,0,8,0,8,6,0,0,36,8,16,4,0,0,0,0,0,0,0,0,0,0,0,2,196,0,0,14,0,1,0,0,0,0,0,0,0,0,0,0,13,0,0,0,13,0,1,0,0,0,0,40,207,0,0,0,0,0,0,0,0,0,0,0,0,0,0,0,0,0,0,0,0,0,0,1,5,0,0,0,1,0,0,1,0,0,0,0,0,0,17,14,4,0,4,0,0,1,10,14,14,0,1,0,21,0,0
1,MC,0,1,0,68,1,0,0,0,0,0,0,0,0,0,0,0,0,9,0,0,0,0,0,0,0,0,0,0,0,0,2,0,0,0,0,0,0,0,16,0,0,0,0,0,0,0,0,0,0,0,0,0,1,0,0,0,2,0,12,0,0,0,7,0,0,2,0,0,14,20,17,49,0,5,0,0,0,13,0,0,0,0,0,0,0,0,0,0,0,0,0,0,0,0,0,0,0,0,0,0,226,0,118,0,0,0,0,0,0,2,0,0,0,4,27031,29535,0,171,20,25,0,32865,13,21,0,0,0,106,26,82,2,0,294,0,32559,10,4,150,207,1713,2,7,108,1,958,1120,14,8,5,54,62,1091,51,33,8,1337,0,0,22,32,19,8,0,6,95,0,3,16,0,10,6,12,29481,64,16,14,40,0,0,0,0,0,0,0,0,0,0,0,0,0,0,0,14,0,0,0,0,0,0,0,0,0,0,0,5,14,0,0,5,7,0,0,0,0,0,0,57,564,0,2,0,1,0,0,0,7,0,0,3,0,0,0,0,21,0,0,0,0,0,0,0,6,0,0,0,7,0,0,0,0,0,0,0,0,0,1,0,4,0,0,0,0,41,0,0,0,597,0,0,2,1,0
1,MC,0,0,2,6,0,0,0,0,0,0,0,29,0,0,0,0,0,5,0,0,0,0,0,0,0,0,0,0,0,0,0,0,0,0,0,0,6,0,8,0,0,0,0,0,0,0,0,0,0,4,0,0,0,0,0,0,0,0,0,0,0,0,0,0,0,13,0,0,0,3,1,50,0,0,0,0,0,0,0,0,0,4,4,0,7,12,0,4,0,4,0,0,0,0,4,0,3,0,0,0,44,0,38,0,0,0,0,0,0,0,0,1,0,7,63,560,0,68,11,11,0,30,2,3,0,0,0,85,14,18,199,0,10,0,48,2,4,64,52,340,3,1,37,3,319,71,12,0,0,19,12,123,13,8,0,379,3,0,6,75,10,2,0,3,20,0,0,8,0,0,5,5,8,85,2,2,5,0,0,0,0,0,0,0,0,0,0,8,0,0,0,0,0,0,0,0,0,0,0,0,0,0,0,0,0,0,0,0,0,0,0,0,0,0,0,0,18,241,1,1,0,0,0,0,0,0,0,0,0,0,0,0,0,22,0,0,0,0,0,0,7,1,0,0,0,1,0,0,4,0,0,0,0,0,0,3,0,0,0,0,0,0,9,0,0,0,0,1,0,3,0,0
1,MC,0,0,0,0,0,0,6,0,0,0,0,0,0,0,0,0,0,3,0,2,0,4925,0,0,0,0,2463,2462,2,1,2462,0,2462,0,0,0,0,0,0,0,0,0,0,0,0,0,0,0,0,0,0,0,0,0,0,0,2,0,0,0,0,0,1,0,0,0,0,0,1,0,251,398,0,1,0,0,0,0,0,0,0,386,0,0,385,1348,0,386,0,0,0,0,0,0,579,0,0,0,0,0,2517,0,42,0,0,0,0,0,0,1211,0,1,0,0,10148,257,0,2125,9,6,0,23,0,0,0,0,0,129,8,12,8,0,10102,0,29,2,7,613,22,160,0,1,17,3,177,54,0,0,0,1543,3,5,6,1,0,875,0,0,1299,0,3,0,0,1305,8,0,0,8,0,0,4,26,0,1065,0,2732,0,0,0,0,0,0,0,0,0,0,0,0,2,206,0,0,19,0,1,0,0,0,0,0,0,0,0,0,0,19,0,0,0,18,0,2,0,0,0,0,315,127,0,0,0,0,0,0,0,1,0,0,0,0,0,0,0,0,0,0,0,0,0,0,386,1,0,0,0,1,0,0,257,0,0,0,0,0,6,8,0,0,0,0,0,0,1,0,0,0,0,13,0,3,0,0
1,MC,0,0,0,0,0,0,0,0,0,0,0,0,0,0,0,0,0,2,0,2,0,4,0,0,0,0,1,0,2,1,1,0,0,0,0,0,0,0,0,0,0,0,0,0,0,0,0,0,0,0,0,6,0,0,0,0,1,0,0,0,0,0,1,0,0,1,0,0,0,0,6,23,0,1,0,0,0,0,0,1,0,1,0,0,1,4,0,1,0,0,0,0,0,0,3,0,0,0,0,0,59,0,4,0,0,0,0,0,0,0,0,1,0,0,389,907,0,9,15,5,14,14,7,9,0,0,0,148,15,12,8,0,375,0,18,2,3,61,68,343,0,0,15,3,175,43,0,0,0,2,12,4,10,263,0,1116,2,0,6,0,2,6,0,0,6,0,0,8,0,12,8,0,0,46,14,24,7,0,0,0,0,0,0,0,0,0,0,0,2,204,0,0,11,0,1,0,0,0,0,0,0,0,0,0,0,10,0,0,0,10,0,1,0,0,0,0,42,253,0,0,0,0,0,0,0,0,0,0,0,0,0,0,0,0,0,0,0,0,0,0,1,7,0,0,0,1,0,0,1,0,0,0,0,0,0,24,24,6,0,6,0,0,0,15,24,24,0,1,0,33,0,0
1,MC,0,3,2,35,1,5,0,0,0,0,0,0,0,0,0,0,0,7,0,1118,0,0,0,0,0,0,0,0,0,0,0,0,0,0,0,0,2,0,8,0,0,0,0,0,0,0,0,0,0,0,0,0,0,0,0,0,1,0,0,0,0,0,0,1,1,8,0,0,0,1,1,977,0,0,0,0,0,0,0,0,0,0,0,0,0,0,0,0,0,0,0,0,0,0,0,0,0,0,0,0,44,0,15,0,0,0,0,0,0,0,0,0,0,0,69,2435,0,27,0,6,1,19,3,71,0,0,0,53,11,5,135,0,9,0,2821,1,3,960,64,123,3,3,26,1,213,29,0,0,0,16,9,27,6,14,6,196,0,0,24,0,10,5,0,28,9,0,1,0,0,2,7,2787,9,53,4,3,2,10,0,0,0,0,0,0,0,0,0,1,1118,257,0,0,7,0,2,0,0,0,0,0,0,0,0,0,8,6,0,0,4,9,0,0,0,0,0,0,12,31,0,0,0,1,0,0,0,0,0,0,1,0,0,0,0,0,0,0,0,0,0,0,0,0,0,0,0,0,0,0,0,0,0,0,0,0,0,0,0,0,0,0,0,0,20,0,0,0,0,0,0,0,1,0
1,MC,0,0,0,45,7,0,0,0,0,0,0,0,0,0,0,0,1,7,0,2,0,0,0,0,0,0,0,0,0,0,0,0,0,0,0,0,1,0,7,0,0,0,0,0,0,0,0,0,0,0,0,0,0,0,0,0,1,0,55,0,0,0,0,0,0,9,6,0,0,6,6,45,0,2,0,0,0,0,0,0,0,0,0,0,0,0,0,0,0,0,0,0,0,0,0,0,0,0,0,0,52,12,25,0,0,4,0,0,0,1,0,0,0,11,82,1339,3,102,11,18,0,27,1,2,5,0,0,43,56,286,3,41,35,0,75,10,58,48,105,988,1,83,23,0,198,35,42,8,27,95,133,603,52,33,2,1033,0,0,17,33,21,7,0,1,31,0,4,2,0,4,2,6,61,77,2,1,31,0,0,0,2,0,2,0,0,0,0,53,2,208,0,0,0,0,0,0,0,0,0,0,1,0,0,0,0,0,0,0,0,0,0,0,0,0,0,0,17,459,0,1,0,0,0,0,2,0,0,0,0,0,0,1,0,16,0,0,0,0,0,0,0,0,0,0,0,0,0,0,0,0,0,0,0,0,0,0,0,0,0,0,0,0,9,0,0,0,0,0,0,0,0,0
1,MC,0,0,0,0,0,0,0,0,0,0,0,0,0,0,0,0,0,1,0,2,0,3,0,0,0,0,1,0,2,1,1,0,0,0,0,0,0,0,0,0,0,0,0,0,0,0,0,0,0,0,0,0,0,0,0,0,1,0,0,0,0,0,1,0,0,0,0,0,0,0,1,7,0,1,0,0,0,0,0,1,0,1,0,0,1,4,0,1,0,0,0,0,0,0,2,0,0,0,0,0,45,0,3,0,0,0,0,0,0,0,0,1,0,0,50,265,0,10,9,5,0,8,0,1,0,0,0,22,7,12,8,0,28,0,12,2,3,41,6,133,0,0,9,3,79,23,0,0,0,4,4,4,3,263,0,184,0,0,1,0,2,0,0,0,6,0,0,8,0,2,1,0,4,18,0,0,0,0,0,0,0,0,0,0,0,0,0,0,2,198,0,0,14,0,1,0,0,0,0,0,0,0,0,0,0,13,0,0,0,13,0,1,0,0,0,0,36,115,0,0,0,0,0,0,0,0,0,0,0,0,0,0,0,0,0,0,0,0,0,0,1,1,0,0,0,1,0,0,1,0,0,0,0,0,0,3,0,0,0,0,0,0,1,0,0,0,0,1,0,3,0,0
1,MC,0,0,0,0,0,0,0,0,0,0,0,0,0,0,0,0,0,3,0,0,0,1,0,0,0,0,0,0,0,0,1,0,0,0,0,0,0,0,1,0,0,0,0,0,0,0,0,0,0,0,0,0,0,0,0,0,0,0,0,0,0,0,0,5,5,0,0,0,9,2,5,10,0,0,0,1,1,3,0,0,0,0,0,0,0,0,0,0,0,0,0,0,0,0,0,0,0,0,2,0,107,0,55,0,0,0,0,0,0,0,0,0,0,0,698,554,1,211,0,5,0,202,0,0,0,0,0,0,4,0,0,0,241,0,213,0,3,53,77,9,0,6,11,0,160,46,0,39,0,191,180,0,18,477,0,93,0,0,16,0,7,2,0,0,362,0,0,0,0,0,3,1,182,13,0,0,0,0,0,0,0,0,0,0,0,0,0,0,0,0,0,0,27,0,0,0,0,0,0,56,0,0,3,0,0,68,0,2,0,33,0,0,0,0,1,0,15,8,0,2,0,0,0,0,0,1,0,0,0,0,0,0,0,1,0,0,2,0,0,0,0,0,0,0,0,0,0,0,0,0,0,0,0,0,0,0,0,0,0,0,0,0,3,0,0,0,0,0,0,0,0,0
1,MC,0,0,0,0,0,0,0,0,0,0,0,0,0,0,0,0,0,0,0,0,0,0,0,0,0,0,0,0,0,0,0,0,0,0,0,0,0,0,0,0,0,0,0,0,0,0,0,0,0,0,0,0,0,0,0,0,0,0,0,0,0,0,0,0,0,0,0,0,0,0,0,1,0,0,0,0,0,0,0,0,0,0,0,0,0,0,0,0,0,0,0,0,0,0,0,0,0,0,0,0,0,0,1,0,0,0,0,0,0,0,0,0,0,0,1,8,0,0,0,0,0,1,0,0,0,0,0,0,2,0,0,0,1,0,1,0,1,0,0,0,0,0,0,0,0,0,0,0,0,0,0,0,0,1,0,0,0,0,0,0,0,0,0,0,2,0,0,0,0,1,0,0,1,1,0,0,0,0,0,0,0,0,0,0,0,0,0,0,0,0,0,0,0,0,0,0,0,0,0,0,0,0,0,0,0,0,0,0,0,0,0,0,0,0,0,0,0,0,0,0,0,0,0,0,0,0,0,0,0,0,0,0,0,0,0,0,0,0,0,0,0,0,0,0,0,0,0,0,0,0,0,0,0,0,0,0,0,0,0,0,0,0,0,0,0,0,0,0,0,0,0,0
1,MC,0,0,0,0,0,0,0,0,0,0,0,0,0,0,0,0,0,1,0,2,0,4,0,0,0,0,1,0,2,1,1,0,0,0,0,0,0,0,0,0,0,0,0,0,0,0,0,0,0,0,0,2,0,0,0,0,1,0,0,0,0,0,1,0,0,0,0,0,0,0,2,13,0,1,0,0,0,0,0,1,0,1,0,0,1,4,0,1,0,0,0,0,0,0,3,0,0,0,0,0,44,0,4,0,0,0,0,0,0,0,0,1,0,0,62,414,0,9,11,5,6,10,3,4,0,0,0,64,9,12,8,0,30,0,14,2,3,50,32,203,0,0,11,3,111,31,0,0,0,3,10,4,6,415,0,496,1,0,3,0,2,3,0,0,6,0,0,8,0,4,7,0,0,28,6,8,3,0,0,0,0,0,0,0,0,0,0,0,2,197,0,0,14,0,1,0,0,0,0,0,0,0,0,0,0,13,0,0,0,13,0,1,0,0,0,0,39,161,0,0,0,0,0,0,0,0,0,0,0,0,0,0,0,0,0,0,0,0,0,0,1,3,0,0,0,1,0,0,1,0,0,0,0,0,0,9,8,2,0,2,0,0,1,4,8,8,0,1,0,13,0,0
1,MC,0,0,0,0,0,0,0,0,0,0,0,0,0,0,0,0,0,1,0,2,0,4,0,0,0,0,1,0,2,1,1,0,0,0,0,0,0,0,0,0,0,0,0,0,0,0,0,0,0,0,0,6,0,0,0,0,1,0,0,0,0,0,1,0,0,0,0,0,0,0,5,18,0,1,0,0,0,0,0,1,0,1,0,0,1,4,0,1,0,0,0,0,0,0,3,0,0,0,0,0,56,0,4,0,0,0,0,0,0,0,0,1,0,0,76,817,0,9,15,5,12,14,6,6,0,0,0,145,10,12,8,0,36,0,18,2,3,60,61,343,0,0,15,3,172,41,0,0,0,3,9,4,9,494,0,1112,0,0,6,0,2,6,0,0,6,0,0,8,0,10,6,0,0,42,12,21,6,0,0,0,0,0,0,0,0,0,0,0,2,180,0,0,14,0,1,0,0,0,0,0,0,0,0,0,0,13,0,0,0,13,0,1,0,0,0,0,42,253,0,0,0,0,0,0,0,0,0,0,0,0,0,0,0,0,0,0,0,0,0,0,1,7,0,0,0,1,0,0,1,0,0,0,0,0,0,20,21,6,0,6,0,0,1,11,21,21,0,1,0,30,0,0
1,MC,0,0,0,0,0,0,0,0,0,0,0,0,0,0,0,0,0,2,0,2,0,4,0,0,0,0,1,0,2,1,1,0,0,0,0,0,0,0,0,0,0,0,0,0,0,0,0,0,0,0,0,6,0,0,0,0,1,0,0,0,0,0,1,0,0,1,0,0,0,0,5,22,0,1,0,0,0,0,0,1,0,1,0,0,1,4,0,1,0,0,0,0,0,0,3,0,0,0,0,0,55,0,4,0,0,0,0,0,0,0,0,1,0,0,72,756,0,9,15,5,12,14,6,8,0,0,0,145,14,12,8,0,31,0,18,2,3,59,61,277,0,0,15,3,165,41,0,0,0,2,11,4,9,263,0,980,2,0,6,0,2,5,0,0,6,0,0,8,0,10,6,0,0,43,12,21,6,0,0,0,0,0,0,0,0,0,0,0,2,184,0,0,11,0,1,0,0,0,0,0,0,0,0,0,0,10,0,0,0,10,0,1,0,0,0,0,41,217,0,0,0,0,0,0,0,0,0,0,0,0,0,0,0,0,0,0,0,0,0,0,1,7,0,0,0,1,0,0,1,0,0,0,0,0,0,22,19,6,0,6,0,0,1,13,19,19,0,1,0,28,0,0
1,MC,0,0,0,0,0,0,0,0,0,0,0,0,0,0,0,0,0,2,0,2,0,4,0,0,0,0,1,0,2,1,1,0,0,0,0,0,0,0,0,0,0,0,0,0,0,0,0,0,0,0,0,6,0,0,0,0,1,0,0,0,0,0,1,0,0,1,0,0,0,0,6,22,0,1,0,0,0,0,0,1,0,1,0,0,1,4,0,1,0,0,0,0,0,0,3,0,0,0,0,0,59,0,4,0,0,0,0,0,0,0,0,1,0,0,67,913,0,9,15,5,16,14,8,9,0,0,0,148,15,12,8,0,35,0,18,2,3,63,73,343,0,0,15,3,175,45,0,0,0,2,12,4,11,467,0,1118,1,0,7,0,2,7,0,0,6,0,0,8,0,12,8,0,0,46,16,24,8,0,0,0,0,0,0,0,0,0,0,0,2,200,0,0,11,0,1,0,0,0,0,0,0,0,0,0,0,10,0,0,0,10,0,1,0,0,0,0,43,253,0,0,0,0,0,0,0,0,0,0,0,0,0,0,0,0,0,0,0,0,0,0,1,7,0,0,0,1,0,0,1,0,0,0,0,0,0,21,22,6,0,6,0,0,0,12,22,22,0,1,0,31,0,0
1,MC,0,0,0,0,0,0,0,0,0,0,0,0,0,0,0,0,0,2,0,2,0,99,0,0,0,0,49,48,2,1,50,0,48,0,0,0,0,0,0,0,0,1,0,2,30,0,0,0,0,0,0,0,0,0,0,0,2,0,0,0,0,0,1,0,0,0,0,0,1,0,31,5,0,1,0,0,0,1,0,0,0,0,0,0,0,0,0,0,0,0,0,0,0,0,0,0,0,0,0,0,82,0,25,0,0,0,0,0,0,0,0,0,0,0,545,213,0,89,0,2,0,9,0,0,0,0,0,2,1,0,0,0,529,0,11,0,4,102,6,34,1,1,10,0,81,28,0,0,0,988,1,0,3,1975,0,139,0,0,34,0,1,0,0,92,2,0,0,0,0,0,1,0,0,10,0,76,0,0,0,0,0,0,0,0,0,0,0,0,2,201,0,0,20,0,2,0,0,0,0,0,0,0,0,0,0,20,0,0,0,18,0,3,0,0,0,0,89,16,0,0,0,0,0,0,0,1,0,0,0,0,0,0,0,0,0,0,0,0,0,0,0,0,0,0,0,0,0,0,0,0,0,0,0,0,0,0,0,0,0,0,0,0,1,0,0,0,0,0,0,0,0,0
1,MC,0,0,2,0,0,0,0,0,0,0,0,0,0,0,0,0,0,3,0,3,0,2963,0,0,0,0,1481,1480,2,1,1482,0,1480,0,0,0,0,0,1,0,0,0,0,0,204,1,0,1,0,0,0,0,0,0,0,0,2,0,3,0,0,0,1,0,0,0,0,0,4,3,208,8,0,1,0,0,0,2,0,0,0,0,0,0,0,0,0,0,0,0,0,0,0,0,0,0,0,0,0,0,1506,0,27,0,0,0,0,0,0,738,0,0,0,0,6726,1645,1,1174,0,3,0,15,0,0,0,0,0,2,9,0,8,0,6732,0,1099,0,8,336,42,48,1,1,15,8,173,17,0,0,0,2421,41,0,5,5,5,204,0,0,1257,0,2,1,0,2510,3,0,0,0,0,0,11,1077,3,15,0,1663,0,0,0,0,0,0,0,0,0,0,0,0,2,198,0,0,22,0,2,0,0,0,0,0,0,0,0,0,0,22,0,0,0,19,0,3,0,0,0,0,268,24,0,0,0,0,0,0,0,1,0,0,0,0,0,0,1,3,0,0,0,0,0,0,0,0,0,0,0,0,0,0,0,0,0,0,0,0,0,0,0,0,0,0,0,0,2,0,0,0,0,0,0,0,0,0
1,MC,0,0,0,0,0,0,0,0,0,0,0,0,0,0,0,0,0,0,0,0,0,0,0,0,0,0,0,0,0,0,0,0,0,0,0,0,0,0,0,0,0,0,0,0,0,0,0,0,0,0,0,0,0,0,0,0,0,0,0,0,0,0,0,0,0,0,0,0,0,0,0,0,0,0,0,0,0,0,0,0,0,0,0,0,0,0,0,0,0,0,0,0,0,0,0,0,0,0,0,0,0,0,0,0,0,0,0,0,0,0,0,0,0,0,5,0,0,0,0,0,0,0,0,0,0,0,0,0,0,0,0,0,0,0,0,0,0,0,0,0,0,0,0,0,0,0,0,0,0,0,0,0,0,0,0,0,0,0,0,0,0,0,0,0,0,0,0,0,0,0,0,0,0,0,0,0,0,0,0,0,0,0,0,0,0,0,0,0,0,0,0,0,0,0,0,0,0,0,0,0,0,0,0,0,0,0,0,0,0,0,0,0,0,0,0,0,0,0,0,0,0,0,0,0,0,0,0,0,0,0,0,0,0,0,0,0,0,0,0,0,0,0,0,0,0,0,0,0,0,0,0,0,0,0,0,0,0,0,0,0,0,0,0,0,0,0,0,0,0,0,0,0
1,MC,0,0,2,50,0,13,0,0,0,2,0,0,0,0,0,0,0,8,0,65,0,0,0,0,0,0,0,0,0,0,0,0,0,0,0,0,2,0,9,0,0,0,0,0,0,0,2,0,0,0,8,0,0,0,0,0,3,0,26,0,0,0,0,0,0,8,0,0,7,8,11,136,0,3,0,0,0,6,0,0,0,0,0,0,0,3,0,0,0,3,1,3,0,0,0,0,0,3,0,0,142,0,75,2,2,0,0,0,0,0,0,0,0,14,613,18407,3,138,13,23,0,62,7,24,0,0,0,189,31,86,4,0,190,0,1794,8,6,147,188,1319,3,4,67,4,906,187327,12,0,0,64,79,867,52,59,8,1888,2,0,26,102,30,5,0,17,33482,0,7,3,0,8,3,1714,21,138,10,6,59,0,0,0,0,0,0,0,0,0,0,26,62,5067,0,0,8,1,0,0,0,0,0,0,0,0,0,0,16,0,0,0,4,0,1,0,0,0,0,0,34,403,0,0,0,0,0,0,2,4,0,0,2,2,0,0,0,10,0,0,0,0,0,0,0,4,0,0,0,0,0,0,0,0,0,0,0,0,0,4,0,0,0,0,0,0,31,0,0,0,0,4,0,4,2,0
1,MC,0,0,0,0,0,0,0,0,0,0,0,0,0,0,0,0,0,2,0,2,0,5275,0,0,0,0,2637,2636,2,1,2638,0,2636,0,0,0,0,0,0,0,0,1,0,2,248,0,0,0,0,0,0,0,0,0,0,0,2,0,0,0,0,0,1,0,0,0,0,0,1,0,251,5,0,1,0,0,0,1,0,0,0,0,0,0,0,0,0,0,0,0,0,0,0,0,0,0,0,0,0,0,2670,0,25,0,0,0,0,0,0,0,0,0,0,0,11993,2341,0,1860,0,2,0,9,0,0,0,0,0,2,3,0,0,0,12147,0,11,0,4,353,6,34,1,1,10,0,81,28,0,0,0,1097,4,0,3,2193,0,139,0,0,2319,0,1,0,0,5946,2,0,0,0,0,0,4,0,0,10,0,2865,0,0,0,0,0,0,0,0,0,0,0,0,2,205,0,0,20,0,2,0,0,0,0,0,0,0,0,0,0,20,0,0,0,18,0,3,0,0,0,0,309,16,0,0,0,0,0,0,0,1,0,0,0,0,0,0,0,0,0,0,0,0,0,0,0,0,0,0,0,0,0,0,0,0,0,0,0,0,0,0,0,0,0,0,0,0,1,0,0,0,0,0,0,0,0,0
1,MC,0,0,0,0,0,0,0,0,1,0,0,0,0,0,0,1,0,0,0,0,0,0,0,0,0,0,0,0,0,0,0,0,0,0,0,0,0,0,0,0,0,0,0,0,0,0,0,0,0,0,0,0,0,0,0,0,0,0,0,0,0,0,0,0,0,0,0,0,0,0,1,23,0,0,0,0,0,0,0,0,0,0,0,0,0,0,0,0,0,0,0,0,0,0,0,0,0,0,0,0,6,0,10,0,0,0,0,0,0,2,0,0,0,0,2,60,0,0,0,0,0,0,0,21,0,0,0,0,0,0,0,0,0,0,0,0,0,0,2,1,0,0,0,0,4,0,0,0,0,0,0,0,0,0,0,2,0,0,0,0,0,0,0,0,0,0,0,0,0,2,0,0,0,0,0,0,0,0,0,1,0,0,0,0,0,0,0,0,0,0,0,0,1,0,0,0,0,0,0,0,0,0,0,0,1,0,0,0,0,0,1,0,0,0,0,0,0,1,0,0,0,0,0,0,0,0,0,0,0,0,1,0,0,0,0,0,0,0,0,0,0,0,0,0,0,0,0,0,0,0,0,0,0,0,0,0,0,0,0,0,0,0,0,0,0,0,0,0,0,0,0,0
1,MC,0,0,0,0,0,0,0,0,0,0,1,1,0,0,0,0,0,0,0,2,0,0,0,0,0,0,0,0,0,0,0,0,0,0,0,0,1,0,0,0,0,0,0,0,0,0,0,0,0,0,0,0,0,0,0,0,0,0,0,0,0,0,0,0,0,0,0,2,0,0,4,9,0,2,0,0,0,2,0,0,0,0,0,0,0,0,0,0,0,0,0,0,0,0,0,0,0,0,0,0,8,7,24,0,0,0,0,2,0,0,0,0,0,0,17,3805,0,3,0,2,0,2,1,7,0,0,0,572,2,0,0,0,2,0,2,0,0,3,12,0,0,0,2,0,6,30,0,0,0,3934,4192,0,6,0,0,6,0,0,0,0,0,1,0,2,5,0,0,0,0,2,0,2,0,0,2,0,1,0,0,0,0,0,0,0,0,0,0,0,0,0,0,0,2,0,0,0,0,0,0,0,0,0,0,0,0,2,0,0,0,0,0,2,0,0,0,0,1,0,0,0,0,0,0,0,0,2,0,0,0,0,0,0,0,0,0,0,0,0,0,0,0,0,0,0,0,0,0,0,0,0,0,0,0,0,0,0,0,0,0,0,0,0,5,0,0,0,0,0,0,0,0,0
1,MC,0,0,0,0,0,0,0,0,0,0,0,0,0,0,0,0,0,1,0,2,0,3,0,0,0,0,1,0,2,1,1,0,0,0,0,0,0,0,0,0,0,0,0,0,0,0,0,0,0,0,0,0,0,0,0,0,1,0,0,0,0,0,1,0,0,0,0,0,0,0,1,9,0,1,0,0,0,0,0,1,0,1,0,0,1,4,0,1,0,0,0,0,0,0,2,0,0,0,0,0,45,0,3,0,0,0,0,0,0,0,0,1,0,0,50,265,0,10,9,5,0,8,0,2,0,0,0,22,6,12,8,0,28,0,12,2,3,41,6,133,0,0,9,3,79,23,0,0,0,4,4,4,3,263,0,184,1,0,1,0,2,0,0,0,6,0,0,8,0,2,1,0,4,20,0,0,0,0,0,0,0,0,0,0,0,0,0,0,2,194,0,0,14,0,1,0,0,0,0,0,0,0,0,0,0,13,0,0,0,13,0,1,0,0,0,0,36,115,0,0,0,0,0,0,0,0,0,0,0,0,0,0,0,0,0,0,0,0,0,0,1,1,0,0,0,1,0,0,1,0,0,0,0,0,0,3,0,0,0,0,0,0,1,0,0,0,0,1,0,3,0,0
1,MC,0,0,0,0,0,0,0,0,0,0,0,0,0,0,0,0,0,0,0,0,0,0,0,0,0,0,0,0,0,0,0,0,0,0,0,0,0,0,0,0,0,0,0,0,0,0,0,0,0,0,0,0,0,0,0,0,0,0,0,0,0,0,0,0,0,0,0,0,0,0,0,1,0,0,0,0,0,0,0,0,0,0,0,0,0,0,0,0,0,0,0,0,0,0,0,0,0,0,0,0,0,0,1,0,0,0,0,0,0,0,0,0,0,0,3,8,0,0,0,0,0,1,0,0,0,0,0,0,2,0,0,0,1,0,1,0,1,0,0,0,0,0,0,0,0,0,0,0,0,0,0,0,0,1,0,0,0,0,0,0,0,0,0,0,2,0,0,0,0,1,0,0,1,1,0,0,0,0,0,0,0,0,0,0,0,0,0,0,0,0,0,0,0,0,0,0,0,0,0,0,0,0,0,0,0,0,0,0,0,0,0,0,0,0,0,0,0,0,0,0,0,0,0,0,0,0,0,0,0,0,0,0,0,0,0,0,0,0,0,0,0,0,0,0,0,0,0,0,0,0,0,0,0,0,0,0,0,0,0,0,0,0,1,0,0,0,0,0,0,0,0,0
1,MC,0,0,0,0,0,0,0,0,0,0,0,0,0,0,0,0,0,1,0,2,0,3,0,0,0,0,1,0,2,1,1,0,0,0,0,0,0,0,0,0,0,0,0,0,0,0,0,0,0,0,0,0,0,0,0,0,1,0,0,0,0,0,1,0,0,0,0,0,0,0,1,7,0,1,0,0,0,0,0,1,0,1,0,0,1,4,0,1,0,0,0,0,0,0,2,0,0,0,0,0,45,0,3,0,0,0,0,0,0,0,0,1,0,0,46,265,0,10,9,5,0,8,0,1,0,0,0,22,7,12,8,0,28,0,12,2,3,41,6,133,0,0,9,3,79,23,0,0,0,4,4,4,3,263,0,184,0,0,1,0,2,0,0,0,6,0,0,8,0,2,1,0,4,18,0,0,0,0,0,0,0,0,0,0,0,0,0,0,2,192,0,0,14,0,1,0,0,0,0,0,0,0,0,0,0,13,0,0,0,13,0,1,0,0,0,0,36,115,0,0,0,0,0,0,0,0,0,0,0,0,0,0,0,0,0,0,0,0,0,0,1,1,0,0,0,1,0,0,1,0,0,0,0,0,0,3,0,0,0,0,0,0,0,0,0,0,0,1,0,3,0,0
1,MC,0,0,0,62,1,0,0,0,0,0,0,0,0,0,25,0,0,4,0,1,0,0,0,0,0,0,0,0,0,0,0,0,0,0,0,0,0,0,2,0,0,0,0,0,0,1,0,0,0,2,0,0,0,0,0,0,0,0,25,0,0,0,0,0,0,12,4,0,0,2,2,321,0,0,0,0,0,0,0,0,0,0,0,0,0,0,0,0,0,0,0,0,0,0,0,0,0,0,0,0,23,7,12,2,2,1,0,0,0,0,0,0,0,0,20,1532,0,17,3,4,0,11,1,21,0,0,0,3,4,4,6,56,12,0,47,2,16,19,83,1776,2,79,35,5,207,54,3,0,0,10,97,1901,2,16,2,1068,0,0,4,4,32,5,0,0,60,0,12,5,0,2,23,5,4,314,2,5,197,0,0,0,0,0,0,0,0,0,0,63,1,42,0,0,0,0,0,0,0,0,0,0,0,0,0,0,0,0,0,0,0,0,0,0,0,0,0,0,2,926,0,0,0,0,0,0,0,0,0,0,0,2,0,0,0,45,0,0,0,0,0,0,0,0,0,0,0,0,0,0,0,0,0,0,0,0,0,0,0,0,0,0,0,0,3,0,0,0,0,0,0,0,0,0
1,MC,0,0,0,0,0,0,0,0,0,0,0,0,0,0,0,0,0,2,0,2,0,4,0,0,0,0,1,0,2,1,1,0,0,0,0,0,0,0,0,0,0,0,0,0,0,0,0,0,0,0,0,7,0,0,0,0,1,0,0,0,0,0,1,0,0,1,0,0,0,0,6,23,0,1,0,0,0,0,0,1,0,1,0,0,1,4,0,1,0,0,0,0,0,0,3,0,0,0,0,0,60,0,4,0,0,0,0,0,0,0,0,1,0,0,76,951,0,9,16,5,16,15,8,9,0,0,0,169,15,12,8,0,35,0,19,2,3,64,72,378,0,0,16,3,189,46,0,0,0,2,12,4,10,419,0,1267,1,0,9,0,2,7,0,0,6,0,0,8,0,13,8,0,0,52,14,26,7,0,0,0,0,0,0,0,0,0,0,0,2,184,0,0,11,0,1,0,0,0,0,0,0,0,0,0,0,10,0,0,0,10,0,1,0,0,0,0,43,276,0,0,0,0,0,0,0,0,0,0,0,0,0,0,0,0,0,0,0,0,0,0,1,8,0,0,0,1,0,0,1,0,0,0,0,0,0,28,29,7,0,7,0,0,1,18,29,29,0,1,0,39,0,0
1,MC,0,0,0,38,1,0,0,0,0,0,0,0,0,0,0,0,0,5,0,70020,0,0,0,0,0,0,0,0,0,0,2,0,0,0,0,0,0,0,5,0,0,0,0,0,0,0,0,0,0,0,0,4,1,0,0,0,1,0,4,0,0,0,0,0,4,2,0,4,0,0,10,40,0,3,0,0,0,4,0,0,0,0,0,0,0,0,0,0,0,0,0,0,0,0,0,0,0,0,0,0,103,0,60,0,0,0,0,0,0,0,0,0,0,2,413,901,0,62,3,13,0,31,6,21,0,0,0,40,16,179,1,0,228,0,47,5,2,68,96,1058,1,4,47,0,495,50,8,4,0,27,36,626,34,15,4,919,0,0,15,16,11,5,0,12,42,0,0,8,0,4,8,6,4,43,8,16,20,0,0,0,0,0,0,0,0,0,0,0,0,0,0,0,0,0,0,0,0,0,0,0,0,0,0,0,3,0,0,0,3,0,0,0,0,0,0,0,29,499,0,1,0,0,0,0,0,4,0,0,2,0,0,0,4,0,0,0,0,0,0,0,0,3,0,0,0,0,0,0,0,0,4,0,0,0,0,2,0,3,0,0,1,0,17,0,0,0,551,0,0,2,0,0
1,MC,0,0,0,0,0,0,0,0,0,0,0,0,0,0,0,0,0,3,0,0,0,0,0,0,0,0,0,0,0,0,0,0,0,0,0,0,0,0,0,0,0,0,0,0,0,0,0,0,0,0,0,0,0,0,0,0,0,0,1,0,0,0,0,0,0,0,0,0,0,0,2,144,0,0,0,0,0,3,0,0,0,0,0,0,0,0,0,0,0,0,0,0,0,0,0,0,0,0,0,0,2,0,13,0,0,0,0,0,0,0,0,0,0,0,15,6,0,2,0,0,0,0,0,142,0,0,0,0,0,0,0,0,1,0,0,0,0,0,2,0,0,1,1,0,9,13,0,0,0,0,6,0,2,0,0,2,0,0,71,0,0,0,0,0,0,0,0,0,0,0,2,0,0,3,0,50,0,0,0,0,0,0,0,0,0,0,0,0,0,0,0,0,0,0,0,0,0,0,0,0,0,0,0,0,0,0,0,0,0,0,0,0,0,0,0,0,1,0,0,0,0,0,0,0,0,1,0,0,0,0,0,0,0,0,0,0,0,0,0,0,0,0,0,0,0,0,0,0,0,0,0,0,0,0,0,0,0,0,0,0,0,0,11,0,0,0,0,0,0,0,0,0
1,MC,0,0,0,0,0,0,0,0,0,0,0,0,0,0,0,0,0,0,0,0,0,0,0,0,0,0,0,0,0,0,0,0,0,0,0,0,0,0,3,0,0,0,0,0,0,0,0,0,0,0,0,0,0,0,0,0,0,0,0,0,0,0,0,0,0,0,0,0,0,0,1,4,0,0,0,0,0,0,0,0,0,0,0,0,0,0,0,0,0,0,0,0,0,0,0,0,0,0,0,0,14,0,17,0,0,0,0,0,0,0,0,0,0,0,20,183,0,20,0,5,0,2,2,0,0,0,0,8,2,0,0,0,8,0,7,0,1,15,25,60,0,0,6,0,68,13,0,0,0,16,1,4,10,3,0,199,0,1,0,0,8,1,0,0,14,0,0,0,0,3,0,5,2,12,2,0,1,0,0,0,0,0,0,0,0,0,0,0,0,0,0,0,0,0,0,0,0,0,0,0,0,0,0,0,0,0,0,0,0,0,0,0,0,0,0,0,2,47,0,0,0,0,0,0,0,0,0,0,0,0,0,0,0,0,0,0,0,0,0,0,0,0,0,0,0,0,0,0,0,0,0,0,0,0,0,0,0,0,0,0,0,0,6,0,0,0,0,0,0,0,0,0
1,MC,0,0,0,0,0,0,0,0,0,0,0,0,0,0,0,0,0,0,0,0,0,0,0,0,0,0,0,0,0,0,0,0,0,0,0,0,0,0,0,0,0,0,0,0,0,0,0,0,0,0,0,0,0,0,0,0,0,0,0,0,0,0,0,0,0,0,0,0,0,0,0,1,0,0,0,0,0,0,0,0,0,0,0,0,0,0,0,0,0,0,0,0,0,0,0,0,0,0,0,0,0,0,1,0,0,0,0,0,0,0,0,0,0,0,3,8,0,0,0,0,0,1,0,0,0,0,0,0,2,0,0,0,1,0,1,0,1,0,0,0,0,0,0,0,0,0,0,0,0,0,0,0,0,1,0,0,0,0,0,0,0,0,0,0,2,0,0,0,0,1,0,0,1,1,0,0,0,0,0,0,0,0,0,0,0,0,0,0,0,0,0,0,0,0,0,0,0,0,0,0,0,0,0,0,0,0,0,0,0,0,0,0,0,0,0,0,0,0,0,0,0,0,0,0,0,0,0,0,0,0,0,0,0,0,0,0,0,0,0,0,0,0,0,0,0,0,0,0,0,0,0,0,0,0,0,0,0,0,0,0,0,0,1,0,0,0,0,0,0,0,0,0
1,MC,0,0,0,1,0,0,0,0,0,0,0,0,0,0,0,0,0,2,0,2,0,4,0,0,0,0,1,0,2,1,1,0,0,0,0,0,0,0,0,0,0,0,0,0,0,0,0,0,0,0,0,6,0,0,0,0,1,0,0,0,0,0,1,0,0,1,0,0,0,0,5,19,0,1,0,0,0,0,0,1,0,1,0,0,1,4,0,1,0,0,0,0,0,0,3,0,0,0,0,0,55,0,4,0,0,0,0,0,0,0,0,1,0,0,69,823,0,9,15,5,12,14,6,6,0,0,0,146,15,12,8,0,33,0,18,2,3,59,61,343,0,0,15,3,175,41,0,0,0,2,13,4,9,281,1,1112,0,0,6,0,2,5,0,0,6,0,0,8,0,10,9,0,0,45,12,21,6,0,0,0,0,0,0,0,0,0,0,0,2,212,0,0,11,0,1,0,0,0,0,0,0,0,0,0,0,10,0,0,0,10,0,1,0,0,0,0,41,253,0,0,0,0,0,0,0,0,0,0,0,0,0,0,0,0,0,0,0,0,0,0,1,7,0,0,0,1,0,0,1,0,0,0,0,0,0,21,19,6,0,6,0,0,0,12,19,19,0,1,0,28,0,0
1,MC,0,0,0,0,0,0,0,0,0,0,0,0,0,0,0,0,0,2,0,2,0,4,0,0,0,0,1,0,2,1,1,0,0,0,0,0,0,0,0,0,0,0,0,0,0,0,0,0,0,0,0,6,0,0,0,0,1,0,0,0,0,0,1,0,0,1,0,0,0,0,5,19,0,1,0,0,0,0,0,1,0,1,0,0,1,4,0,1,0,0,0,0,0,0,3,0,0,0,0,0,56,0,4,0,0,0,0,0,0,0,0,1,0,0,71,830,0,9,15,5,14,14,7,7,0,0,0,148,16,12,8,0,33,0,18,2,3,61,63,343,0,0,15,3,173,43,0,0,0,2,13,4,9,467,0,1112,0,0,8,0,2,6,0,0,6,0,0,8,0,11,8,0,0,43,12,22,6,0,0,0,0,0,0,0,0,0,0,0,2,194,0,0,11,0,1,0,0,0,0,0,0,0,0,0,0,10,0,0,0,10,0,1,0,0,0,0,42,253,0,0,0,0,0,0,0,0,0,0,0,0,0,0,0,0,0,0,0,0,0,0,1,7,0,0,0,1,0,0,1,0,0,0,0,0,0,22,22,6,0,6,0,0,1,13,22,22,0,1,0,31,0,0
1,MC,0,0,0,0,0,0,0,0,0,0,0,0,0,0,0,0,0,1,0,2,0,4,0,0,0,0,1,0,2,1,1,0,0,0,0,0,0,0,0,0,0,0,0,0,0,0,0,0,0,0,0,5,0,0,0,0,1,0,0,0,0,0,1,0,0,0,0,0,0,0,5,17,0,1,0,0,0,0,0,1,0,1,0,0,1,4,0,1,0,0,0,0,0,0,3,0,0,0,0,0,56,0,4,0,0,0,0,0,0,0,0,1,0,0,71,784,0,9,14,5,12,13,6,6,0,0,0,127,12,12,8,0,36,0,17,2,3,59,59,308,0,0,14,3,159,40,0,0,0,3,11,4,9,375,0,961,0,0,7,0,2,6,0,0,6,0,0,8,0,10,8,0,0,39,12,20,6,0,0,0,0,0,0,0,0,0,0,0,2,202,0,0,14,0,1,0,0,0,0,0,0,0,0,0,0,13,0,0,0,13,0,1,0,0,0,0,42,230,0,0,0,0,0,0,0,0,0,0,0,0,0,0,0,0,0,0,0,0,0,0,1,6,0,0,0,1,0,0,1,0,0,0,0,0,0,19,21,5,0,5,0,0,1,11,21,21,0,1,0,29,0,0
1,MC,0,0,0,0,0,0,0,0,0,0,0,0,0,0,0,0,0,0,0,0,0,0,0,0,0,0,0,0,0,0,0,0,0,0,0,0,0,0,3,0,0,0,0,0,0,0,0,0,0,0,0,0,0,0,0,0,0,0,0,0,0,0,0,0,0,0,0,0,0,0,1,5,0,0,0,0,0,0,0,0,0,0,0,0,0,0,0,0,0,0,0,0,0,0,0,0,0,0,0,0,14,0,17,0,0,0,0,0,0,0,0,0,0,0,17,183,0,21,0,5,0,2,2,1,0,0,0,8,2,0,0,0,8,0,7,0,1,15,25,60,0,0,6,0,68,13,0,0,0,16,1,4,10,3,0,199,0,1,0,0,8,1,0,0,14,0,0,0,0,3,0,5,2,12,2,0,1,0,0,0,0,0,0,0,0,0,0,0,0,0,0,0,0,0,0,0,0,0,0,0,0,0,0,0,0,0,0,0,0,0,0,0,0,0,0,0,2,47,0,0,0,0,0,0,0,0,0,0,0,0,0,0,0,0,0,0,0,0,0,0,0,0,0,0,0,0,0,0,0,0,0,0,0,0,0,0,0,0,0,0,0,0,5,0,0,0,0,0,0,0,0,0
1,MC,0,0,0,2,0,0,0,0,0,0,0,0,0,0,0,0,0,13,0,0,0,0,0,0,0,0,0,0,0,0,0,0,0,0,0,0,109,0,9,0,0,0,0,0,0,0,0,0,0,0,0,0,2,0,0,0,1,0,0,0,0,0,0,0,0,2,0,0,9,5,26,42,0,1,0,0,0,0,0,0,0,0,0,0,0,0,0,0,0,0,0,0,0,0,0,0,0,0,0,0,281,0,167,0,0,0,0,0,0,109,0,0,0,2,671,1784,0,532,4,21,0,193,10,30,0,0,0,1,3,52,10,0,436,0,216,0,4,81,224,493,0,0,45,0,428,174,192,0,0,405,192,350,27,349,0,667,0,0,119,0,4,10,0,347,414,0,0,0,0,16,8,0,192,31,20,241,10,0,0,0,0,0,0,0,0,0,0,0,0,0,0,0,9,0,0,0,0,0,0,0,0,0,0,0,18,0,0,0,18,0,0,0,0,0,0,0,22,266,0,5,0,0,0,0,0,0,0,0,2,0,0,0,0,3,0,0,0,0,0,0,0,9,0,0,0,0,0,0,0,0,0,0,0,0,0,0,0,0,0,0,0,0,20,0,0,0,2958,0,0,3,0,0
1,MC,0,0,0,17,0,0,0,0,0,0,0,0,0,0,0,0,0,0,0,1,0,0,0,0,0,0,0,0,0,0,0,0,0,0,0,0,0,0,3,0,0,0,0,0,0,0,0,0,0,0,0,0,0,0,0,0,0,0,0,0,0,0,0,0,0,0,0,0,0,0,2,7,0,0,0,0,0,1,0,0,0,0,0,0,0,0,0,0,0,0,0,0,0,0,0,0,0,0,0,0,17,0,24,0,0,0,0,1,0,0,0,0,0,0,41,117,0,15,0,1,0,4,2,1,0,0,0,48,7,0,0,0,4,0,7,0,0,28,33,70,0,2,5,1,55,17,0,0,0,0,5,8,6,263,4,112,0,0,0,33,1,0,0,0,4,0,0,0,0,1,0,0,0,7,2,0,1,0,0,0,0,0,0,0,0,0,0,0,0,0,0,0,0,0,0,0,0,0,0,0,0,0,0,0,0,0,0,0,0,0,0,0,0,0,0,0,11,18,0,0,0,0,0,0,0,3,0,0,1,0,0,0,0,0,0,0,0,0,0,0,0,0,0,0,0,0,0,0,0,0,0,0,0,0,0,0,0,0,0,0,0,0,15,0,0,0,0,0,0,0,1,0
1,MC,0,0,0,0,0,0,0,0,0,0,0,0,0,0,0,0,0,2,0,2,0,4,0,0,0,0,1,0,2,1,1,0,0,0,0,0,0,0,0,0,0,0,0,0,0,0,0,0,0,0,0,7,0,0,0,0,1,0,0,0,0,0,1,0,0,1,0,0,0,0,6,22,0,1,0,0,0,0,0,1,0,1,0,0,1,4,0,1,0,0,0,0,0,0,3,0,0,0,0,0,59,0,4,0,0,0,0,0,0,0,0,1,0,0,75,947,0,9,16,5,14,14,7,8,0,0,0,166,15,12,8,0,33,0,18,2,3,61,70,378,0,0,15,3,181,43,0,0,0,2,12,4,10,515,0,1267,1,0,7,0,2,7,0,0,6,0,0,8,0,12,8,0,0,50,14,25,7,0,0,0,0,0,0,0,0,0,0,0,2,195,0,0,11,0,1,0,0,0,0,0,0,0,0,0,0,10,0,0,0,10,0,1,0,0,0,0,42,276,0,0,0,0,0,0,0,0,0,0,0,0,0,0,0,0,0,0,0,0,0,0,1,8,0,0,0,1,0,0,1,0,0,0,0,0,0,22,22,7,0,7,0,0,1,12,22,22,0,1,0,32,0,0
1,MC,0,0,0,0,0,0,0,0,0,0,0,0,0,0,0,0,0,1,0,2,0,4,0,0,0,0,1,0,2,1,1,0,0,0,0,0,0,0,0,0,0,0,0,0,0,0,0,0,0,0,0,5,0,0,0,0,1,0,0,0,0,0,1,0,0,0,0,0,0,0,5,20,0,1,0,0,0,0,0,1,0,1,0,0,1,4,0,1,0,0,0,0,0,0,3,0,0,0,0,0,53,0,4,0,0,0,0,0,0,0,0,1,0,0,71,699,0,9,14,5,10,13,5,7,0,0,0,127,12,12,8,0,34,0,17,2,3,57,52,308,0,0,14,3,157,38,0,0,0,3,11,4,8,263,0,957,2,0,6,0,2,5,0,0,6,0,0,8,0,9,8,0,0,42,10,18,5,0,0,0,0,0,0,0,0,0,0,0,2,206,0,0,14,0,1,0,0,0,0,0,0,0,0,0,0,13,0,0,0,13,0,1,0,0,0,0,41,230,0,0,0,0,0,0,0,0,0,0,0,0,0,0,0,0,0,0,0,0,0,0,1,6,0,0,0,1,0,0,1,0,0,0,0,0,0,18,17,5,0,5,0,0,1,10,17,17,0,1,0,25,0,0
1,MC,0,0,0,1,0,0,0,0,0,0,0,0,0,0,0,0,0,1,0,2,0,4,0,0,0,0,1,0,2,1,1,0,0,0,0,0,0,0,0,0,0,0,0,0,0,0,0,0,0,0,0,5,0,0,0,0,1,0,0,0,0,0,1,0,0,0,0,0,0,0,4,21,0,1,0,0,0,0,0,1,0,1,0,0,1,4,0,1,0,0,0,0,0,0,3,0,0,0,0,0,52,0,4,0,0,0,0,0,0,0,0,1,0,0,70,685,0,9,14,5,10,13,5,7,0,0,0,118,10,12,8,0,34,0,17,2,3,57,52,308,0,0,14,3,159,38,0,0,0,3,12,4,8,263,1,957,2,0,4,0,2,4,0,0,6,0,0,8,0,8,8,0,0,39,10,17,5,0,0,0,0,0,0,0,0,0,0,0,2,206,0,0,14,0,1,0,0,0,0,0,0,0,0,0,0,13,0,0,0,13,0,1,0,0,0,0,41,230,0,0,0,0,0,0,0,0,0,0,0,0,0,0,0,0,0,0,0,0,0,0,1,6,0,0,0,1,0,0,1,0,0,0,0,0,0,18,20,5,0,5,0,0,1,10,20,20,0,1,0,28,0,0
1,MC,0,0,0,0,0,0,0,0,0,0,0,0,0,0,0,0,0,1,0,2,0,3,0,0,0,0,1,0,2,1,1,0,0,0,0,0,0,0,0,0,0,0,0,0,0,0,0,0,0,0,0,0,0,0,0,0,1,0,0,0,0,0,1,0,0,0,0,0,0,0,1,9,0,1,0,0,0,0,0,1,0,1,0,0,1,4,0,1,0,0,0,0,0,0,2,0,0,0,0,0,45,0,3,0,0,0,0,0,0,0,0,1,0,0,49,265,0,10,9,5,0,8,0,2,0,0,0,22,7,12,8,0,28,0,12,2,3,41,6,133,0,0,9,3,79,23,0,0,0,4,4,4,3,485,0,184,1,0,1,0,2,0,0,0,6,0,0,8,0,2,1,0,4,20,0,0,0,0,0,0,0,0,0,0,0,0,0,0,2,182,0,0,14,0,1,0,0,0,0,0,0,0,0,0,0,13,0,0,0,13,0,1,0,0,0,0,36,115,0,0,0,0,0,0,0,0,0,0,0,0,0,0,0,0,0,0,0,0,0,0,1,1,0,0,0,1,0,0,1,0,0,0,0,0,0,3,0,0,0,0,0,0,1,0,0,0,0,1,0,3,0,0
1,MC,0,0,2,0,0,0,0,0,0,0,0,0,0,0,0,0,0,0,0,745,0,0,0,0,0,0,0,0,0,0,0,0,0,0,0,0,0,0,1,0,0,0,0,0,0,1,0,2728,0,0,0,0,0,0,0,1,0,0,1030,0,0,0,0,0,0,7,0,33,0,4,0,5,0,0,0,0,0,0,0,0,0,0,0,0,0,0,0,0,0,0,0,0,0,0,0,0,0,0,0,0,49,0,8,1,1,0,0,0,0,0,0,0,0,5,41,858,0,2,0,5,0,12,0,0,0,0,0,0,43,5,135,1060,15,0,65536,0,16,24,46,22,3,39,13,0,138,15,0,0,0,2,0,2,2,6,0,37,0,0,1,0,6,0,0,0,7,0,0,0,0,39,0,65520,1,10,0,0,0,0,0,0,0,0,0,0,0,0,1,3,745,1958,0,0,4,3,0,0,0,0,0,0,0,0,0,0,4,0,0,0,4,0,3,0,0,0,0,0,11,17,0,0,0,0,0,0,0,0,0,0,0,1,0,0,13,24,0,0,0,0,0,0,0,0,0,0,0,0,0,0,0,0,0,0,0,0,0,0,0,0,0,0,0,0,7,0,0,0,0,0,0,0,1,0
1,MC,0,0,2,0,0,0,0,0,0,0,0,0,0,0,0,0,0,0,0,0,0,0,0,0,0,0,0,0,0,0,0,0,0,0,0,0,0,0,1,0,0,0,0,0,0,0,0,0,0,0,0,0,0,0,0,0,0,0,0,0,0,0,0,0,0,8,0,0,0,1,1,5,0,0,0,0,0,0,0,0,0,0,0,0,0,0,0,0,0,0,0,0,0,0,0,0,0,0,0,0,20,0,7,0,0,0,0,0,0,0,0,0,0,0,26,197,0,2,0,4,0,14,0,0,0,0,0,0,3,5,135,0,11,0,20,0,3,34,20,16,3,0,14,0,151,10,0,0,0,1,1,2,0,6,0,42,0,0,1,0,5,0,0,0,3,0,0,0,0,2,0,5,3,9,0,0,0,0,0,0,0,0,0,0,0,0,0,1,0,0,0,0,0,0,0,0,0,0,0,0,0,0,0,0,0,0,0,0,0,0,0,0,0,0,0,0,10,13,0,0,0,0,0,0,0,0,0,0,0,0,0,0,0,0,0,0,0,0,0,0,0,0,0,0,0,0,0,0,0,0,0,0,0,0,0,0,0,0,0,0,0,0,3,0,0,0,0,0,0,0,1,0
1,MC,0,0,0,0,0,0,1,0,0,0,0,0,0,0,0,0,0,0,0,0,0,0,0,0,0,0,0,0,0,0,0,0,0,0,0,0,0,0,0,0,0,0,0,0,0,0,0,0,0,0,0,0,0,0,0,0,2,0,0,0,0,0,0,0,0,0,0,1,0,0,2,12,0,2,0,0,0,1,0,0,1,0,0,1,0,3,1,0,1,0,0,1,0,0,0,0,2,0,0,0,28,0,29,0,0,0,0,1,0,0,0,0,0,0,28,129,0,6,5,3,0,16,0,3,0,0,0,16,5,12,8,0,3,0,19,0,3,46,18,106,0,0,8,3,60,30,0,0,0,0,2,5,5,0,0,48,3,0,0,0,0,0,0,2,1,0,0,8,0,1,0,8,0,15,0,0,0,0,0,0,0,0,0,0,0,0,0,0,0,0,0,0,2,0,2,0,0,0,0,0,0,0,0,0,0,2,0,0,0,4,0,0,0,0,0,0,6,91,0,0,0,0,0,0,0,1,0,0,0,0,0,0,0,0,0,0,0,0,0,0,1,2,0,0,0,1,0,0,1,0,0,0,0,0,1,4,1,0,1,0,0,0,1,0,0,0,0,3,0,4,0,0
1,MC,0,0,0,1,0,0,0,0,0,0,0,0,0,0,0,0,0,2,0,2,0,4,0,0,0,0,1,0,2,1,1,0,0,0,0,0,0,0,0,0,0,0,0,0,0,0,0,0,0,0,0,6,0,0,0,0,1,0,0,0,0,0,1,0,0,1,0,0,0,0,5,19,0,1,0,0,0,0,0,1,0,1,0,0,1,4,0,1,0,0,0,0,0,0,3,0,0,0,0,0,55,0,4,0,0,0,0,0,0,0,0,1,0,0,64,815,0,9,15,5,12,14,6,6,0,0,0,146,13,12,8,0,31,0,18,2,3,59,61,343,0,0,15,3,173,41,0,0,0,2,11,4,9,263,1,1112,0,0,6,0,2,5,0,0,6,0,0,8,0,10,6,0,0,45,12,21,6,0,0,0,0,0,0,0,0,0,0,0,2,204,0,0,11,0,1,0,0,0,0,0,0,0,0,0,0,10,0,0,0,10,0,1,0,0,0,0,41,253,0,0,0,0,0,0,0,0,0,0,0,0,0,0,0,0,0,0,0,0,0,0,1,7,0,0,0,1,0,0,1,0,0,0,0,0,0,18,23,6,0,6,0,0,0,9,23,23,0,1,0,32,0,0
1,MC,0,0,0,0,0,0,3,0,0,0,0,0,0,0,0,0,0,0,0,0,2,0,2,0,0,2,0,0,0,0,1,2,0,0,0,0,0,0,0,0,0,0,0,0,0,0,0,0,0,0,0,0,0,0,0,0,0,0,0,0,0,0,0,0,0,0,0,0,0,0,15,35,0,0,0,0,0,1,0,0,17,0,0,17,0,32,17,0,17,0,0,1,0,0,0,0,22,0,0,0,16,0,3,0,0,0,0,0,0,0,0,1,0,0,15,233,0,23,8,0,0,12,0,4,0,0,0,54,7,0,0,0,0,0,14,2,3,46,15,16,0,0,5,3,36,12,0,0,0,0,3,2,2,0,0,105,3,0,1,0,0,0,0,9,0,0,0,0,0,0,3,8,0,77,0,1,0,0,0,0,0,0,0,0,0,0,0,0,0,0,0,0,0,1,0,0,0,0,0,0,0,0,0,0,0,0,0,0,4,0,0,0,0,0,0,0,7,22,0,0,0,0,0,0,0,2,0,0,0,0,0,0,0,0,0,0,0,0,0,0,17,1,0,0,0,1,0,0,17,0,0,0,0,0,3,6,0,0,0,0,0,0,2,0,0,0,0,7,0,3,0,0
1,MC,0,0,0,0,0,0,0,0,0,0,0,0,0,0,0,0,0,1,0,2,0,4,0,0,0,0,1,0,2,1,1,0,0,0,0,0,0,0,0,0,0,0,0,0,0,0,0,0,0,0,0,4,0,0,0,0,1,0,0,0,0,0,1,0,0,0,0,0,0,0,3,16,0,1,0,0,0,0,0,1,0,1,0,0,1,4,0,1,0,0,0,0,0,0,3,0,0,0,0,0,48,0,4,0,0,0,0,0,0,0,0,1,0,0,67,531,0,9,13,5,8,11,4,5,0,0,0,90,8,12,8,0,32,0,15,2,3,53,43,242,0,0,12,3,129,34,0,0,0,3,12,4,7,354,0,744,1,0,3,0,2,3,0,0,6,0,0,8,0,6,9,0,0,32,8,13,4,0,0,0,0,0,0,0,0,0,0,0,2,201,0,0,14,0,1,0,0,0,0,0,0,0,0,0,0,13,0,0,0,13,0,1,0,0,0,0,40,189,0,0,0,0,0,0,0,0,0,0,0,0,0,0,0,0,0,0,0,0,0,0,1,5,0,0,0,1,0,0,1,0,0,0,0,0,0,13,11,4,0,4,0,0,1,6,11,11,0,1,0,18,0,0
1,MC,0,0,0,0,0,0,0,0,0,0,0,0,0,0,0,0,0,1,0,2,0,4,0,0,0,0,1,0,2,1,1,0,0,0,0,0,0,0,0,0,0,0,0,0,0,0,0,0,0,0,0,5,0,0,0,0,1,0,0,0,0,0,1,0,0,0,0,0,0,0,5,23,0,1,0,0,0,0,0,1,0,1,0,0,1,4,0,1,0,0,0,0,0,0,3,0,0,0,0,0,56,0,4,0,0,0,0,0,0,0,0,1,0,0,72,784,0,9,14,5,12,13,6,9,0,0,0,127,12,12,8,0,36,0,17,2,3,59,59,308,0,0,14,3,159,40,0,0,0,3,12,4,9,258,0,961,3,0,5,0,2,6,0,0,6,0,0,8,0,10,9,0,0,42,12,20,6,0,0,0,0,0,0,0,0,0,0,0,2,191,0,0,14,0,1,0,0,0,0,0,0,0,0,0,0,13,0,0,0,13,0,1,0,0,0,0,42,230,0,0,0,0,0,0,0,0,0,0,0,0,0,0,0,0,0,0,0,0,0,0,1,6,0,0,0,1,0,0,1,0,0,0,0,0,0,17,21,5,0,5,0,0,1,9,21,21,0,1,0,29,0,0
1,MC,0,0,0,1,0,0,0,0,0,0,0,0,0,0,0,0,0,2,0,2,0,4,0,0,0,0,1,0,2,1,1,0,0,0,0,0,0,0,0,0,0,0,0,0,0,0,0,0,0,0,0,7,0,0,0,0,1,0,0,0,0,0,1,0,0,1,0,0,0,0,7,22,0,1,0,0,0,0,0,1,0,1,0,0,1,4,0,1,0,0,0,0,0,0,3,0,0,0,0,0,63,0,4,0,0,0,0,0,0,0,0,1,0,0,74,1030,0,9,16,5,16,15,8,8,0,0,0,169,15,12,8,0,35,0,19,2,3,64,77,378,0,0,16,3,193,46,0,0,0,2,14,4,11,380,1,1271,0,0,8,0,2,7,0,0,6,0,0,8,0,14,8,0,0,48,16,28,8,0,0,0,0,0,0,0,0,0,0,0,2,190,0,0,11,0,1,0,0,0,0,0,0,0,0,0,0,10,0,0,0,10,0,1,0,0,0,0,43,276,0,0,0,0,0,0,0,0,0,0,0,0,0,0,0,0,0,0,0,0,0,0,1,8,0,0,0,1,0,0,1,0,0,0,0,0,0,27,25,7,0,7,0,0,1,17,25,25,0,1,0,35,0,0
1,MC,0,0,0,0,0,0,0,0,0,0,0,0,0,0,0,0,0,1,0,2,0,3,0,0,0,0,1,0,2,1,1,0,0,0,0,0,0,0,0,0,0,0,0,0,0,0,0,0,0,0,0,0,0,0,0,0,1,0,0,0,0,0,1,0,0,0,0,0,0,0,1,7,0,1,0,0,0,0,0,1,0,1,0,0,1,4,0,1,0,0,0,0,0,0,2,0,0,0,0,0,45,0,3,0,0,0,0,0,0,0,0,1,0,0,50,264,0,10,9,5,0,8,0,1,0,0,0,22,5,12,8,0,28,0,12,2,3,41,6,133,0,0,9,3,79,23,0,0,0,4,4,4,3,263,0,184,0,0,1,0,2,0,0,0,6,0,0,8,0,2,1,0,4,18,0,0,0,0,0,0,0,0,0,0,0,0,0,0,2,189,0,0,14,0,1,0,0,0,0,0,0,0,0,0,0,13,0,0,0,13,0,1,0,0,0,0,36,115,0,0,0,0,0,0,0,0,0,0,0,0,0,0,0,0,0,0,0,0,0,0,1,1,0,0,0,1,0,0,1,0,0,0,0,0,0,3,0,0,0,0,0,0,1,0,0,0,0,1,0,3,0,0
1,MC,0,0,0,0,0,0,0,0,0,0,0,0,0,0,0,0,0,2,0,2,0,4,0,0,0,0,1,0,2,1,1,0,0,0,0,0,0,0,0,0,0,0,0,0,0,0,0,0,0,0,0,5,0,0,0,0,1,0,0,0,0,0,1,0,0,1,0,0,0,0,5,21,0,1,0,0,0,0,0,1,0,1,0,0,1,4,0,1,0,0,0,0,0,0,3,0,0,0,0,0,55,0,4,0,0,0,0,0,0,0,0,1,0,0,71,781,0,9,14,5,12,13,6,8,0,0,0,132,14,12,8,0,31,0,17,2,3,58,61,308,0,0,14,3,159,40,0,0,0,2,11,4,9,263,0,966,2,0,8,0,2,5,0,0,6,0,0,8,0,10,7,0,0,44,12,20,6,0,0,0,0,0,0,0,0,0,0,0,2,218,0,0,11,0,1,0,0,0,0,0,0,0,0,0,0,10,0,0,0,10,0,1,0,0,0,0,41,230,0,0,0,0,0,0,0,0,0,0,0,0,0,0,0,0,0,0,0,0,0,0,1,7,0,0,0,1,0,0,1,0,0,0,0,0,0,17,23,5,0,6,0,0,1,8,23,23,0,1,0,32,0,0
1,MC,0,0,0,0,0,0,0,0,0,0,0,0,0,0,0,0,0,1,0,2,0,4,0,0,0,0,1,0,2,1,1,0,0,0,0,0,0,0,0,0,0,0,0,0,0,0,0,0,0,0,0,5,0,0,0,0,1,0,0,0,0,0,1,0,0,0,0,0,0,0,4,18,0,1,0,0,0,0,0,1,0,1,0,0,1,4,0,1,0,0,0,0,0,0,3,0,0,0,0,0,52,0,4,0,0,0,0,0,0,0,0,1,0,0,71,691,0,9,14,5,10,13,5,6,0,0,0,124,11,12,8,0,34,0,17,2,3,57,52,308,0,0,14,3,157,38,0,0,0,3,10,4,8,263,0,957,1,0,6,0,2,4,0,0,6,0,0,8,0,8,7,0,0,38,10,17,5,0,0,0,0,0,0,0,0,0,0,0,2,198,0,0,14,0,1,0,0,0,0,0,0,0,0,0,0,13,0,0,0,13,0,1,0,0,0,0,41,230,0,0,0,0,0,0,0,0,0,0,0,0,0,0,0,0,0,0,0,0,0,0,1,6,0,0,0,1,0,0,1,0,0,0,0,0,0,18,20,5,0,5,0,0,1,10,20,20,0,1,0,28,0,0
1,MC,0,0,0,0,0,0,0,0,0,0,0,0,0,0,0,0,0,1,0,2,0,3,0,0,0,0,1,0,2,1,1,0,0,0,0,0,0,0,0,0,0,0,0,0,0,0,0,0,0,0,0,0,0,0,0,0,1,0,0,0,0,0,1,0,0,0,0,0,0,0,1,7,0,1,0,0,0,0,0,1,0,1,0,0,1,4,0,1,0,0,0,0,0,0,2,0,0,0,0,0,45,0,3,0,0,0,0,0,0,0,0,1,0,0,46,265,0,10,9,5,0,8,0,1,0,0,0,22,5,12,8,0,28,0,12,2,3,41,6,133,0,0,9,3,79,23,0,0,0,4,4,4,3,338,0,184,0,0,1,0,2,0,0,0,6,0,0,8,0,2,1,0,4,19,0,0,0,0,0,0,0,0,0,0,0,0,0,0,2,200,0,0,14,0,1,0,0,0,0,0,0,0,0,0,0,13,0,0,0,13,0,1,0,0,0,0,36,115,0,0,0,0,0,0,0,0,0,0,0,0,0,0,0,0,0,0,0,0,0,0,1,1,0,0,0,1,0,0,1,0,0,0,0,0,0,3,0,0,0,0,0,0,0,0,0,0,0,1,0,3,0,0
1,MC,0,1,0,2,0,0,0,0,1,0,0,0,0,0,0,0,0,0,0,2,0,0,0,0,0,0,0,0,0,0,2,0,0,0,0,0,1,0,4,0,0,0,0,0,0,0,0,0,0,0,0,0,0,0,0,0,1,0,0,0,0,0,0,0,0,0,0,0,1,0,1,24,0,0,0,0,0,1,0,0,1,0,0,1,0,3,1,0,0,0,0,1,0,0,0,0,0,0,2,0,63,0,31,0,0,0,0,0,0,0,0,1,0,0,52,421,0,26,12,9,0,10,2,7,0,0,0,25,10,14,8,0,8,0,1080,2,4,36,38,211,0,0,19,10,151,67,0,0,0,16,13,32,13,7,0,366,2,1,0,0,10,8,0,4,15,1,0,11,7,6,2,1066,3,38,2,0,1,0,0,0,0,0,0,0,0,0,0,0,1,102,0,0,0,0,0,0,0,0,0,0,0,0,0,0,0,0,0,0,0,0,0,0,0,0,0,0,10,175,0,0,0,0,0,0,0,1,0,0,0,0,0,0,0,0,0,0,0,1,0,0,1,1,1,0,0,2,1,0,6,1,0,6,1,0,0,4,0,0,0,0,0,0,8,0,0,0,0,1,0,4,0,0
1,MC,0,0,0,0,0,0,0,0,0,0,0,0,0,0,0,0,0,2,0,2,0,4,0,0,0,0,1,0,2,1,1,0,0,0,0,0,0,0,0,0,0,0,0,0,0,0,0,0,0,0,0,6,0,0,0,0,1,0,0,0,0,0,1,0,0,1,0,0,0,0,6,19,0,1,0,0,0,0,0,1,0,1,0,0,1,4,0,1,0,0,0,0,0,0,3,0,0,0,0,0,59,0,4,0,0,0,0,0,0,0,0,1,0,0,74,909,0,9,15,5,14,14,7,7,0,0,0,153,14,12,8,0,33,0,18,2,3,61,70,343,0,0,15,3,175,43,0,0,0,2,12,4,10,265,0,1121,0,0,7,0,2,7,0,0,6,0,0,8,0,12,7,0,0,46,14,24,7,0,0,0,0,0,0,0,0,0,0,0,2,194,0,0,11,0,1,0,0,0,0,0,0,0,0,0,0,10,0,0,0,10,0,1,0,0,0,0,42,253,0,0,0,0,0,0,0,0,0,0,0,0,0,0,0,0,0,0,0,0,0,0,1,8,0,0,0,1,0,0,1,0,0,0,0,0,0,25,24,7,0,7,0,0,1,15,24,24,0,1,0,34,0,0
1,MC,0,0,0,0,0,0,0,0,0,0,0,0,0,0,0,0,0,1,0,2,0,4,0,0,0,0,1,0,2,1,1,0,0,0,0,0,0,0,0,0,0,0,0,0,0,0,0,0,0,0,0,4,0,0,0,0,1,0,0,0,0,0,1,0,0,0,0,0,0,0,4,16,0,1,0,0,0,0,0,1,0,1,0,0,1,4,0,1,0,0,0,0,0,0,3,0,0,0,0,0,52,0,4,0,0,0,0,0,0,0,0,1,0,0,67,638,0,9,13,5,8,12,4,5,0,0,0,106,9,12,8,0,32,0,16,2,3,54,45,273,0,0,13,3,143,35,0,0,0,3,8,4,7,415,0,804,1,0,5,0,2,3,0,0,6,0,0,8,0,8,5,0,0,36,8,16,4,0,0,0,0,0,0,0,0,0,0,0,2,200,0,0,14,0,1,0,0,0,0,0,0,0,0,0,0,13,0,0,0,13,0,1,0,0,0,0,40,207,0,0,0,0,0,0,0,0,0,0,0,0,0,0,0,0,0,0,0,0,0,0,1,5,0,0,0,1,0,0,1,0,0,0,0,0,0,14,12,4,0,4,0,0,1,7,12,12,0,1,0,19,0,0
1,MC,0,0,0,17,0,0,0,0,0,0,0,0,0,0,0,0,0,1,0,1,0,0,0,0,0,0,0,0,0,0,0,0,0,0,0,0,0,0,3,0,0,0,0,0,0,0,0,0,0,0,0,0,0,0,0,0,0,0,0,0,0,0,0,0,0,0,0,0,0,0,1,79,0,0,0,0,0,1,0,0,0,0,0,0,0,0,0,0,0,0,0,0,0,0,0,0,0,0,0,0,16,0,29,0,0,0,0,1,0,0,0,1,0,0,44,176,0,17,8,2,0,4,2,66,0,0,0,52,13,0,0,0,6,0,7,2,1,28,33,84,0,2,5,2,63,17,0,0,0,0,6,10,6,6,4,206,1,0,0,40,1,0,0,0,4,0,0,0,0,0,1,0,0,21,2,0,1,0,0,0,0,0,0,0,0,0,0,0,0,0,0,0,0,0,0,0,0,0,0,0,0,0,0,0,1,0,0,0,0,0,0,0,0,0,0,0,11,38,0,0,0,0,0,0,0,3,0,0,1,0,0,0,0,0,0,0,0,0,0,0,2,0,3,0,0,3,3,2,0,0,0,0,0,0,0,2,0,0,0,0,0,0,15,0,0,0,0,0,0,2,1,0
1,MC,0,0,0,0,0,0,0,0,0,0,0,0,0,0,0,0,0,0,0,25,0,2,2,0,0,2,0,0,0,0,0,2,0,0,0,0,0,0,0,0,0,0,0,0,0,0,0,0,0,0,6,0,0,0,0,0,0,0,0,0,0,0,0,0,0,0,0,0,0,0,4,0,0,0,2,0,0,0,0,0,0,0,0,0,0,0,0,0,0,0,0,0,0,0,0,0,0,0,1,0,26,0,2,0,0,0,1,0,0,0,0,0,0,0,13,176,0,2,0,1,0,0,1,0,0,0,0,0,0,0,0,0,8,1,358,0,0,0,15,0,0,0,0,0,26,1,0,0,0,2,0,0,0,0,2,9,0,0,2,1,1,1,1,0,0,0,0,0,0,4,0,358,1,0,0,0,9,0,0,0,0,0,0,0,0,0,0,0,25,542,0,0,0,0,0,0,0,0,0,0,0,0,0,0,0,0,0,0,0,0,0,0,0,0,1,0,0,0,0,2,0,0,0,0,0,0,0,0,0,0,0,0,0,0,0,0,0,0,0,0,0,0,0,0,0,0,0,0,0,0,0,0,0,0,0,0,0,0,0,0,0,0,0,0,0,0,0,0,0,0,0,0
1,MC,0,0,2,0,0,0,0,0,0,0,0,0,0,0,0,0,0,0,0,0,0,0,0,0,0,0,0,0,0,0,0,0,0,0,0,5631,0,0,1,0,0,0,0,0,0,0,0,0,0,0,0,0,0,0,0,0,0,0,0,0,0,0,0,0,0,4,0,0,0,3,1,3,0,0,0,0,0,1,0,0,0,0,0,0,0,0,0,0,0,0,0,0,0,0,0,0,0,0,0,0,36,0,11,0,0,0,0,0,0,0,0,0,0,2,5004,65532,0,11264,0,2,0,8,0,0,0,0,0,0,1,0,0,5645,2555,0,15,0,1,65534,13,6,3,0,14,0,82,11275,0,0,0,5631,4,0,0,1,0,14,0,0,9911,0,3,0,0,16894,3,0,0,0,0,0,3,0,2,5,0,5631,0,0,0,0,0,0,0,0,0,0,0,0,0,0,0,0,1,0,0,0,0,0,0,0,0,0,0,0,2,0,0,0,0,0,0,0,0,0,0,0,9,5,0,0,0,0,0,0,0,0,0,0,0,0,0,0,0,3,0,0,0,0,0,0,0,0,0,0,0,0,0,0,0,0,0,0,0,0,0,0,0,0,0,0,0,0,1,0,0,0,0,0,0,0,0,0
1,MC,0,0,0,0,0,0,0,0,0,0,0,0,0,0,0,0,0,2,0,2,0,4,0,0,0,0,1,0,2,1,1,0,0,0,0,0,0,0,0,0,0,0,0,0,0,0,0,0,0,0,0,6,0,0,0,0,1,0,0,0,0,0,1,0,0,1,0,0,0,0,6,21,0,1,0,0,0,0,0,1,0,1,0,0,1,4,0,1,0,0,0,0,0,0,3,0,0,0,0,0,59,0,4,0,0,0,0,0,0,0,0,1,0,0,71,916,0,9,15,5,14,15,7,8,0,0,0,153,15,12,8,0,33,0,19,2,3,68,73,343,0,0,15,3,177,43,0,0,0,2,12,4,10,263,0,1122,1,0,6,0,2,7,0,0,6,0,0,8,0,12,8,1,0,54,14,24,7,0,0,0,0,0,0,0,0,0,0,0,2,198,0,0,11,0,1,0,0,0,0,0,0,0,0,0,0,10,0,0,0,10,0,1,0,0,0,0,42,253,0,0,0,0,0,0,0,0,0,0,0,0,0,0,0,0,0,0,0,0,0,0,1,8,0,0,0,1,0,0,1,0,0,0,0,0,0,24,22,7,0,7,0,0,0,14,22,22,0,1,0,32,0,0
1,MC,0,0,0,1,0,0,0,0,0,0,0,0,0,0,0,0,0,2,0,2,0,4,0,0,0,0,1,0,2,1,1,0,0,0,0,0,0,0,0,0,0,0,0,0,0,0,0,0,0,0,0,5,0,0,0,0,1,0,0,0,0,0,1,0,0,1,0,0,0,0,4,19,0,1,0,0,0,0,0,1,0,1,0,0,1,4,0,1,0,0,0,0,0,0,3,0,0,0,0,0,52,0,4,0,0,0,0,0,0,0,0,1,0,0,411,704,0,9,14,5,10,13,5,6,0,0,0,128,15,12,8,0,390,0,17,2,3,56,52,308,0,0,14,3,159,38,0,0,0,2,13,4,8,550,1,957,1,0,6,0,2,4,0,0,6,0,0,8,0,9,8,0,0,41,10,18,5,0,0,0,0,0,0,0,0,0,0,0,2,210,0,0,11,0,1,0,0,0,0,0,0,0,0,0,0,10,0,0,0,10,0,1,0,0,0,0,40,230,0,0,0,0,0,0,0,0,0,0,0,0,0,0,0,0,0,0,0,0,0,0,1,6,0,0,0,1,0,0,1,0,0,0,0,0,0,19,23,5,0,5,0,0,1,11,23,23,0,1,0,31,0,0
1,MC,0,0,2,0,0,0,0,0,0,0,0,0,0,0,0,0,0,1,0,0,0,0,0,0,0,0,0,0,0,0,0,0,0,0,0,0,0,0,0,0,0,0,0,0,0,0,0,0,0,0,0,0,0,0,0,0,0,0,0,0,0,0,0,0,0,0,0,0,0,0,258,3,0,0,0,0,0,0,0,0,0,0,0,0,0,0,0,0,0,0,0,0,0,0,0,0,0,0,0,0,13,0,22,0,0,0,0,0,0,0,0,0,0,0,9,18,0,0,0,1,0,0,0,2,0,0,0,0,0,0,0,0,1,0,8,0,0,2,3,2,0,1,9,0,22,13,0,0,0,1657,258,0,2,1657,0,3,0,0,0,0,1,0,0,0,2,0,0,0,0,0,0,0,6,1,0,0,0,0,0,0,0,0,0,0,0,0,0,0,0,0,0,0,0,0,0,0,0,0,0,0,0,0,0,0,0,0,0,0,0,0,0,0,0,0,0,0,2,1,0,0,0,0,0,0,0,2,0,0,0,0,0,0,0,0,0,0,0,0,0,0,0,0,0,0,0,0,0,0,0,0,0,0,0,0,0,0,0,0,0,0,0,0,2,0,0,0,0,0,0,0,0,0
1,MC,0,0,0,3,0,0,0,0,0,0,0,0,0,0,1,0,0,0,0,0,0,0,0,0,65537,0,0,0,0,0,0,0,0,0,0,2,0,0,3,0,0,0,0,0,0,0,0,0,0,0,0,0,0,0,0,0,0,0,0,0,0,0,0,0,0,0,0,0,0,0,3,7,0,0,0,0,0,1,0,0,0,0,0,0,0,0,0,0,0,0,0,0,0,0,0,0,0,0,0,0,25,13,21,0,0,0,0,0,0,0,0,0,0,4,65536,65519,0,65536,0,4,0,12,0,0,0,0,0,27,4,140,0,0,65536,0,17,0,0,21,38,746,0,0,13,0,144,28,7,1,0,65536,30,116,27,1,0,638,0,0,65421,28,4,0,0,65535,5,0,0,0,0,0,2,1,1,12,0,65536,28,65536,0,0,0,0,0,0,0,0,0,0,0,0,0,0,0,0,0,0,0,0,0,0,0,0,0,0,0,0,0,0,0,0,0,0,0,0,0,0,65536,311,0,1,0,0,0,0,0,0,0,0,0,0,0,0,0,1,0,0,0,0,0,0,0,0,0,0,0,0,0,0,0,0,0,1,0,0,0,0,0,0,0,0,0,0,1,0,0,0,0,0,0,0,0,0
1,MC,0,0,2,0,0,0,0,0,0,0,0,0,0,0,0,0,0,0,0,0,0,0,0,0,0,0,0,0,0,0,0,0,0,0,0,0,0,0,1,0,0,0,0,0,0,0,0,0,0,0,0,0,0,0,0,0,0,0,2,0,0,0,0,0,0,19,0,0,0,5,1,5,0,0,0,0,0,0,0,0,0,0,0,0,0,0,0,0,0,0,0,0,0,0,0,0,0,0,0,0,53,0,10,0,0,0,0,0,0,0,0,0,0,8,43,115,0,14,0,5,0,13,0,0,0,0,0,0,0,4,135,0,19,0,23,0,2,31,21,34,3,0,20,0,169,16,0,0,0,16,0,3,1,1,0,66,0,0,20,0,6,0,0,16,4,0,0,0,0,0,0,2,2,10,0,4,0,0,0,0,0,0,0,0,0,0,0,0,0,0,0,0,0,0,0,0,0,0,0,0,0,0,0,0,0,0,0,0,0,0,0,0,0,0,0,0,13,28,0,0,0,0,0,0,0,0,0,0,0,0,0,0,0,34,0,0,0,0,0,0,0,0,0,0,0,0,0,0,0,0,0,0,0,0,0,0,0,0,0,0,0,0,4,0,0,0,0,0,0,0,0,0
1,MC,0,0,0,0,0,0,0,0,1,0,0,0,0,0,0,0,0,0,0,2,0,0,0,0,0,0,0,0,0,0,0,0,0,0,0,0,0,0,0,0,0,0,0,2,0,0,0,0,0,0,0,0,0,0,0,0,0,0,0,0,0,0,0,0,0,0,0,0,0,0,3,46,0,0,0,765,0,2,0,0,13,0,0,13,0,39,13,0,0,0,0,13,0,0,0,0,0,0,0,0,31,7,47,0,0,0,0,2,0,0,0,1,0,0,37,765,0,21,8,3,0,7,1,16,0,0,0,765,6,0,0,0,2,0,11,2,3,12,22,24,0,0,10,3,68,34,0,0,0,2,7,2,5,2,0,137,3,0,0,0,3,1,0,0,3,0,0,1,0,2,4,2,1,66,2,1,1,0,0,0,0,0,0,0,0,0,0,0,0,0,0,0,10,0,0,0,0,0,0,0,0,0,0,0,10,0,0,0,8,0,3,0,0,0,0,0,8,26,0,0,0,0,0,0,0,2,0,0,0,0,0,0,0,0,0,0,0,0,0,0,13,1,0,0,0,1,0,0,5,0,0,0,0,0,0,3,0,0,0,0,0,0,4,0,0,0,0,1,0,3,0,0
1,MC,0,0,0,0,0,0,0,0,0,0,0,0,0,0,0,0,0,0,0,0,0,2,2,0,0,0,0,0,0,0,0,2,0,0,0,0,0,0,1,0,0,0,0,0,0,0,0,0,0,0,0,0,0,0,0,0,1,0,0,0,0,0,0,0,0,0,0,0,1,2,1,8,0,0,0,0,0,2,0,0,0,0,0,0,0,0,0,0,0,0,0,0,0,0,0,0,0,0,0,0,27,0,23,0,0,0,0,0,0,0,0,0,0,0,10,46,0,1,0,1,0,6,0,0,0,0,0,0,0,0,0,0,2,0,7,0,0,14,9,13,0,6,6,0,44,8,0,0,0,1,1,10,1,2,0,14,0,0,0,0,2,0,0,0,1,0,0,0,0,0,1,0,1,6,0,0,0,0,0,0,0,0,0,0,0,0,0,0,0,0,0,0,1,0,0,0,0,0,0,0,0,0,0,0,0,2,0,0,1,0,0,0,0,0,0,0,7,9,0,2,0,0,0,0,0,1,0,0,0,0,0,0,0,3,0,0,0,0,0,0,0,0,0,0,0,0,0,0,0,0,0,0,0,0,0,0,0,0,0,0,0,0,2,0,0,0,0,0,0,0,0,0
1,MC,0,0,0,0,0,0,0,0,0,0,0,0,0,0,0,0,0,2,0,2,0,4,0,0,0,0,1,0,2,1,1,0,0,0,0,0,0,0,0,0,0,0,0,0,0,0,0,0,0,0,0,6,0,0,0,0,1,0,0,0,0,0,1,0,0,1,0,0,0,0,7,19,0,1,0,0,0,0,0,1,0,1,0,0,1,4,0,1,0,0,0,0,0,0,3,0,0,0,0,0,57,0,4,0,0,0,0,0,0,0,0,1,0,0,71,892,0,9,15,5,14,14,7,7,0,0,0,148,14,12,8,0,33,0,18,2,3,61,66,343,0,0,15,3,175,43,0,0,0,2,12,4,10,263,0,1114,0,0,7,0,2,6,0,0,6,0,0,8,0,11,7,0,0,46,14,24,7,0,0,0,0,0,0,0,0,0,0,0,2,214,0,0,11,0,1,0,0,0,0,0,0,0,0,0,0,10,0,0,0,10,0,1,0,0,0,0,42,253,0,0,0,0,0,0,0,0,0,0,0,0,0,0,0,0,0,0,0,0,0,0,1,7,0,0,0,1,0,0,1,0,0,0,0,0,0,24,28,6,0,6,0,0,1,15,28,28,0,1,0,37,0,0
1,MC,0,0,0,0,0,0,0,0,0,0,0,0,0,0,0,0,0,1,0,2,0,3,0,0,0,0,1,0,2,1,1,0,0,0,0,0,0,0,0,0,0,0,0,0,0,0,0,0,0,0,0,0,0,0,0,0,1,0,0,0,0,0,1,0,0,0,0,0,0,0,1,7,0,1,0,0,0,0,0,1,0,1,0,0,1,4,0,1,0,0,0,0,0,0,2,0,0,0,0,0,45,0,3,0,0,0,0,0,0,0,0,1,0,0,49,265,0,10,9,5,0,8,0,1,0,0,0,22,7,12,8,0,28,0,12,2,3,41,6,133,0,0,9,3,79,23,0,0,0,4,4,4,3,263,0,184,0,0,1,0,2,0,0,0,6,0,0,8,0,2,1,0,4,18,0,0,0,0,0,0,0,0,0,0,0,0,0,0,2,192,0,0,14,0,1,0,0,0,0,0,0,0,0,0,0,13,0,0,0,13,0,1,0,0,0,0,36,115,0,0,0,0,0,0,0,0,0,0,0,0,0,0,0,0,0,0,0,0,0,0,1,1,0,0,0,1,0,0,1,0,0,0,0,0,0,3,0,0,0,0,0,0,1,0,0,0,0,1,0,3,0,0
1,MC,0,0,0,0,0,0,0,0,0,0,0,0,0,0,0,0,0,1,0,2,0,4,0,0,0,0,1,0,2,1,1,0,0,0,0,0,0,0,0,0,0,0,0,0,0,0,0,0,0,0,0,5,0,0,0,0,1,0,0,0,0,0,1,0,0,0,0,0,0,0,5,17,0,1,0,0,0,0,0,1,0,1,0,0,1,4,0,1,0,0,0,0,0,0,3,0,0,0,0,0,56,0,4,0,0,0,0,0,0,0,0,1,0,0,72,780,0,9,14,5,12,13,6,6,0,0,0,132,10,12,8,0,36,0,17,2,3,59,61,308,0,0,14,3,159,40,0,0,0,3,11,4,9,270,0,966,0,0,7,0,2,6,0,0,6,0,0,8,0,10,8,0,0,40,12,20,6,0,0,0,0,0,0,0,0,0,0,0,2,200,0,0,14,0,1,0,0,0,0,0,0,0,0,0,0,13,0,0,0,13,0,1,0,0,0,0,42,230,0,0,0,0,0,0,0,0,0,0,0,0,0,0,0,0,0,0,0,0,0,0,1,7,0,0,0,1,0,0,1,0,0,0,0,0,0,22,19,5,0,5,0,0,1,13,19,19,0,1,0,28,0,0
1,MC,0,0,0,3,0,0,0,0,0,0,0,0,0,0,0,0,0,0,0,0,0,0,0,0,65539,0,0,0,0,0,0,0,0,0,0,2,0,0,3,0,0,0,0,0,0,0,0,0,0,0,0,0,0,0,0,0,0,0,0,0,0,0,0,0,0,0,0,0,0,2,10,7,0,0,0,0,0,1,0,0,0,0,0,0,0,0,0,0,0,0,0,0,0,0,0,0,0,0,0,0,31,11,24,0,0,0,0,0,0,0,0,0,0,2,65536,65519,0,65536,0,5,0,16,1,0,0,0,0,27,4,140,0,0,65536,1,21,0,0,51,48,576,0,0,14,0,166,43,7,1,0,65536,32,116,28,3,0,921,0,0,65453,29,4,0,0,65535,3,0,0,0,0,0,4,3,1,11,2,65536,35,65536,0,0,0,0,0,0,0,0,0,0,0,0,0,0,2,0,0,0,0,0,0,0,0,0,0,0,2,0,0,0,1,0,0,0,0,0,0,0,65536,294,0,2,0,0,0,0,0,0,0,0,0,0,0,0,0,3,0,0,0,0,0,0,0,0,0,0,0,0,0,0,0,0,0,0,0,0,0,0,0,0,0,0,0,0,1,0,0,0,0,0,0,0,0,0
1,MC,0,0,0,1,0,0,5,0,0,0,1,1,0,0,0,0,0,2,0,20,0,0,0,0,0,0,0,0,0,0,0,0,0,0,0,0,2,0,0,0,0,0,0,0,0,0,0,0,0,0,0,0,0,0,0,0,0,0,0,0,0,0,0,0,0,0,0,0,0,0,3,1022,0,0,0,0,0,0,0,0,0,0,0,0,0,10,0,0,0,0,0,6,5,0,0,0,0,0,2,0,37,7,28,0,0,0,0,2,0,0,0,1,0,0,30,316,0,9,9,4,0,14,1,1015,0,0,0,29,7,12,8,0,2,0,518,2,1,43,29,112,0,0,5,1,37,38,0,0,0,3,5,5,7,0,1,141,3,0,0,0,0,1,0,13,1,0,2,8,0,2,2,514,0,30,2,0,1,0,0,0,0,0,0,0,0,0,0,0,18,621,0,0,6,1,0,0,0,0,0,0,0,0,0,0,0,9,0,0,0,0,0,14,0,0,0,0,4,101,0,0,0,0,0,0,0,2,0,0,0,0,0,0,0,0,0,0,0,0,0,0,5,1,0,0,0,1,0,0,8,0,0,0,0,0,5,8,0,0,0,0,0,0,4,0,0,0,0,11,0,3,2,0
1,MC,0,0,0,0,0,0,0,0,0,0,0,0,0,0,0,0,0,2,0,2,0,4,0,0,0,0,1,0,2,1,1,0,0,0,0,0,0,0,0,0,0,0,0,0,0,0,0,0,0,0,0,7,0,0,0,0,1,0,0,0,0,0,1,0,0,1,0,0,0,0,6,21,0,1,0,0,0,0,0,1,0,1,0,0,1,4,0,1,0,0,0,0,0,0,3,0,0,0,0,0,63,0,4,0,0,0,0,0,0,0,0,1,0,0,76,1025,0,9,16,5,16,15,8,8,0,0,0,170,13,12,8,0,35,0,19,2,3,64,77,378,0,0,16,3,191,46,0,0,0,2,10,4,11,263,0,1271,0,0,8,0,2,7,0,0,6,0,0,8,0,14,7,0,0,52,16,28,8,0,0,0,0,0,0,0,0,0,0,0,2,190,0,0,11,0,1,0,0,0,0,0,0,0,0,0,0,10,0,0,0,10,0,1,0,0,0,0,43,276,0,0,0,0,0,0,0,0,0,0,0,0,0,0,0,0,0,0,0,0,0,0,1,8,0,0,0,1,0,0,1,0,0,0,0,0,0,25,27,7,0,7,0,0,1,15,27,27,0,1,0,37,0,0
1,MC,0,0,0,0,0,0,0,0,0,0,0,0,0,0,0,0,0,0,0,0,0,0,0,0,0,0,0,0,0,0,0,0,0,0,0,0,0,0,0,0,0,0,0,0,0,0,0,0,0,0,0,0,0,0,0,0,2,0,0,0,0,0,0,0,0,0,0,1,0,0,1,10,0,2,0,0,0,0,0,0,1,0,0,1,0,3,1,0,1,0,0,1,0,0,0,0,2,0,0,0,33,0,13,0,0,0,0,0,0,0,0,1,0,0,16,254,0,2,9,3,0,6,0,3,0,0,0,15,5,12,8,0,2,0,9,2,3,11,4,116,0,0,7,3,59,10,0,0,0,0,2,4,3,0,0,136,3,0,0,0,0,0,0,0,1,0,0,8,0,2,0,0,4,17,0,0,0,0,0,0,0,0,0,0,0,0,0,0,0,0,0,0,2,0,2,0,0,0,0,0,0,0,0,0,0,2,0,0,0,4,0,0,0,0,0,0,6,106,0,0,0,0,0,0,0,0,0,0,0,0,0,0,0,0,0,0,0,0,0,0,1,2,0,0,0,1,0,0,1,0,0,0,0,0,0,3,0,0,1,0,0,0,1,0,0,0,0,1,0,4,0,0
1,MC,0,0,0,1,0,0,0,0,0,0,0,0,0,0,0,0,0,2,0,2,0,4,0,0,0,0,1,0,2,1,1,0,0,0,0,0,0,0,0,0,0,0,0,0,0,0,0,0,0,0,0,6,0,0,0,0,1,0,0,0,0,0,1,0,0,1,0,0,0,0,6,20,0,1,0,0,0,0,0,1,0,1,0,0,1,4,0,1,0,0,0,0,0,0,3,0,0,0,0,0,59,0,4,0,0,0,0,0,0,0,0,1,0,0,69,912,0,9,15,5,14,14,7,7,0,0,0,148,12,12,8,0,33,0,18,2,3,61,68,343,0,0,15,3,177,43,0,0,0,2,12,4,10,263,1,1116,0,0,7,0,2,7,0,0,6,0,0,8,0,12,8,0,0,48,14,24,7,0,0,0,0,0,0,0,0,0,0,0,2,202,0,0,11,0,1,0,0,0,0,0,0,0,0,0,0,10,0,0,0,10,0,1,0,0,0,0,42,253,0,0,0,0,0,0,0,0,0,0,0,0,0,0,0,0,0,0,0,0,0,0,1,7,0,0,0,1,0,0,1,0,0,0,0,0,0,26,26,6,0,6,0,0,1,17,26,26,0,1,0,35,0,0
1,MC,0,0,0,1,0,0,0,0,0,0,0,0,0,0,0,0,0,1,0,2,0,3,0,0,0,0,1,0,2,1,1,0,0,0,0,0,0,0,0,0,0,0,0,0,0,0,0,0,0,0,0,0,0,0,0,0,1,0,0,0,0,0,1,0,0,0,0,0,0,0,1,14,0,1,0,0,0,0,0,1,0,1,0,0,1,4,0,1,0,0,0,0,0,0,2,0,0,0,0,0,45,0,3,0,0,0,0,0,0,0,0,1,0,0,46,274,0,10,9,5,0,8,0,4,0,0,0,22,7,12,8,0,28,0,12,2,3,41,6,133,0,0,9,3,79,23,0,0,0,4,4,4,3,263,1,184,3,0,1,0,2,0,0,0,6,0,0,8,0,2,1,0,5,23,0,0,0,0,0,0,0,0,0,0,0,0,0,0,2,212,0,0,14,0,1,0,0,0,0,0,0,0,0,0,0,13,0,0,0,13,0,1,0,0,0,0,36,115,0,0,0,0,0,0,0,0,0,0,0,0,0,0,0,0,0,0,0,0,0,0,1,1,0,0,0,1,0,0,1,0,0,0,0,0,0,3,0,0,0,0,0,0,0,0,0,0,0,1,0,3,0,0
1,MC,0,0,2,32,1,0,0,0,0,0,0,0,0,0,0,0,0,0,0,0,0,0,0,0,0,0,0,0,0,0,0,0,0,0,0,1,0,0,3,0,0,0,0,0,0,0,0,0,0,0,0,0,0,0,0,0,0,0,11,0,0,0,0,0,0,21,0,1,0,4,1,117,0,0,0,0,0,0,0,0,0,0,0,0,0,0,0,0,0,0,0,0,0,0,0,0,0,0,0,0,80,0,11,0,0,0,0,0,0,0,0,0,0,11,68,978,2,113,4,114,0,29,0,0,2,0,0,33,21,36,135,5,13,0,51,0,6,62,56,602,3,115,28,0,259,56,34,2,7,95,47,328,11,14,2,1139,0,0,110,27,159,0,0,43,21,0,0,4,0,0,6,2,19,171,0,64,27,0,0,0,0,0,0,0,0,0,0,6,0,0,0,0,30,30,0,0,0,0,0,0,0,0,0,0,0,0,0,0,0,0,30,0,0,0,0,0,26,253,0,0,0,0,0,0,2,0,0,0,0,0,0,0,0,30,0,0,0,0,0,0,0,0,0,0,0,0,0,0,0,0,0,0,0,0,0,0,0,0,0,0,0,0,7,0,0,0,0,0,0,0,0,0
1,MC,0,0,2,36,7,0,0,0,0,0,0,0,0,0,0,0,1,6,0,2,0,0,0,0,0,0,0,0,0,0,0,0,0,0,0,0,2,0,7,0,0,0,0,0,0,0,0,0,0,0,0,0,0,0,0,0,1,0,32,0,0,0,0,0,0,10,6,0,0,8,6,34,0,2,0,0,0,2,0,0,0,0,0,0,0,0,0,0,0,0,0,0,0,0,0,0,0,0,0,0,62,2,21,0,0,0,0,0,0,1,0,0,0,9,53,1329,3,93,3,18,0,25,1,0,5,0,0,44,48,275,3,45,2,0,76,10,36,54,118,891,1,65,26,0,192,30,42,5,25,91,100,387,49,33,2,1096,0,0,15,30,18,6,0,0,19,0,3,0,0,4,2,0,60,57,2,0,31,0,0,0,2,0,2,0,0,0,0,48,2,210,0,0,2,0,0,0,1,0,0,0,0,0,0,0,0,0,0,0,0,0,0,0,0,0,0,0,17,472,0,1,0,0,0,0,2,0,0,1,0,0,0,1,0,52,0,1,0,0,0,0,0,0,0,0,0,0,0,0,0,0,0,0,0,0,0,0,0,0,0,0,0,0,9,0,0,0,0,0,0,0,0,0
1,MC,0,0,0,0,0,0,0,0,0,0,0,0,0,0,0,0,0,1,0,2,0,3,0,0,0,0,1,0,2,1,1,0,0,0,0,0,0,0,0,0,0,0,0,0,0,0,0,0,0,0,0,0,0,0,0,0,1,0,0,0,0,0,1,0,0,0,0,0,0,0,1,11,0,1,0,0,0,0,0,1,0,1,0,0,1,4,0,1,0,0,0,0,0,0,2,0,0,0,0,0,45,0,3,0,0,0,0,0,0,0,0,1,0,0,49,266,0,10,9,5,0,8,0,3,0,0,0,22,7,12,8,0,28,0,12,2,3,41,6,133,0,0,9,3,79,23,0,0,0,4,4,4,3,458,0,184,2,0,1,0,2,0,0,0,6,0,0,8,0,2,1,0,4,22,0,0,0,0,0,0,0,0,0,0,0,0,0,0,2,200,0,0,14,0,1,0,0,0,0,0,0,0,0,0,0,13,0,0,0,13,0,1,0,0,0,0,36,115,0,0,0,0,0,0,0,0,0,0,0,0,0,0,0,0,0,0,0,0,0,0,1,1,0,0,0,1,0,0,1,0,0,0,0,0,0,3,0,0,0,0,0,0,1,0,0,0,0,1,0,3,0,0
1,MC,0,0,0,1,0,0,0,0,0,0,0,0,0,0,0,0,0,1,0,2,0,4,0,0,0,0,1,0,2,1,1,0,0,0,0,0,0,0,0,0,0,0,0,0,0,0,0,0,0,0,0,5,0,0,0,0,1,0,0,0,0,0,1,0,0,0,0,0,0,0,5,18,0,1,0,0,0,0,0,1,0,1,0,0,1,4,0,1,0,0,0,0,0,0,3,0,0,0,0,0,55,0,4,0,0,0,0,0,0,0,0,1,0,0,69,780,0,9,14,5,12,13,6,6,0,0,0,133,11,12,8,0,31,0,17,2,3,58,61,308,0,0,14,3,161,40,0,0,0,2,12,4,9,263,1,966,0,0,6,0,2,6,0,0,6,0,0,8,0,10,8,0,0,41,12,20,6,0,0,0,0,0,0,0,0,0,0,0,2,209,0,0,11,0,1,0,0,0,0,0,0,0,0,0,0,10,0,0,0,10,0,1,0,0,0,0,41,230,0,0,0,0,0,0,0,0,0,0,0,0,0,0,0,0,0,0,0,0,0,0,1,7,0,0,0,1,0,0,1,0,0,0,0,0,0,20,17,5,0,5,0,0,1,11,17,17,0,1,0,26,0,0
1,MC,0,0,0,0,0,0,0,0,0,0,0,0,0,0,0,0,0,2,0,2,0,4,0,0,0,0,1,0,2,1,1,0,0,0,0,0,0,0,0,0,0,0,0,0,0,0,0,0,0,0,0,4,0,0,0,0,1,0,0,0,0,0,1,0,0,1,0,0,0,0,4,17,0,1,0,0,0,0,0,1,0,1,0,0,1,4,0,1,0,0,0,0,0,0,3,0,0,0,0,0,51,0,4,0,0,0,0,0,0,0,0,1,0,0,62,667,0,9,13,5,10,12,5,6,0,0,0,106,14,12,8,0,29,0,16,2,3,55,50,273,0,0,13,3,143,37,0,0,0,2,13,4,8,263,0,806,1,0,4,0,2,5,0,0,6,0,0,8,0,8,8,0,0,37,10,16,5,0,0,0,0,0,0,0,0,0,0,0,2,188,0,0,11,0,1,0,0,0,0,0,0,0,0,0,0,10,0,0,0,10,0,1,0,0,0,0,40,207,0,0,0,0,0,0,0,0,0,0,0,0,0,0,0,0,0,0,0,0,0,0,1,5,0,0,0,1,0,0,1,0,0,0,0,0,0,15,18,4,0,4,0,0,1,8,18,18,0,1,0,25,0,0
1,MC,0,0,0,0,0,0,0,0,0,0,0,0,0,0,0,0,0,1,0,2,0,3,0,0,0,0,1,0,2,1,1,0,0,0,0,0,0,0,0,0,0,0,0,0,0,0,0,0,0,0,0,0,0,0,0,0,1,0,0,0,0,0,1,0,0,0,0,0,0,0,1,7,0,1,0,0,0,0,0,1,0,1,0,0,1,4,0,1,0,0,0,0,0,0,2,0,0,0,0,0,45,0,3,0,0,0,0,0,0,0,0,1,0,0,46,264,0,10,9,5,0,8,0,1,0,0,0,22,6,12,8,0,28,0,12,2,3,41,6,133,0,0,9,3,79,23,0,0,0,4,4,4,3,448,0,184,0,0,1,0,2,0,0,0,6,0,0,8,0,2,1,0,4,18,0,0,0,0,0,0,0,0,0,0,0,0,0,0,2,200,0,0,14,0,1,0,0,0,0,0,0,0,0,0,0,13,0,0,0,13,0,1,0,0,0,0,36,115,0,0,0,0,0,0,0,0,0,0,0,0,0,0,0,0,0,0,0,0,0,0,1,1,0,0,0,1,0,0,1,0,0,0,0,0,0,3,0,0,0,0,0,0,0,0,0,0,0,1,0,3,0,0
1,MC,0,0,0,0,0,0,0,0,0,0,0,0,0,0,0,0,0,592,0,0,0,0,0,0,0,0,0,0,0,0,0,0,0,0,0,0,0,0,0,0,0,0,0,0,4850,0,0,0,0,0,0,0,0,0,0,0,0,0,0,0,0,0,0,0,0,0,0,0,0,2,0,0,0,0,0,0,0,0,0,0,0,0,0,0,0,0,0,0,0,0,0,0,0,0,0,0,0,0,0,0,5,0,11,0,0,0,0,0,0,0,0,0,0,0,1208,7851,0,2105,0,0,0,1,0,0,0,0,0,0,591,0,0,0,2541,0,1,0,0,2,0,0,0,0,1,0,5,1,0,24298,0,0,1184,0,0,0,0,0,0,0,680,0,0,0,0,0,0,0,0,0,0,0,592,0,0,591,0,446,0,0,0,0,0,0,0,0,0,0,0,0,0,0,0,0,0,0,0,0,0,0,0,0,0,0,0,0,0,0,0,0,0,0,0,0,0,0,0,0,1,0,0,0,0,0,0,0,0,1,0,0,0,0,0,0,0,0,0,0,0,0,0,0,0,0,0,0,0,0,0,0,0,0,0,0,0,0,0,0,0,0,0,0,0,0,2,0,0,0,0,0,0,0,0,0
1,MC,0,0,0,0,0,0,0,0,0,0,0,0,0,0,0,0,0,0,0,0,0,0,0,0,0,0,0,0,0,0,0,0,0,0,0,0,0,0,0,0,0,0,0,0,0,0,0,0,0,0,0,0,0,0,0,0,0,0,0,0,0,0,0,0,0,0,0,0,0,0,3,0,0,0,0,1,0,1,0,0,0,0,0,0,0,0,0,0,0,0,0,0,0,0,0,0,0,0,0,0,17,0,5,0,0,0,0,0,0,0,0,0,0,0,9,71,0,0,0,1,0,0,1,0,0,0,0,0,0,0,0,0,1,1,5,0,0,2,16,2,0,13590,5,0,23,1,0,13590,0,0,0,0,1,1,0,10,0,0,0,0,1,1,1,0,3,0,0,0,0,2,0,1,1,1,2,0,3,0,0,0,0,0,0,0,0,0,1,0,0,0,0,1,0,0,13590,0,13590,0,0,0,0,0,0,0,0,0,0,0,0,0,0,0,0,0,0,0,3,1,0,0,0,0,0,0,0,1,0,0,0,0,0,0,0,0,0,0,0,0,0,0,0,0,0,0,0,0,0,0,0,0,0,1,0,0,0,0,0,0,0,0,0,0,3,0,0,0,0,0,0,0,0,0
1,MC,0,0,0,0,0,0,0,0,0,0,0,0,0,0,0,0,0,2,0,2,0,4,0,0,0,0,1,0,2,1,1,0,0,0,0,0,0,0,0,0,0,0,0,0,0,0,0,0,0,0,0,6,0,0,0,0,1,0,0,0,0,0,1,0,0,1,0,0,0,0,6,21,0,1,0,0,0,0,0,1,0,1,0,0,1,4,0,1,0,0,0,0,0,0,3,0,0,0,0,0,59,0,4,0,0,0,0,0,0,0,0,1,0,0,71,912,0,9,15,5,14,14,7,8,0,0,0,154,16,12,8,0,33,0,18,2,3,61,70,343,0,0,15,3,175,43,0,0,0,2,13,4,10,263,0,1121,1,0,7,0,2,7,0,0,6,0,0,8,0,12,8,0,0,45,14,24,7,0,0,0,0,0,0,0,0,0,0,0,2,207,0,0,11,0,1,0,0,0,0,0,0,0,0,0,0,10,0,0,0,10,0,1,0,0,0,0,42,253,0,0,0,0,0,0,0,0,0,0,0,0,0,0,0,0,0,0,0,0,0,0,1,8,0,0,0,1,0,0,1,0,0,0,0,0,0,21,24,6,0,6,0,0,1,11,24,24,0,1,0,34,0,0
1,MC,0,0,0,0,0,0,0,0,0,0,0,0,0,0,0,0,0,2,0,2,0,4,0,0,0,0,1,0,2,1,1,0,0,0,0,0,0,0,0,0,0,0,0,0,0,0,0,0,0,0,0,6,0,0,0,0,1,0,0,0,0,0,1,0,0,1,0,0,0,0,5,20,0,1,0,0,0,0,0,1,0,1,0,0,1,4,0,1,0,0,0,0,0,0,3,0,0,0,0,0,55,0,4,0,0,0,0,0,0,0,0,1,0,0,71,781,0,9,15,5,12,13,6,7,0,0,0,132,14,12,8,0,32,0,17,2,3,58,61,312,0,0,14,3,161,40,0,0,0,2,11,4,9,263,0,1054,1,0,6,0,2,5,0,0,6,0,0,8,0,10,7,0,0,44,12,21,6,0,0,0,0,0,0,0,0,0,0,0,2,213,0,0,11,0,1,0,0,0,0,0,0,0,0,0,0,10,0,0,0,10,0,1,0,0,0,0,41,235,0,0,0,0,0,0,0,0,0,0,0,0,0,0,0,0,0,0,0,0,0,0,1,7,0,0,0,1,0,0,1,0,0,0,0,0,0,19,19,6,0,6,0,0,1,10,19,19,0,1,0,28,0,0
1,MC,0,0,0,0,0,0,0,0,0,0,0,0,0,0,0,0,0,0,0,0,0,0,0,0,0,0,0,0,0,0,0,0,0,0,0,0,0,0,0,0,0,0,0,0,0,0,0,0,0,0,0,0,0,0,0,0,0,0,0,0,0,0,0,0,0,0,0,0,0,0,0,1,0,0,0,0,0,0,0,0,0,0,0,0,0,0,0,0,0,0,0,0,0,0,0,0,0,0,0,0,0,0,1,0,0,0,0,0,0,0,0,0,0,0,3,8,0,0,0,0,0,1,0,0,0,0,0,0,2,0,0,0,1,0,1,0,1,0,0,0,0,0,0,0,0,0,0,0,0,0,0,0,0,1,0,0,0,0,0,0,0,0,0,0,2,0,0,0,0,1,0,0,1,1,0,0,0,0,0,0,0,0,0,0,0,0,0,0,0,0,0,0,0,0,0,0,0,0,0,0,0,0,0,0,0,0,0,0,0,0,0,0,0,0,0,0,0,0,0,0,0,0,0,0,0,0,0,0,0,0,0,0,0,0,0,0,0,0,0,0,0,0,0,0,0,0,0,0,0,0,0,0,0,0,0,0,0,0,0,0,0,0,1,0,0,0,0,0,0,0,0,0
1,MC,0,0,0,0,0,0,0,0,0,0,0,0,0,0,0,0,0,0,0,0,0,0,0,0,0,0,0,0,0,0,0,0,0,0,0,0,0,0,3,0,0,0,0,0,0,0,0,0,0,0,0,0,0,0,0,0,0,0,0,0,0,0,0,0,0,0,0,0,0,0,1,5,0,0,0,0,0,0,0,0,0,0,0,0,0,0,0,0,0,0,0,0,0,0,0,0,0,0,0,0,15,0,17,0,0,0,0,0,0,0,0,0,0,0,18,183,0,21,0,5,0,2,2,1,0,0,0,8,2,0,0,0,8,0,7,0,1,15,25,60,0,0,6,0,68,13,0,0,0,16,1,4,10,3,0,199,0,1,0,0,8,1,0,0,14,0,0,0,0,3,0,5,2,12,2,0,1,0,0,0,0,0,0,0,0,0,0,0,0,0,0,0,0,0,0,0,0,0,0,0,0,0,0,0,0,0,0,0,0,0,0,0,0,0,0,0,2,47,0,0,0,0,0,0,0,0,0,0,0,0,0,0,0,0,0,0,0,0,0,0,0,0,0,0,0,0,0,0,0,0,0,0,0,0,0,0,0,0,0,0,0,0,5,0,0,0,0,0,0,0,0,0
1,MC,0,0,0,0,0,0,0,0,0,0,0,0,0,0,0,0,0,2,0,2,0,4,0,0,0,0,1,0,2,1,1,0,0,0,0,0,0,0,0,0,0,0,0,0,0,0,0,0,0,0,0,5,0,0,0,0,1,0,0,0,0,0,1,0,0,1,0,0,0,0,5,19,0,1,0,0,0,0,0,1,0,1,0,0,1,4,0,1,0,0,0,0,0,0,3,0,0,0,0,0,55,0,4,0,0,0,0,0,0,0,0,1,0,0,65,785,0,9,14,5,12,13,6,7,0,0,0,132,14,12,8,0,31,0,17,2,3,58,61,308,0,0,14,3,160,40,0,0,0,2,11,4,9,263,0,966,1,0,5,0,2,6,0,0,6,0,0,8,0,10,7,0,0,45,12,20,6,0,0,0,0,0,0,0,0,0,0,0,2,204,0,0,11,0,1,0,0,0,0,0,0,0,0,0,0,10,0,0,0,10,0,1,0,0,0,0,41,230,0,0,0,0,0,0,0,0,0,0,0,0,0,0,0,0,0,0,0,0,0,0,1,7,0,0,0,1,0,0,1,0,0,0,0,0,0,21,23,6,0,6,0,0,0,12,23,23,0,1,0,32,0,0
1,MC,0,0,0,0,0,0,0,0,0,0,0,0,0,0,0,0,0,1,0,2,0,3,0,0,0,0,1,0,2,1,1,0,0,0,0,0,0,0,0,0,0,0,0,0,0,0,0,0,0,0,0,0,0,0,0,0,1,0,0,0,0,0,1,0,0,0,0,0,0,0,1,7,0,1,0,0,0,0,0,1,0,1,0,0,1,4,0,1,0,0,0,0,0,0,2,0,0,0,0,0,45,0,3,0,0,0,0,0,0,0,0,1,0,0,46,265,0,10,9,5,0,8,0,1,0,0,0,22,7,12,8,0,28,0,12,2,3,41,6,133,0,0,9,3,79,23,0,0,0,4,4,4,3,263,0,184,0,0,1,0,2,0,0,0,6,0,0,8,0,2,1,0,4,19,0,0,0,0,0,0,0,0,0,0,0,0,0,0,2,196,0,0,14,0,1,0,0,0,0,0,0,0,0,0,0,13,0,0,0,13,0,1,0,0,0,0,36,115,0,0,0,0,0,0,0,0,0,0,0,0,0,0,0,0,0,0,0,0,0,0,1,1,0,0,0,1,0,0,1,0,0,0,0,0,0,3,0,0,0,0,0,0,0,0,0,0,0,1,0,3,0,0
1,MC,0,0,0,1,0,0,0,0,0,0,0,0,0,0,0,0,0,2,0,2,0,4,0,0,0,0,1,0,2,1,1,0,0,0,0,0,0,0,0,0,0,0,0,0,0,0,0,0,0,0,0,5,0,0,0,0,1,0,0,0,0,0,1,0,0,1,0,0,0,0,5,24,0,1,0,0,0,0,0,1,0,1,0,0,1,4,0,1,0,0,0,0,0,0,3,0,0,0,0,0,55,0,4,0,0,0,0,0,0,0,0,1,0,0,66,786,0,9,14,5,12,13,6,9,0,0,0,133,15,12,8,0,33,0,17,2,3,58,61,308,0,0,14,3,163,40,0,0,0,2,13,4,9,263,1,966,3,0,5,0,2,5,0,0,6,0,0,8,0,10,8,0,0,46,12,20,6,0,0,0,0,0,0,0,0,0,0,0,2,216,0,0,11,0,1,0,0,0,0,0,0,0,0,0,0,10,0,0,0,10,0,1,0,0,0,0,41,230,0,0,0,0,0,0,0,0,0,0,0,0,0,0,0,0,0,0,0,0,0,0,1,7,0,0,0,1,0,0,1,0,0,0,0,0,0,20,19,6,0,6,0,0,0,11,19,19,0,1,0,28,0,0
1,MC,0,0,0,0,0,0,0,0,0,0,0,0,0,0,0,0,0,0,0,1,0,0,0,0,0,0,0,0,0,0,0,0,0,0,0,0,0,0,0,0,0,0,0,0,0,0,0,0,0,0,0,0,0,0,0,0,0,0,0,0,0,0,0,0,0,0,0,0,0,0,3,0,0,0,0,0,0,1,0,0,0,0,0,0,0,0,0,0,0,0,0,0,0,0,0,0,0,0,0,0,18,0,7,0,0,0,0,1,0,0,0,0,0,0,9,71,0,0,0,1,0,0,1,0,0,0,0,0,0,0,0,0,1,1,5,0,0,2,16,2,0,0,5,0,23,1,0,0,0,0,258,0,1,0,0,10,0,0,0,0,1,1,1,0,3,0,0,0,0,2,0,1,1,1,2,0,3,0,0,0,0,0,0,0,0,0,1,0,0,0,0,1,0,0,0,0,0,0,0,0,0,0,0,0,0,0,0,0,0,0,0,0,0,0,0,0,3,1,0,0,0,0,0,0,0,1,0,0,0,0,0,0,0,0,0,0,0,0,0,0,0,0,0,0,0,0,0,0,0,0,0,1,0,0,0,0,0,0,0,0,0,0,3,0,0,0,0,0,0,0,0,0
1,MC,0,0,0,0,0,0,0,0,0,0,0,0,0,0,0,0,0,0,0,0,0,0,0,0,0,0,0,0,0,0,0,0,0,0,0,0,0,0,0,0,0,0,0,0,0,1,0,0,0,0,0,0,0,0,0,0,1,0,0,0,0,0,0,0,0,0,0,1,0,0,2,1,0,1,0,0,0,0,0,0,0,0,0,0,0,0,0,0,0,0,0,0,0,0,0,0,0,0,0,0,2,0,27,0,0,0,0,0,0,0,0,0,0,0,528,513,0,256,0,1,0,0,0,0,0,0,0,257,0,0,0,0,259,0,258,0,0,0,2,0,0,0,1,0,5,13,0,0,0,256,0,0,1,0,0,2,0,0,256,0,0,0,0,257,0,0,0,0,0,1,0,0,258,0,0,256,0,0,0,0,0,0,0,0,0,0,0,0,0,0,0,0,1,0,1,0,0,0,0,0,0,0,0,0,0,1,0,0,0,2,0,0,0,0,0,0,256,0,0,0,0,0,0,0,0,1,0,0,0,0,0,0,0,0,0,0,0,0,0,0,0,1,0,0,0,0,0,0,0,0,0,0,0,0,0,0,0,0,1,0,0,0,1,0,0,0,0,0,0,1,0,0
1,MC,0,0,2,0,0,0,0,0,0,0,0,0,0,0,0,0,0,5,0,0,9,2,12,0,164,12,4,1,0,0,1,12,4,0,0,0,0,0,1,0,0,0,0,0,0,0,0,0,0,0,0,0,0,0,0,0,1,0,0,0,0,0,0,13,13,6,0,0,12,5,11,4323,0,0,0,1,3,3,0,0,0,0,0,0,0,0,0,0,0,0,0,0,0,0,0,0,0,0,3,0,160,0,82,52,52,1,0,0,0,0,0,0,0,2,1737,5035,1,4481,0,20,0,243,0,22,0,0,0,4234,15,7,290,0,871,4,260,5,7,82,91,114,3,20,27,1,286,110,0,42,0,209,281,44,24,523,11,181,0,0,24,413,19,5,0,5,403,1,0,0,2,1,2,12,195,120,0,0,0,41,0,0,0,0,0,0,0,0,0,1,0,0,0,0,93,0,0,0,0,0,0,56,0,0,3,4,0,152,0,21,0,92,0,0,0,0,1,0,27,86,0,7,0,0,0,0,0,1,0,0,0,52,0,0,0,9,0,0,20,0,0,0,0,0,0,0,0,0,0,0,0,0,0,0,1,0,0,0,0,0,0,0,0,0,3,0,0,0,0,0,0,0,1,0
1,MC,0,0,0,0,0,0,0,0,0,0,0,0,0,0,0,0,0,1,0,2,0,4,0,0,0,0,1,0,2,1,1,0,0,0,0,0,0,0,0,0,0,0,0,0,0,0,0,0,0,0,0,5,0,0,0,0,1,0,0,0,0,0,1,0,0,0,0,0,0,0,5,17,0,1,0,0,0,0,0,1,0,1,0,0,1,4,0,1,0,0,0,0,0,0,3,0,0,0,0,0,56,0,4,0,0,0,0,0,0,0,0,1,0,0,72,781,0,9,14,5,12,13,6,6,0,0,0,127,12,12,8,0,36,0,17,2,3,59,59,308,0,0,14,3,159,40,0,0,0,3,11,4,9,301,0,961,0,0,5,0,2,5,0,0,6,0,0,8,0,10,8,0,0,39,12,20,6,0,0,0,0,0,0,0,0,0,0,0,2,188,0,0,14,0,1,0,0,0,0,0,0,0,0,0,0,13,0,0,0,13,0,1,0,0,0,0,42,230,0,0,0,0,0,0,0,0,0,0,0,0,0,0,0,0,0,0,0,0,0,0,1,6,0,0,0,1,0,0,1,0,0,0,0,0,0,19,19,5,0,5,0,0,1,11,19,19,0,1,0,27,0,0
1,MC,0,0,2,0,0,0,0,0,0,0,0,0,0,0,0,0,0,5,0,0,0,0,0,0,0,0,0,0,0,0,0,0,0,0,0,0,0,0,1,0,0,0,0,0,0,0,0,0,0,0,0,0,0,0,0,0,0,0,2,0,0,0,0,0,0,0,0,0,0,0,5,13,0,0,0,0,0,0,0,0,0,0,0,0,0,0,0,0,0,0,0,0,0,0,0,0,0,0,0,0,19,0,28,0,0,0,1,0,0,0,0,0,0,0,19,54,0,0,0,2,0,0,1,3,0,0,0,0,2,0,2,0,12,0,10,1,0,6,18,11,0,1,11,0,46,14,0,0,0,0,14,8,4,0,0,26,0,0,0,0,2,1,0,0,2,0,0,0,0,0,1,0,6,17,2,0,0,0,0,0,0,0,0,0,0,0,0,1,0,0,0,0,1,0,0,0,0,0,0,0,0,0,0,0,0,0,0,0,0,3,0,0,0,0,0,0,5,9,0,0,0,0,0,0,0,3,0,0,0,0,0,0,0,0,0,0,0,0,0,0,0,0,0,0,0,0,0,0,0,0,0,0,0,0,0,0,0,0,0,0,0,0,4,0,0,0,0,0,0,0,0,0
1,MC,0,0,2,0,0,0,0,0,0,0,0,0,0,0,0,1,0,0,0,0,0,0,0,0,0,0,0,0,0,0,0,0,0,0,0,0,0,0,0,0,0,0,0,0,0,2,0,0,0,0,0,0,0,0,0,0,0,0,0,0,0,0,0,0,0,0,0,0,0,0,2,6,0,0,0,0,0,0,0,0,0,0,0,0,0,2,0,0,0,0,0,1,1,0,0,0,0,0,0,0,47,7,6,2,2,0,0,0,0,1,0,1,0,0,19,348,0,13,9,5,0,11,2,1,0,0,0,15,6,12,8,0,0,0,18,2,1,21,27,130,0,0,10,1,100,23,0,0,0,3,3,4,4,1,0,187,3,0,2,0,3,1,0,2,8,0,0,8,0,4,0,7,7,22,2,2,1,0,0,1,0,0,0,0,0,0,0,0,0,0,0,0,0,0,0,0,0,0,0,0,0,0,0,0,0,0,0,0,0,0,0,0,0,0,0,0,10,111,0,0,0,0,0,0,0,0,0,0,0,2,1,0,0,0,0,0,0,0,0,0,1,1,0,0,0,1,0,0,2,0,0,0,0,0,0,3,0,0,0,0,0,0,4,0,0,0,0,1,0,3,0,0
1,MC,0,0,0,0,0,0,0,0,0,0,0,0,0,0,0,0,0,0,0,0,0,0,0,0,0,0,0,0,0,0,0,0,0,0,0,0,0,0,0,0,0,0,0,0,0,0,0,0,0,0,0,0,0,0,0,0,1,0,0,0,0,0,0,0,0,0,0,1,0,0,2,1,0,1,0,0,0,0,0,0,0,0,0,0,0,0,0,0,0,0,0,0,0,0,0,0,0,0,0,0,2,0,27,0,0,0,0,0,0,0,0,0,0,0,7,257,0,0,0,1,0,0,0,0,0,0,0,257,0,0,0,0,3,0,258,0,0,0,2,0,0,0,1,0,5,13,0,0,0,0,0,0,1,0,0,2,0,0,0,0,0,0,0,1,0,0,0,0,0,1,0,0,258,0,0,0,0,0,0,0,0,0,0,0,0,0,0,0,0,0,0,0,1,0,1,0,0,0,0,0,0,0,0,0,0,1,0,0,0,2,0,0,0,0,0,0,0,0,0,0,0,0,0,0,0,1,0,0,0,0,0,0,0,0,0,0,0,0,0,0,0,1,0,0,0,0,0,0,0,0,0,0,0,0,0,0,0,0,1,0,0,0,1,0,0,0,0,0,0,1,0,0
1,MC,0,1,0,6,0,0,0,0,0,0,0,1,0,0,0,0,0,1,0,0,0,27,1,0,13,1,13,0,0,0,2,1,13,0,0,0,1,0,2,0,0,0,0,0,0,3,0,2,0,0,0,0,0,0,0,0,3,0,16,0,0,0,44,0,0,2,0,0,0,4,4,46,0,6,0,0,0,2,0,0,0,0,0,0,0,0,0,0,0,0,0,0,0,0,0,0,0,0,0,0,65,0,903,0,0,1,0,0,0,1,0,0,0,0,380,1562,4,43,9,3,0,13,0,16,0,0,0,65,12,279,1,0,284,0,21,188,0,71,105,970,0,0,17,0,346,304,0,0,0,31,11,38,7,6,3,813,0,0,22,7,4,0,0,3,556,0,0,2,0,2,6,1,4,62,0,1,2,0,0,0,0,0,0,0,0,0,0,0,0,0,0,0,13,0,0,0,0,0,0,0,0,0,0,0,4,2,0,0,1,1,0,1,0,0,0,97,67,298,0,79,0,0,0,0,0,1,1,0,0,0,0,0,0,4,21,0,0,0,0,0,0,1,3,0,0,3,3,2,15,3,26,0,18,0,0,3,0,12,0,0,0,0,3,0,0,0,0,0,0,3,0,0
1,MC,0,0,2,28,1,0,0,0,0,0,0,0,0,0,0,0,0,0,0,0,0,0,0,0,0,0,0,0,0,0,0,0,0,0,0,1,0,0,3,0,0,0,0,0,0,0,0,0,0,0,0,0,0,0,0,0,0,0,7,0,0,0,0,0,0,18,0,1,0,4,1,66,0,0,0,0,0,0,0,0,0,0,0,0,0,0,0,0,0,0,0,0,0,0,0,0,0,0,0,0,77,0,11,0,0,0,0,0,0,0,0,0,0,11,51,751,1,73,4,63,0,27,0,0,2,0,0,27,19,36,135,4,13,0,49,0,6,51,53,560,3,64,28,0,259,48,14,2,7,61,26,278,11,14,2,1007,0,0,92,12,86,0,0,41,18,0,0,4,0,0,2,2,19,103,0,64,12,0,0,0,0,0,0,0,0,0,0,12,0,0,0,0,30,30,0,0,0,0,0,0,0,0,0,0,0,0,0,0,0,0,30,0,0,0,0,0,26,230,0,0,0,0,0,0,2,0,0,0,0,0,0,0,0,32,0,0,0,0,0,0,0,0,0,0,0,0,0,0,0,0,0,0,0,0,0,0,0,0,0,0,0,0,7,0,0,0,0,0,0,0,0,0
1,MC,0,0,0,0,0,0,0,0,0,0,0,0,0,0,0,0,0,1,0,2,0,4,0,0,0,0,1,0,2,1,1,0,0,0,0,0,0,0,0,0,0,0,0,0,0,0,0,0,0,0,0,5,0,0,0,0,1,0,0,0,0,0,1,0,0,0,0,0,0,0,5,17,0,1,0,0,0,0,0,1,0,1,0,0,1,4,0,1,0,0,0,0,0,0,3,0,0,0,0,0,53,0,4,0,0,0,0,0,0,0,0,1,0,0,71,728,0,9,14,5,10,13,5,6,0,0,0,127,11,12,8,0,36,0,17,2,3,57,52,308,0,0,14,3,157,38,0,0,0,3,10,4,8,275,0,957,0,0,6,0,2,5,0,0,6,0,0,8,0,9,7,0,0,38,10,18,5,0,0,0,0,0,0,0,0,0,0,0,2,198,0,0,14,0,1,0,0,0,0,0,0,0,0,0,0,13,0,0,0,13,0,1,0,0,0,0,41,230,0,0,0,0,0,0,0,0,0,0,0,0,0,0,0,0,0,0,0,0,0,0,1,6,0,0,0,1,0,0,1,0,0,0,0,0,0,22,21,5,0,5,0,0,0,14,21,21,0,1,0,29,0,0
1,MC,0,1,0,10,0,7,14,0,0,0,0,0,0,0,0,0,0,0,0,1,0,4,0,0,0,0,0,0,0,0,4,0,0,0,0,1,0,0,5,0,0,0,0,0,0,0,0,0,0,0,0,0,0,0,0,0,0,0,0,0,0,0,0,0,0,0,0,0,0,2,35,16,0,0,0,0,0,4,0,0,0,0,0,0,0,0,0,0,0,0,0,0,0,0,0,0,0,0,0,0,67,14,41,0,0,0,0,0,0,0,0,1,0,6,98,1116,0,65,1,7,0,32,3,1,0,0,0,65,9,143,60,0,30,0,41,3,3,91,110,769,0,2,25,2,329,56,7,1,0,39,36,129,38,8,1,865,3,0,24,28,7,3,0,37,27,0,2,2,0,6,3,21,7,48,6,8,31,0,0,0,0,0,0,0,0,0,0,4,0,87,0,0,63,1,8,0,0,0,0,0,0,0,0,0,6,83,0,0,1,2,1,0,0,0,0,0,30,333,0,0,0,1,0,0,0,0,0,0,0,0,0,0,0,3,0,0,0,0,0,0,15,1,0,0,0,0,0,0,0,0,0,0,0,0,14,17,0,0,0,0,0,0,22,0,0,0,0,29,0,3,3,0
1,MC,0,0,2,0,0,0,0,0,0,0,0,0,0,0,0,0,0,0,0,0,0,0,0,0,0,0,0,0,0,0,0,0,0,0,0,0,0,0,1,0,0,0,0,0,0,0,0,0,0,0,0,0,0,0,0,0,0,0,0,0,0,0,0,0,0,4,0,0,0,2,0,4,0,0,0,0,0,2,0,0,0,0,0,0,0,0,0,0,0,0,0,0,0,0,0,0,0,0,0,0,7,0,58,0,0,0,0,0,0,0,0,0,0,0,21,58,0,3,0,4,0,9,0,0,0,0,0,13,1,4,135,0,7,0,18,0,1,9,11,16,3,0,17,0,99,10,0,0,0,1,3,2,0,1,0,34,0,0,1,0,5,0,0,0,4,0,0,0,0,0,3,0,2,9,0,6,0,0,0,0,0,0,0,0,0,6,0,0,0,0,0,0,0,0,0,0,0,0,0,0,0,0,0,0,0,0,0,0,0,0,0,0,0,0,0,0,0,14,0,0,0,0,0,0,0,0,0,0,0,0,0,0,0,8,0,0,0,0,0,0,0,0,0,0,0,0,0,0,0,0,6,0,0,0,0,0,0,0,0,0,0,0,2,0,0,0,0,0,0,0,0,0
1,MC,0,0,0,17,0,0,0,0,0,0,0,0,0,0,0,0,0,0,0,0,0,0,0,0,0,0,0,0,0,0,0,0,0,0,0,0,0,0,2,0,0,0,0,0,0,3,0,1,0,0,0,0,0,1,0,0,0,0,3,0,0,0,0,0,0,0,0,0,0,0,4,33,0,0,0,0,0,1,0,0,0,2,0,0,2,6,0,2,2,2,0,0,0,0,2,0,8,0,0,0,47,0,32,0,0,0,0,0,0,0,0,1,0,0,85,576,1,22,9,3,0,8,2,5,0,0,0,169,13,12,8,0,16,0,12,2,3,32,32,192,0,316,8,4,143,14,0,0,0,2,11,11,8,5,18,258,2,0,0,0,1,1,0,0,8,0,0,8,0,6,2,0,7,65,2,0,1,2,0,0,0,0,0,0,0,0,0,0,0,0,0,0,0,0,0,0,0,0,0,0,0,0,0,0,0,0,0,0,0,0,0,0,0,0,0,0,16,131,0,0,0,0,0,0,0,1,0,0,1,0,0,0,0,0,0,0,0,0,0,0,4,3,2,0,0,4,2,2,10,0,0,0,0,0,0,3,0,0,1,0,0,0,19,0,0,0,0,1,0,3,1,0
1,MC,0,0,0,0,0,0,9,0,0,0,1,1,0,0,0,0,0,86,0,18,0,0,0,0,0,0,0,0,0,0,0,0,0,0,0,0,2,0,0,0,0,0,0,0,0,0,0,0,0,0,0,0,0,0,0,0,0,0,0,0,0,0,0,0,0,0,0,0,0,0,3,1663,0,0,0,0,0,2,0,0,0,0,0,0,0,190,0,0,0,0,0,96,95,0,0,0,0,0,2,0,41,7,28,0,0,0,0,0,0,0,0,1,0,0,104,1435,0,83,9,4,0,14,1,1522,0,0,0,207,112,12,8,0,30,0,574,2,42,43,34,135,0,0,5,42,35,39,0,0,0,3,143,11,9,0,0,286,2,0,0,0,0,1,0,21,3,0,0,8,0,2,136,574,0,370,2,0,1,0,0,0,0,0,0,0,0,0,0,0,18,682,0,0,6,1,0,0,0,0,0,0,0,0,0,0,0,9,0,0,0,0,0,14,0,0,0,0,4,107,0,0,0,0,0,0,0,2,0,0,0,0,0,0,0,0,0,0,0,0,0,0,92,1,0,0,0,0,0,0,15,0,0,0,0,0,9,12,0,0,0,0,0,0,4,0,0,0,0,19,0,3,2,0
1,MC,0,0,2,0,0,0,0,1,0,0,0,0,0,0,0,0,0,2,0,1,0,0,0,0,0,0,0,0,0,0,0,0,0,0,0,0,0,1,0,0,0,0,0,0,0,0,0,0,0,0,0,0,0,0,0,0,1,0,0,0,0,1,0,0,0,3,0,0,0,1,0,75,0,1,0,0,0,5,0,0,0,0,0,0,0,0,0,0,0,0,0,0,0,0,0,0,0,0,0,0,3,0,68,0,0,0,0,0,0,0,0,0,0,0,36,128,0,3,2,3,0,15,0,21,0,0,0,0,18,4,135,0,21,0,20,0,1,81,17,27,3,4,13,0,103,10,0,0,0,2,2,12,0,2,0,46,0,0,1,0,4,0,0,0,3,0,0,0,0,0,1,5,2,29,0,0,0,0,0,0,1,0,1,0,0,0,0,0,1,100,0,0,12,0,6,0,0,0,0,0,0,0,0,0,0,16,0,0,0,10,0,6,0,0,0,0,58,22,0,0,0,0,0,0,0,0,0,0,0,0,0,0,0,0,0,0,0,0,0,0,0,0,0,0,0,0,0,0,0,0,0,0,0,0,0,0,0,0,0,0,0,0,4,0,0,0,0,0,0,0,0,0
1,MC,0,0,2,0,0,0,0,0,0,0,0,0,0,0,0,0,0,1,0,0,0,0,0,0,0,0,0,0,0,0,0,0,0,0,0,0,0,0,0,0,0,0,0,0,0,0,0,0,0,0,0,0,0,0,0,0,1,0,0,0,0,0,0,0,0,0,0,0,0,0,2,3,0,0,0,0,0,0,0,0,0,0,0,0,0,0,0,0,0,0,0,0,0,0,0,0,0,0,0,0,12,0,22,0,0,0,0,0,0,0,0,0,0,0,6,18,0,0,0,1,0,0,0,2,0,0,0,0,0,0,0,0,1,0,8,0,0,3,3,2,0,1,9,0,23,13,0,0,0,0,1,0,2,0,0,3,0,0,0,0,1,0,0,0,2,0,0,0,0,0,0,0,6,1,0,0,0,0,0,0,0,0,0,0,0,0,0,1,0,0,0,0,0,0,0,0,0,0,0,0,0,0,0,0,0,0,0,0,0,0,0,0,0,0,0,0,2,1,0,0,0,0,0,0,0,2,0,0,0,0,0,0,0,0,0,0,0,0,0,0,0,0,0,0,0,0,0,0,0,0,0,0,0,0,0,0,0,0,0,0,0,0,2,0,0,0,0,0,0,0,0,0
1,MC,0,0,0,0,0,0,0,0,0,0,0,0,0,0,0,0,0,1,0,2,0,4,0,0,0,0,1,0,2,1,1,0,0,0,0,0,0,0,0,0,0,0,0,0,0,0,0,0,0,0,0,5,0,0,0,0,1,0,0,0,0,0,1,0,0,0,0,0,0,0,5,17,0,1,0,0,0,0,0,1,0,1,0,0,1,4,0,1,0,0,0,0,0,0,3,0,0,0,0,0,56,0,4,0,0,0,0,0,0,0,0,1,0,0,73,780,0,9,14,5,12,13,6,6,0,0,0,127,10,12,8,0,38,0,17,2,3,59,59,308,0,0,14,3,159,40,0,0,0,3,10,4,9,375,0,961,0,0,7,0,2,6,0,0,6,0,0,8,0,10,7,0,0,41,12,20,6,0,0,0,0,0,0,0,0,0,0,0,2,193,0,0,14,0,1,0,0,0,0,0,0,0,0,0,0,13,0,0,0,13,0,1,0,0,0,0,42,230,0,0,0,0,0,0,0,0,0,0,0,0,0,0,0,0,0,0,0,0,0,0,1,6,0,0,0,1,0,0,1,0,0,0,0,0,0,21,21,5,0,5,0,0,1,13,21,21,0,1,0,29,0,0
1,MC,0,0,0,0,0,0,0,0,0,0,0,0,0,0,0,0,0,0,0,0,0,0,0,0,0,0,0,0,0,0,0,0,0,0,0,0,0,0,0,0,0,0,0,0,0,0,0,0,0,0,0,0,0,0,0,0,0,0,0,0,0,0,0,0,0,0,0,0,0,0,1,11159,0,0,0,0,0,0,0,0,0,0,0,0,0,0,0,0,0,0,0,0,0,0,0,0,0,0,0,0,3,0,3,0,0,0,0,1,0,0,0,0,0,0,5,5,0,0,0,0,0,0,0,21,0,0,0,4,0,0,0,0,1,0,0,0,0,0,0,0,0,0,1,0,2,13,0,0,0,0,2,0,1,0,0,0,0,0,0,0,0,0,0,0,1,0,0,0,0,0,1,0,0,1,0,0,0,0,0,0,0,0,0,0,0,11160,0,0,0,0,0,0,0,0,0,0,0,0,0,0,0,0,0,0,0,0,0,0,0,0,0,0,0,0,0,0,0,0,0,0,0,0,0,0,0,1,0,0,0,0,0,0,0,0,0,0,0,0,0,0,0,0,0,0,0,0,0,0,0,0,0,0,0,0,0,0,0,0,0,0,0,0,1,0,0,0,0,0,0,0,0,0
1,MC,0,0,2,0,0,0,0,0,0,0,0,0,0,0,0,1,0,0,0,0,0,0,0,0,0,0,0,0,0,0,0,0,0,0,0,0,0,0,0,0,0,0,0,0,0,2,0,0,0,0,0,0,0,0,0,0,0,0,0,0,0,0,0,0,0,0,0,0,0,0,2,6,0,0,0,0,0,0,0,0,0,0,0,0,0,2,0,0,0,0,0,1,1,0,0,0,0,0,0,0,47,7,7,2,2,0,0,0,0,1,0,1,0,0,18,356,0,13,9,5,0,11,2,1,0,0,0,15,6,12,8,0,0,0,18,2,1,21,35,130,0,0,10,1,100,23,0,0,0,2,3,4,4,1,0,191,3,0,0,0,3,1,0,0,8,0,0,8,0,5,0,7,7,23,2,2,1,0,0,1,0,0,0,0,0,0,0,0,0,0,0,0,0,0,0,0,0,0,0,0,0,0,0,0,0,0,0,0,0,0,0,0,0,0,0,0,10,111,0,0,0,0,0,0,0,0,0,0,0,2,1,0,0,0,0,0,0,0,0,0,1,1,0,0,0,1,0,0,2,0,0,0,0,0,0,3,0,0,0,0,0,0,5,0,0,0,0,1,0,3,0,0
1,MC,0,0,0,17,0,0,0,0,0,0,0,0,0,0,0,0,0,0,0,0,0,0,0,0,0,0,0,0,0,0,0,0,0,0,0,0,1,0,3,0,0,0,0,0,0,0,0,0,0,0,0,0,0,0,0,0,0,0,0,0,0,0,0,0,0,0,0,0,0,0,2,14,0,0,0,0,0,1,0,0,0,0,0,0,0,0,0,0,0,0,0,0,0,0,0,0,0,0,0,0,17,0,23,0,0,0,0,0,0,0,0,0,0,0,43,130,0,18,0,1,0,8,2,1,0,0,0,48,7,0,0,0,4,0,11,0,0,30,35,70,0,2,5,1,55,19,0,0,0,1,6,8,7,7,4,113,0,0,0,34,3,0,0,0,4,0,0,0,0,1,1,4,0,16,2,0,1,0,0,0,0,0,0,0,0,0,0,0,0,0,0,0,0,0,0,0,0,0,0,0,0,0,0,0,0,0,0,0,0,0,0,0,0,0,0,0,11,18,0,0,0,0,0,0,0,3,0,0,1,0,0,0,0,0,2,0,0,0,0,0,0,0,0,0,0,0,0,0,0,0,0,0,0,0,0,0,0,0,0,0,0,0,15,0,0,0,0,0,0,0,1,0
1,MC,0,0,0,1,0,0,0,0,0,0,0,0,0,0,0,0,0,1,0,2,0,3,0,0,0,0,1,0,2,1,1,0,0,0,0,0,0,0,0,0,0,0,0,0,0,0,0,0,0,0,0,0,0,0,0,0,1,0,0,0,0,0,1,0,0,0,0,0,0,0,1,8,0,1,0,0,0,0,0,1,0,1,0,0,1,4,0,1,0,0,0,0,0,0,2,0,0,0,0,0,45,0,3,0,0,0,0,0,0,0,0,1,0,0,49,274,0,10,9,5,0,8,0,1,0,0,0,22,5,12,8,0,28,0,12,2,3,41,6,133,0,0,9,3,79,23,0,0,0,4,4,4,3,445,1,184,0,0,1,0,2,0,0,0,6,0,0,8,0,2,1,0,5,20,0,0,0,0,0,0,0,0,0,0,0,0,0,0,2,184,0,0,14,0,1,0,0,0,0,0,0,0,0,0,0,13,0,0,0,13,0,1,0,0,0,0,36,115,0,0,0,0,0,0,0,0,0,0,0,0,0,0,0,0,0,0,0,0,0,0,1,1,0,0,0,1,0,0,1,0,0,0,0,0,0,3,0,0,0,0,0,0,1,0,0,0,0,1,0,3,0,0
1,MC,0,0,0,0,0,0,0,0,0,0,0,0,0,0,0,0,0,2,0,2,0,4,0,0,0,0,1,0,2,1,1,0,0,0,0,0,0,0,0,0,0,0,0,0,0,0,0,0,0,0,0,5,0,0,0,0,1,0,0,0,0,0,1,0,0,1,0,0,0,0,5,19,0,1,0,0,0,0,0,1,0,1,0,0,1,4,0,1,0,0,0,0,0,0,3,0,0,0,0,0,55,0,4,0,0,0,0,0,0,0,0,1,0,0,69,781,0,9,14,5,12,13,6,7,0,0,0,132,14,12,8,0,31,0,17,2,3,58,61,308,0,0,14,3,159,40,0,0,0,2,11,4,9,356,0,966,1,0,6,0,2,5,0,0,6,0,0,8,0,10,7,0,0,42,12,20,6,0,0,0,0,0,0,0,0,0,0,0,2,195,0,0,11,0,1,0,0,0,0,0,0,0,0,0,0,10,0,0,0,10,0,1,0,0,0,0,41,230,0,0,0,0,0,0,0,0,0,0,0,0,0,0,0,0,0,0,0,0,0,0,1,7,0,0,0,1,0,0,1,0,0,0,0,0,0,20,21,5,0,6,0,0,1,11,21,21,0,1,0,30,0,0
1,MC,0,0,0,0,0,0,0,0,0,0,0,0,0,0,0,0,0,2,0,2,0,4,0,0,0,0,1,0,2,1,1,0,0,0,0,0,0,0,0,0,0,0,0,0,0,0,0,0,0,0,0,0,0,0,0,0,1,0,40,0,0,0,1,0,0,1,0,0,0,2,2,49,0,1,0,0,0,1,0,1,0,1,0,0,0,1,0,1,0,0,0,0,0,0,2,0,0,0,0,0,37,0,16,0,0,0,0,0,0,0,0,1,0,0,421,155,0,9,9,5,0,9,0,41,0,0,0,21,7,12,8,0,396,0,13,2,4,42,4,133,0,1,10,3,81,36,0,0,0,4,6,4,5,449,0,182,0,0,0,0,2,0,0,0,7,0,0,8,0,1,1,1,0,17,0,0,0,0,0,0,0,0,0,0,0,0,0,0,2,205,0,0,14,0,1,0,0,0,0,0,0,0,0,0,0,13,0,0,0,13,0,1,0,0,0,0,37,115,0,0,0,0,0,0,0,2,0,0,0,0,0,0,0,0,0,0,0,0,0,0,0,1,0,0,0,1,0,0,1,0,0,0,0,0,0,3,0,0,0,0,0,0,2,0,0,0,0,1,0,3,0,0
1,MC,0,0,0,17,0,0,0,0,0,0,0,0,0,0,0,0,0,0,0,0,0,0,0,0,0,0,0,0,0,0,0,0,0,0,0,0,0,0,3,0,0,0,0,0,0,0,0,0,0,0,0,0,0,0,0,0,0,0,0,0,0,0,0,0,0,0,0,0,0,0,2,7,0,0,0,0,0,1,0,0,0,0,0,0,0,0,0,0,0,0,0,0,0,0,0,0,0,0,0,0,16,0,22,0,0,0,0,0,0,0,0,0,0,0,40,117,0,15,0,1,0,4,2,1,0,0,0,48,7,0,0,0,4,0,7,0,0,28,33,70,0,2,5,1,55,17,0,0,0,0,5,8,7,6,4,111,0,0,0,34,1,0,0,0,4,0,0,0,0,1,0,0,0,7,2,0,1,0,0,0,0,0,0,0,0,0,0,0,0,0,0,0,0,0,0,0,0,0,0,0,0,0,0,0,0,0,0,0,0,0,0,0,0,0,0,0,11,18,0,0,0,0,0,0,0,3,0,0,1,0,0,0,0,0,0,0,0,0,0,0,0,0,0,0,0,0,0,0,0,0,0,0,0,0,0,0,0,0,0,0,0,0,15,0,0,0,0,0,0,0,1,0
1,MC,0,0,0,1,0,0,0,0,0,0,0,1,0,0,0,0,0,37,0,0,26,8,100,393,0,94,75,0,0,0,3,100,89,0,0,0,2,0,1,0,0,0,0,0,0,0,0,0,0,0,0,0,0,0,0,0,0,0,0,0,0,0,0,9,9,0,0,0,47,0,22,537,0,1,0,2,7,4,0,0,0,0,0,0,0,0,0,0,0,0,0,0,0,0,0,0,0,0,4,0,98,0,114,52,52,1,0,0,0,0,0,0,0,0,4164,842,1,227,267,16,1,78,5,38,0,0,0,344,200,208,234,0,2544,0,90,5,7,132,130,758,0,20,15,4,315,339,0,247,0,516,56,434,30,323,19,458,7,0,295,516,39,18,0,105,27,0,4,0,0,6,32,22,35,202,6,98,3,24,0,0,0,0,0,0,0,0,0,0,0,0,0,0,197,0,0,0,0,0,0,95,0,0,3,4,0,357,0,25,0,172,0,0,0,0,1,0,7,333,0,14,0,1,0,0,0,3,0,0,0,52,0,0,0,0,0,0,14,0,0,0,0,0,0,0,0,0,0,0,0,0,0,0,0,0,0,0,0,0,0,0,0,0,60,0,0,0,0,0,0,0,5,1
1,MC,0,0,0,0,0,0,0,0,0,0,0,0,0,0,0,0,0,0,0,0,0,0,0,0,0,0,0,0,0,0,0,0,0,0,0,0,0,0,0,0,0,0,0,0,0,0,0,0,0,0,0,0,0,0,0,0,0,0,0,0,0,0,0,0,0,0,0,0,0,0,1,9559,0,0,0,0,0,0,0,0,0,0,0,0,0,0,0,0,0,0,0,0,0,0,0,0,0,0,0,0,1,0,4,0,0,0,0,0,0,0,0,0,0,0,5,5,0,0,0,0,0,0,0,21,0,0,0,4,0,0,0,0,1,0,0,0,0,0,0,0,0,0,1,0,2,13,0,0,0,0,2,0,1,0,0,0,0,0,0,0,0,0,0,0,1,0,0,0,0,0,1,0,0,1,0,0,0,0,0,0,0,0,0,0,0,9559,0,0,0,0,0,0,0,0,0,0,0,0,0,0,0,0,0,0,0,0,0,0,0,0,0,0,0,0,0,0,0,0,0,0,0,0,0,0,0,1,0,0,0,0,0,0,0,0,0,0,0,0,0,0,0,0,0,0,0,0,0,0,0,0,0,0,0,0,0,0,0,0,0,0,0,0,1,0,0,0,0,0,0,0,0,0
1,MC,0,0,0,0,0,0,0,0,0,0,0,0,0,0,0,0,0,2,0,2,0,4,0,0,0,0,1,0,2,1,1,0,0,0,0,0,0,0,0,0,0,0,0,0,0,0,0,0,0,0,0,6,0,0,0,0,1,0,0,0,0,0,1,0,0,1,0,0,0,0,5,19,0,1,0,0,0,0,0,1,0,1,0,0,1,4,0,1,0,0,0,0,0,0,3,0,0,0,0,0,56,0,4,0,0,0,0,0,0,0,0,1,0,0,69,824,0,9,15,5,14,14,7,7,0,0,0,148,13,12,8,0,33,0,18,2,3,61,63,343,0,0,15,3,173,43,0,0,0,2,12,4,9,420,0,1112,0,0,9,0,2,6,0,0,6,0,0,8,0,11,8,0,0,44,12,22,6,0,0,0,0,0,0,0,0,0,0,0,2,197,0,0,11,0,1,0,0,0,0,0,0,0,0,0,0,10,0,0,0,10,0,1,0,0,0,0,42,253,0,0,0,0,0,0,0,0,0,0,0,0,0,0,0,0,0,0,0,0,0,0,1,7,0,0,0,1,0,0,1,0,0,0,0,0,0,21,24,6,0,6,0,0,0,12,24,24,0,1,0,33,0,0
1,MC,0,0,0,0,0,0,0,0,0,0,1,0,0,0,0,0,0,0,0,5,0,0,0,0,0,0,0,0,0,0,0,0,0,0,0,11,4,0,0,0,0,0,0,0,0,0,0,0,0,0,0,0,0,0,0,1,0,2,0,0,0,0,0,0,0,0,0,0,1,0,1,28,2,0,0,0,1,2,36,0,8,0,0,8,0,24,8,0,0,0,0,8,0,0,0,0,10,0,0,0,28,0,25,0,0,0,0,1,0,0,0,1,0,0,34,2,0,59,9,3,0,12,0,3,0,0,0,1,6,12,8,0,2,0,15,2,3,53,7,116,0,1,8,3,59,40,0,0,0,42,3,4,5,3,0,141,2,0,5,0,0,0,0,11,1,0,0,8,0,0,1,6,0,46,0,43,0,0,0,0,0,0,0,0,0,0,0,1,4,353,0,0,32,0,0,0,0,0,27,0,0,0,0,0,40,1,0,0,44,0,0,0,0,0,0,0,6,106,0,0,0,0,0,0,0,2,0,0,0,0,0,0,0,0,0,0,0,0,0,0,8,1,0,0,0,1,0,0,4,0,0,0,0,0,0,3,0,0,0,0,0,0,2,0,0,0,0,1,0,3,0,0
1,MC,0,0,0,0,0,0,0,0,0,0,0,0,0,0,0,0,0,1,0,2,0,4,0,0,0,0,1,0,2,1,1,0,0,0,0,0,0,0,0,0,0,0,0,0,0,0,0,0,0,0,0,4,0,0,0,0,1,0,0,0,0,0,1,0,0,0,0,0,0,0,3,16,0,1,0,0,0,0,0,1,0,1,0,0,1,4,0,1,0,0,0,0,0,0,3,0,0,0,0,0,48,0,4,0,0,0,0,0,0,0,0,1,0,0,69,565,0,9,13,5,8,12,4,5,0,0,0,103,10,12,8,0,32,0,16,2,3,54,43,273,0,0,13,3,140,35,0,0,0,3,8,4,7,263,0,802,1,0,3,0,2,3,0,0,6,0,0,8,0,6,5,0,0,34,8,13,4,0,0,0,0,0,0,0,0,0,0,0,2,200,0,0,14,0,1,0,0,0,0,0,0,0,0,0,0,13,0,0,0,13,0,1,0,0,0,0,40,207,0,0,0,0,0,0,0,0,0,0,0,0,0,0,0,0,0,0,0,0,0,0,1,5,0,0,0,1,0,0,1,0,0,0,0,0,0,13,13,4,0,4,0,0,1,6,13,13,0,1,0,20,0,0
1,MC,0,0,0,0,0,0,0,0,0,0,0,0,0,0,0,0,0,1,0,2,0,3,0,0,0,0,1,0,2,1,1,0,0,0,0,0,0,0,0,0,0,0,0,0,0,0,0,0,0,0,0,0,0,0,0,0,1,0,0,0,0,0,1,0,0,0,0,0,0,0,1,9,0,1,0,0,0,0,0,1,0,1,0,0,1,4,0,1,0,0,0,0,0,0,2,0,0,0,0,0,45,0,3,0,0,0,0,0,0,0,0,1,0,0,49,265,0,10,9,5,0,8,0,2,0,0,0,22,7,12,8,0,28,0,12,2,3,41,6,133,0,0,9,3,79,23,0,0,0,4,4,4,3,509,0,184,1,0,1,0,2,0,0,0,6,0,0,8,0,2,1,0,4,19,0,0,0,0,0,0,0,0,0,0,0,0,0,0,2,198,0,0,14,0,1,0,0,0,0,0,0,0,0,0,0,13,0,0,0,13,0,1,0,0,0,0,36,115,0,0,0,0,0,0,0,0,0,0,0,0,0,0,0,0,0,0,0,0,0,0,1,1,0,0,0,1,0,0,1,0,0,0,0,0,0,3,0,0,0,0,0,0,1,0,0,0,0,1,0,3,0,0
1,MC,0,0,0,0,0,0,0,0,0,0,0,0,0,0,0,0,0,0,0,0,0,0,0,0,0,0,0,0,0,0,0,0,0,0,0,0,0,0,0,0,0,0,0,0,0,0,0,0,0,0,0,0,0,0,0,0,2,0,0,0,0,0,0,0,0,0,0,1,0,0,2,11,0,2,0,0,0,1,0,0,1,0,0,1,0,3,1,0,1,0,0,1,0,0,0,0,2,0,0,0,28,0,25,0,0,0,0,0,0,0,0,1,0,0,24,2,0,2,9,3,0,6,0,3,0,0,0,15,5,12,8,0,3,0,9,2,3,11,2,116,0,0,8,3,61,23,0,0,0,0,1806,4,4,0,0,134,3,0,0,0,0,0,0,1806,1,0,0,8,0,1,0,0,0,16,0,0,0,0,0,0,0,0,0,0,0,0,0,0,0,0,0,0,2,0,0,0,0,0,0,0,0,0,0,0,0,4,0,0,0,4,0,0,0,0,0,0,6,106,0,0,0,0,0,0,0,1,0,0,0,0,0,0,0,0,0,0,0,0,0,0,1,2,0,0,0,1,0,0,1,0,0,0,0,0,0,3,0,0,1,0,0,0,1,0,0,0,0,1,0,4,0,0
1,MC,0,0,2,0,0,0,0,0,0,0,0,0,0,0,0,1,0,0,0,0,0,0,0,0,0,0,0,0,0,0,0,0,0,0,0,0,0,0,0,0,0,0,0,0,0,2,0,0,0,0,0,0,0,0,0,0,0,0,0,0,0,0,0,0,0,0,0,0,0,0,2,6,0,0,0,0,0,0,0,0,0,0,0,0,0,2,0,0,0,0,0,1,1,0,0,0,0,0,0,0,47,7,6,2,2,0,0,0,0,1,0,1,0,0,22,348,0,13,9,5,0,11,2,1,0,0,0,15,5,12,8,0,0,0,18,2,1,21,27,130,0,0,10,1,100,23,0,0,0,2,3,4,4,1,0,187,3,0,0,0,3,1,0,0,8,0,0,8,0,4,0,7,7,22,2,2,1,0,0,1,0,0,0,0,0,0,0,0,0,0,0,0,0,0,0,0,0,0,0,0,0,0,0,0,0,0,0,0,0,0,0,0,0,0,0,0,10,111,0,0,0,0,0,0,0,0,0,0,0,2,1,0,0,0,0,0,0,0,0,0,1,1,0,0,0,1,0,0,2,0,0,0,0,0,0,3,0,0,0,0,0,0,4,0,0,0,0,1,0,3,0,0
1,MC,0,0,0,0,0,0,0,0,0,0,1,1,0,0,0,0,0,0,0,2,0,0,0,0,0,0,0,0,0,0,0,0,0,0,0,0,1,0,0,0,0,0,0,0,0,0,0,0,0,0,0,0,0,0,0,0,0,0,0,0,0,0,0,0,0,0,0,0,0,0,4,7,0,0,0,0,0,2,0,0,0,0,0,0,0,0,0,0,0,0,0,0,0,0,0,0,0,0,0,0,6,7,28,0,0,0,0,2,0,0,0,0,0,0,17,840,0,3,0,2,0,2,1,5,0,0,0,2,2,0,0,0,2,0,2,0,0,3,12,0,0,0,2,0,10,30,0,0,0,2,840,0,6,0,840,6,0,0,0,0,0,1,0,2,5,0,0,0,0,2,0,2,0,0,2,0,1,0,0,0,0,0,0,0,0,0,0,0,0,0,0,0,2,0,0,0,0,0,0,0,0,0,0,0,0,2,0,0,0,0,0,2,0,0,0,0,1,0,0,0,0,0,0,0,0,2,0,0,0,0,0,0,0,0,0,0,0,0,0,0,0,0,0,0,0,0,0,0,0,0,0,0,0,0,0,0,0,0,0,0,0,0,4,0,0,0,0,0,0,0,0,0
1,MC,0,0,0,0,0,0,0,0,0,0,0,0,0,0,0,0,0,1,0,2,0,4,0,0,0,0,1,0,2,1,1,0,0,0,0,0,0,0,0,0,0,0,0,0,0,0,0,0,0,0,0,3,0,0,0,0,1,0,0,0,0,0,1,0,0,0,0,0,0,0,2,12,0,1,0,0,0,0,0,1,0,1,0,0,1,4,0,1,0,0,0,0,0,0,3,0,0,0,0,0,44,0,4,0,0,0,0,0,0,0,0,1,0,0,62,406,0,9,12,5,6,11,3,3,0,0,0,82,8,12,8,0,30,0,15,2,3,51,34,205,0,0,12,3,125,32,0,0,0,3,6,4,6,263,0,581,0,0,3,0,2,2,0,0,6,0,0,8,0,4,3,0,0,28,6,9,3,0,0,0,0,0,0,0,0,0,0,0,2,174,0,0,14,0,1,0,0,0,0,0,0,0,0,0,0,13,0,0,0,13,0,1,0,0,0,0,39,166,0,0,0,0,0,0,0,0,0,0,0,0,0,0,0,0,0,0,0,0,0,0,1,4,0,0,0,1,0,0,1,0,0,0,0,0,0,10,10,3,0,3,0,0,0,4,10,10,0,1,0,16,0,0
1,MC,0,0,0,0,0,0,0,0,0,0,0,0,0,0,0,0,0,1,0,2,0,3,0,0,0,0,1,0,2,1,1,0,0,0,0,0,0,0,0,0,0,0,0,0,0,0,0,0,0,0,0,0,0,0,0,0,1,0,0,0,0,0,1,0,0,0,0,0,0,0,1,7,0,1,0,0,0,0,0,1,0,1,0,0,1,4,0,1,0,0,0,0,0,0,2,0,0,0,0,0,45,0,3,0,0,0,0,0,0,0,0,1,0,0,49,265,0,10,9,5,0,8,0,1,0,0,0,22,7,12,8,0,28,0,12,2,3,41,6,133,0,0,9,3,79,23,0,0,0,4,4,4,3,421,0,184,0,0,1,0,2,0,0,0,6,0,0,8,0,2,1,0,4,18,0,0,0,0,0,0,0,0,0,0,0,0,0,0,2,220,0,0,14,0,1,0,0,0,0,0,0,0,0,0,0,13,0,0,0,13,0,1,0,0,0,0,36,115,0,0,0,0,0,0,0,0,0,0,0,0,0,0,0,0,0,0,0,0,0,0,1,1,0,0,0,1,0,0,1,0,0,0,0,0,0,3,0,0,0,0,0,0,1,0,0,0,0,1,0,3,0,0
1,MC,0,0,0,0,0,0,0,0,1,0,0,0,0,0,0,0,0,0,0,2,0,0,0,0,0,0,0,0,0,0,0,0,0,0,0,0,0,0,0,0,0,0,0,2,0,0,0,0,0,0,0,0,0,0,0,0,0,0,0,0,0,0,0,0,0,0,0,0,0,0,3,38,0,0,0,0,0,2,0,0,11,0,0,10,0,30,11,0,0,0,0,11,0,0,0,0,0,0,0,0,26,7,47,0,0,0,0,2,0,0,0,1,0,0,43,157,0,18,8,3,0,7,1,11,0,0,0,40,6,0,0,0,2,0,11,2,3,12,20,24,0,0,10,3,70,34,0,0,0,2,7,2,5,859,0,135,1,0,0,0,3,1,0,287,3,0,0,1,0,1,4,2,0,56,2,1,1,0,0,0,0,0,0,0,0,0,0,0,0,0,0,0,10,0,0,0,0,0,0,0,0,0,0,0,10,0,0,0,8,0,3,0,0,0,0,0,8,26,0,0,0,0,0,0,0,2,0,0,0,0,0,0,0,0,0,0,0,0,0,0,10,1,0,0,0,1,0,0,4,0,0,0,0,0,0,3,0,0,0,0,0,0,4,0,0,0,0,1,0,3,0,0
1,MC,0,0,2,21,1,4,0,0,0,0,0,0,0,0,0,0,0,6,0,0,0,1,0,0,0,0,0,0,0,0,1,0,0,0,0,0,185,0,4,0,0,0,0,0,0,0,0,0,0,0,0,0,0,0,0,0,0,0,5,0,0,0,0,5,5,13,0,0,9,4,9,50,0,4,0,1,4,3,0,0,0,0,0,0,0,0,0,0,0,0,0,0,0,0,0,0,0,0,2,0,147,0,81,0,0,1,0,0,0,0,0,0,0,2,949,846,1,409,20,8,0,41,2,1,0,0,0,10,14,8,326,0,499,0,56,5,6,130,96,253,3,12,23,0,317,114,0,63,0,22,13,141,24,170,1,283,0,0,150,0,14,3,0,10,28,0,1,9,0,2,3,8,10,63,2,54,1,0,0,0,0,0,0,0,0,0,0,3,0,0,0,0,29,0,0,0,0,0,0,56,0,0,3,0,0,76,0,2,0,35,0,2,0,0,1,0,22,156,0,8,0,0,0,0,0,2,0,0,0,0,0,0,0,17,0,0,14,0,0,0,0,0,0,0,0,0,0,0,0,0,1,0,0,0,0,1,0,0,0,0,0,0,11,0,0,0,0,0,0,1,1,0
1,MC,0,0,0,0,0,0,0,0,0,0,0,0,0,0,0,0,0,1,0,2,0,4,0,0,0,0,1,0,2,1,1,0,0,0,0,0,0,0,0,0,0,0,0,0,0,0,0,0,0,0,0,3,0,0,0,0,1,0,0,0,0,0,1,0,0,0,0,0,0,0,3,15,0,1,0,0,0,0,0,1,0,1,0,0,1,4,0,1,0,0,0,0,0,0,3,0,0,0,0,0,48,0,4,0,0,0,0,0,0,0,0,1,0,0,68,532,0,9,12,5,8,11,4,5,0,0,0,90,10,12,8,0,32,0,15,2,3,53,43,238,0,0,12,3,127,34,0,0,0,3,10,4,7,323,0,656,1,0,4,0,2,3,0,0,6,0,0,8,0,6,7,0,0,32,8,12,4,0,0,0,0,0,0,0,0,0,0,0,2,202,0,0,14,0,1,0,0,0,0,0,0,0,0,0,0,13,0,0,0,13,0,1,0,0,0,0,40,184,0,0,0,0,0,0,0,0,0,0,0,0,0,0,0,0,0,0,0,0,0,0,1,5,0,0,0,1,0,0,1,0,0,0,0,0,0,13,9,3,0,4,0,0,1,6,9,9,0,1,0,16,0,0
1,MC,0,0,0,0,0,0,0,0,0,0,0,0,0,0,0,0,0,1,0,2,0,4,0,0,0,0,1,0,2,1,1,0,0,0,0,0,0,0,0,0,0,0,0,0,0,0,0,0,0,0,0,5,0,0,0,0,1,0,0,0,0,0,1,0,0,0,0,0,0,0,5,18,0,1,0,0,0,0,0,1,0,1,0,0,1,4,0,1,0,0,0,0,0,0,3,0,0,0,0,0,53,0,4,0,0,0,0,0,0,0,0,1,0,0,69,704,0,9,14,5,10,13,5,6,0,0,0,128,12,12,8,0,34,0,17,2,3,57,52,308,0,0,14,3,157,38,0,0,0,3,11,4,8,305,0,957,1,0,5,0,2,5,0,0,6,0,0,8,0,9,8,0,0,39,10,18,5,0,0,0,0,0,0,0,0,0,0,0,2,203,0,0,14,0,1,0,0,0,0,0,0,0,0,0,0,13,0,0,0,13,0,1,0,0,0,0,41,230,0,0,0,0,0,0,0,0,0,0,0,0,0,0,0,0,0,0,0,0,0,0,1,6,0,0,0,1,0,0,1,0,0,0,0,0,0,19,23,5,0,5,0,0,0,11,23,23,0,1,0,31,0,0
1,MC,0,0,0,0,0,0,0,0,0,0,0,0,0,0,0,0,0,0,0,1,0,0,0,0,0,0,0,0,0,0,0,0,0,0,0,0,0,0,0,0,0,0,0,0,0,0,0,0,0,0,0,0,0,0,0,0,2,0,0,0,0,0,0,0,0,0,0,1,0,0,2,11,0,2,0,0,0,1,0,0,1,0,0,1,0,3,1,0,1,0,0,1,0,0,0,0,2,0,0,0,27,0,27,0,0,0,0,1,0,0,0,1,0,0,23,406,0,2,9,3,0,6,0,3,0,0,0,1,6,12,8,0,3,0,9,2,3,11,2,116,0,0,8,3,61,23,0,0,0,0,406,4,5,0,406,134,3,0,0,0,0,0,0,0,1,0,0,8,0,1,0,0,0,15,0,0,0,0,0,0,0,0,0,0,0,0,0,0,0,0,0,0,2,0,0,0,0,0,0,0,0,0,0,0,0,4,0,0,0,4,0,0,0,0,0,0,6,106,0,0,0,0,0,0,0,1,0,0,0,0,0,0,0,0,0,0,0,0,0,0,1,2,0,0,0,1,0,0,1,0,0,0,0,0,0,3,0,0,1,0,0,0,2,0,0,0,0,1,0,4,0,0
1,MC,0,0,0,0,0,0,0,0,0,0,0,0,0,0,0,0,0,0,2,0,0,0,0,0,0,0,0,0,0,0,0,0,0,0,0,0,0,0,0,0,0,0,0,0,0,0,0,0,0,0,0,0,0,0,0,0,0,0,0,0,0,0,0,0,0,0,0,0,0,0,6,4,0,0,0,0,0,0,0,0,0,0,0,0,0,0,0,0,0,0,0,0,0,0,0,0,0,0,0,0,22,12,12,0,0,0,0,0,0,1,0,0,0,0,70,151,2,2,0,4,0,3,2,0,0,0,0,24,1,0,0,0,107,0,4,0,0,18,17,4,0,0,1,1,23,7,0,0,0,3,4,0,0,0,0,25,0,0,0,0,2,0,0,0,9,0,0,0,0,4,4,1,1,7,0,0,0,0,0,0,0,0,0,2,0,0,0,0,0,0,0,0,0,0,0,0,0,0,0,0,0,0,0,0,0,0,0,0,0,0,0,0,0,0,0,0,4,5,0,0,0,0,0,0,0,2,0,0,0,0,0,0,0,0,0,0,0,0,0,0,0,0,0,0,0,0,0,0,0,0,0,0,0,0,0,0,0,0,0,0,0,0,9,0,0,0,0,0,0,0,1,0
1,MC,0,0,0,0,0,0,0,0,0,0,0,0,0,0,0,0,0,0,0,0,0,0,0,0,0,0,0,0,0,0,0,0,0,0,0,0,0,0,0,0,0,0,0,0,0,0,0,0,0,0,0,0,0,0,0,0,0,0,0,0,0,0,0,0,0,0,0,0,0,0,10,0,0,0,0,0,0,0,0,0,0,0,0,0,0,0,0,0,0,0,0,0,0,0,0,0,0,0,0,0,80,70,39,0,0,0,0,0,0,0,0,0,0,0,37,980,0,20,0,0,0,50,10,0,0,0,0,0,0,0,0,0,0,0,50,0,0,50,160,0,0,0,0,0,116,19,0,0,0,10,10,0,29,9,0,100,0,0,20,0,0,10,0,10,18,0,0,0,0,20,0,50,0,10,20,0,10,0,0,0,0,0,0,0,0,0,0,0,0,0,0,0,0,0,0,0,0,0,0,0,0,0,0,0,0,0,0,0,0,0,0,0,0,0,0,0,10,0,0,0,0,0,0,0,0,0,0,0,0,0,0,0,0,0,0,0,0,0,0,0,0,0,0,0,0,0,0,0,0,0,0,0,0,0,0,0,0,0,0,0,0,0,38,0,0,0,0,0,0,0,0,0
1,MC,0,0,0,17,0,0,0,0,0,0,0,0,0,0,0,0,0,0,0,0,0,0,0,0,0,0,0,0,0,0,0,0,0,0,0,0,0,0,3,0,0,0,0,0,0,0,0,0,0,0,0,0,0,0,0,0,0,0,0,0,0,0,0,1,0,0,0,0,5,0,1,5,0,0,0,1,0,0,0,0,0,0,0,0,0,0,0,0,0,0,0,0,0,0,0,0,0,0,0,0,19,0,16,0,0,0,0,0,0,0,0,0,0,0,17,162,0,26,0,2,0,8,2,0,0,0,0,24,8,0,0,0,0,0,10,0,0,17,25,65,0,1,5,0,88,6,0,0,0,4,7,7,3,5,3,93,0,0,0,0,3,1,0,0,1,0,2,0,0,2,0,0,4,8,2,0,1,0,0,0,0,0,0,0,0,0,0,0,0,0,0,0,20,0,0,0,0,0,0,4,0,0,1,0,0,27,0,2,0,16,0,0,0,0,0,0,10,11,0,0,0,0,0,0,0,0,0,0,1,0,0,0,0,0,0,0,0,0,0,0,0,0,0,0,0,0,0,0,0,0,0,0,0,0,0,0,0,0,0,0,0,0,9,0,0,0,0,0,0,0,0,0
1,MC,0,0,0,0,0,0,0,0,0,0,0,0,0,0,0,0,0,1,0,2,0,4,0,0,0,0,1,0,2,1,1,0,0,0,0,0,0,0,0,0,0,0,0,0,0,0,0,0,0,0,0,5,0,0,0,0,1,0,0,0,0,0,1,0,0,0,0,0,0,0,4,20,0,1,0,0,0,0,0,1,0,1,0,0,1,4,0,1,0,0,0,0,0,0,3,0,0,0,0,0,52,0,4,0,0,0,0,0,0,0,0,1,0,0,71,680,0,9,14,5,10,13,5,7,0,0,0,117,9,12,8,0,34,0,17,2,3,57,52,308,0,0,14,3,155,38,0,0,0,3,9,4,8,263,0,957,2,0,6,0,2,4,0,0,6,0,0,8,0,8,6,0,0,41,10,17,5,0,0,0,0,0,0,0,0,0,0,0,2,196,0,0,14,0,1,0,0,0,0,0,0,0,0,0,0,13,0,0,0,13,0,1,0,0,0,0,41,230,0,0,0,0,0,0,0,0,0,0,0,0,0,0,0,0,0,0,0,0,0,0,1,6,0,0,0,1,0,0,1,0,0,0,0,0,0,18,16,5,0,5,0,0,1,10,16,16,0,1,0,24,0,0
1,MC,0,0,0,37,2,0,0,0,0,0,0,0,0,0,0,0,0,6,0,1,0,0,0,0,0,0,0,0,0,0,0,0,0,0,0,0,0,0,4,0,0,0,0,0,0,0,0,0,0,0,0,0,0,0,0,0,1,0,0,0,0,1,0,0,0,2,0,0,5,0,1,35,0,3,0,0,0,7,0,0,0,0,0,0,0,0,0,0,0,0,0,0,0,0,0,0,0,0,0,0,69,0,68,0,0,0,0,0,0,126,0,0,0,2,754,1371,0,597,6,10,0,24,1,21,0,0,0,1479,11,45,1,0,1219,0,36,5,2,186,60,1243,1,4,34,1,253,156,7,4,0,24,35,1039,14,11,4,1073,0,0,382,16,7,2,0,126,35,0,0,11,0,2,7,16,5,26,2,382,17,0,0,0,0,0,0,0,0,1404,0,0,1,106,0,0,11,0,5,0,0,0,0,0,18,0,0,0,0,14,0,0,0,10,0,5,0,0,0,0,79,433,0,0,0,0,0,0,0,0,0,0,1,0,0,0,0,0,0,0,0,0,0,0,0,0,0,0,0,0,0,0,0,0,1404,0,0,0,0,0,0,0,0,0,0,0,13,0,0,0,0,0,0,0,1,0
1,MC,0,0,0,0,0,0,0,0,0,0,0,0,0,0,0,0,0,1,0,2,0,4,0,0,0,0,1,0,2,1,1,0,0,0,0,0,0,0,0,0,0,0,0,0,0,0,0,0,0,0,0,4,0,0,0,0,1,0,0,0,0,0,1,0,0,0,0,0,0,0,4,16,0,1,0,0,0,0,0,1,0,1,0,0,1,4,0,1,0,0,0,0,0,0,3,0,0,0,0,0,52,0,4,0,0,0,0,0,0,0,0,1,0,0,65,599,0,9,13,5,8,12,4,5,0,0,0,106,11,12,8,0,32,0,16,2,3,54,45,229,0,0,13,3,143,35,0,0,0,3,6,4,7,263,0,716,1,0,3,0,2,3,0,0,6,0,0,8,0,8,3,0,0,36,8,16,4,0,0,0,0,0,0,0,0,0,0,0,2,179,0,0,14,0,1,0,0,0,0,0,0,0,0,0,0,13,0,0,0,13,0,1,0,0,0,0,40,183,0,0,0,0,0,0,0,0,0,0,0,0,0,0,0,0,0,0,0,0,0,0,1,5,0,0,0,1,0,0,1,0,0,0,0,0,0,15,16,4,0,4,0,0,0,8,16,16,0,1,0,23,0,0
1,MC,0,0,2,30,1,0,0,0,0,0,0,0,0,0,0,0,0,0,0,0,0,0,0,0,0,0,0,0,0,0,0,0,0,0,0,1,0,0,3,0,0,0,0,0,0,0,0,0,0,0,0,0,0,0,0,0,0,0,3,0,0,0,0,0,0,19,1,1,0,6,1,85,0,0,0,0,0,0,0,0,0,0,0,0,0,0,0,0,0,0,0,0,0,0,0,0,0,0,0,0,77,0,11,0,0,0,0,0,0,0,0,0,0,11,57,915,2,77,2,116,0,28,0,0,2,0,0,29,21,34,135,6,13,0,50,0,4,54,62,556,3,130,28,0,259,52,14,2,7,66,45,269,11,16,2,1064,0,0,103,12,125,0,0,43,16,0,0,10,0,0,1,2,18,146,0,64,12,0,0,0,0,0,0,0,0,0,0,10,0,0,0,0,30,30,0,0,0,0,0,0,0,0,0,0,0,0,0,0,0,0,30,0,0,0,0,0,26,228,0,0,0,0,0,0,2,0,0,0,0,0,0,0,0,33,0,0,0,0,0,0,0,0,0,0,0,0,0,0,0,0,0,0,0,0,0,0,0,0,0,0,0,0,6,0,0,0,0,0,0,0,0,0
1,MC,0,0,2,0,0,0,0,0,0,0,0,0,0,0,0,0,0,0,0,0,1,0,0,0,0,0,0,0,0,0,0,0,0,0,0,0,0,0,0,0,0,0,0,0,0,0,0,0,0,0,0,0,0,0,0,0,0,0,0,0,0,0,0,0,0,10,0,0,0,1,1,7,0,0,0,0,0,0,0,0,0,0,0,0,0,0,0,0,0,0,0,0,0,0,0,0,0,0,0,0,23,0,6,0,0,0,0,0,0,0,0,0,0,0,34,170,0,1,0,5,0,11,0,0,0,0,0,0,7,5,135,0,7,0,18,0,4,10,10,17,3,0,16,0,144,12,0,0,0,1,2,2,0,7,0,33,0,0,1,0,5,0,0,0,6,0,0,0,0,2,0,0,4,10,0,0,0,0,0,0,0,0,0,0,0,0,0,1,0,0,0,0,0,0,0,0,0,0,0,0,0,0,0,0,0,0,0,0,0,0,0,0,0,0,1,0,0,14,0,0,0,0,0,0,0,1,0,0,0,0,0,0,0,0,0,0,0,0,0,0,0,0,0,0,0,0,0,0,0,0,0,0,0,0,0,0,0,0,0,0,0,0,3,0,0,0,0,0,0,0,1,0
1,MC,0,0,0,0,0,0,0,0,0,0,0,0,0,0,0,0,0,1,0,2,0,3,0,0,0,0,1,0,2,1,1,0,0,0,0,0,0,0,0,0,0,0,0,0,0,0,0,0,0,0,0,0,0,0,0,0,1,0,0,0,0,0,1,0,0,0,0,0,0,0,1,9,0,1,0,0,0,0,0,1,0,1,0,0,1,4,0,1,0,0,0,0,0,0,2,0,0,0,0,0,45,0,3,0,0,0,0,0,0,0,0,1,0,0,49,258,0,10,9,5,0,8,0,2,0,0,0,15,5,12,8,0,28,0,12,2,3,41,6,133,0,0,9,3,79,23,0,0,0,4,4,4,3,357,0,184,1,0,1,0,2,0,0,0,6,0,0,8,0,2,1,0,4,19,0,0,0,0,0,0,0,0,0,0,0,0,0,0,2,208,0,0,14,0,1,0,0,0,0,0,0,0,0,0,0,13,0,0,0,13,0,1,0,0,0,0,36,115,0,0,0,0,0,0,0,0,0,0,0,0,0,0,0,0,0,0,0,0,0,0,1,1,0,0,0,1,0,0,1,0,0,0,0,0,0,3,0,0,0,0,0,0,1,0,0,0,0,1,0,3,0,0
1,MC,0,0,0,0,0,0,0,0,0,0,0,0,0,0,0,0,0,2,0,2,0,4,0,0,0,0,1,0,2,1,1,0,0,0,0,0,0,0,0,0,0,0,0,0,0,0,0,0,0,0,0,6,0,0,0,0,1,0,0,0,0,0,1,0,0,1,0,0,0,0,5,18,0,1,0,0,0,0,0,1,0,1,0,0,1,4,0,1,0,0,0,0,0,0,3,0,0,0,0,0,55,0,4,0,0,0,0,0,0,0,0,1,0,0,67,817,0,9,15,5,12,14,6,6,0,0,0,145,14,12,8,0,31,0,18,2,3,59,61,343,0,0,15,3,172,41,0,0,0,2,11,4,9,263,0,1112,0,0,5,0,2,5,0,0,6,0,0,8,0,10,7,0,0,40,12,21,6,0,0,0,0,0,0,0,0,0,0,0,2,205,0,0,11,0,1,0,0,0,0,0,0,0,0,0,0,10,0,0,0,10,0,1,0,0,0,0,41,253,0,0,0,0,0,0,0,0,0,0,0,0,0,0,0,0,0,0,0,0,0,0,1,7,0,0,0,1,0,0,1,0,0,0,0,0,0,24,21,6,0,6,0,0,1,15,21,21,0,1,0,30,0,0
1,MC,0,0,0,0,0,0,0,0,0,0,0,0,0,0,0,0,0,2,0,0,0,2,2,0,0,2,0,0,0,0,0,2,0,0,0,0,0,0,1,15,0,0,0,0,0,0,0,0,0,0,0,0,0,0,0,0,0,0,0,0,0,0,0,0,0,0,0,0,0,0,6,4,0,0,0,0,0,1,0,0,0,0,0,0,0,0,0,0,1,0,0,2,0,0,0,0,6,0,0,0,12,0,24,0,0,0,0,0,0,0,0,0,0,1,33,105,0,1,2,1,0,4,2,2,0,0,0,13,3,67,0,0,52,1,7,0,0,3,29,67,0,0,3,0,37,4,0,0,0,2,5,1,4,0,0,16,0,0,1,34,1,2,1,0,1,0,0,0,0,3,4,1,0,8,4,0,2,0,1,0,0,0,0,0,0,0,0,0,0,0,0,4,1,0,0,0,0,0,0,0,0,90,0,0,1,0,0,0,0,0,0,0,0,0,0,0,2,2,0,0,0,0,0,0,0,1,0,0,0,0,0,0,0,0,0,0,0,0,0,0,0,2,0,0,0,0,0,0,0,0,0,5,0,0,0,14,0,0,0,0,0,0,5,0,0,0,0,1,13,1,0,0
1,MC,0,0,0,0,0,0,0,0,0,0,0,0,0,0,0,0,0,0,0,0,0,0,0,0,0,0,0,0,0,0,0,0,0,0,0,0,0,0,0,0,0,0,0,0,0,0,0,0,0,0,0,0,0,0,0,0,0,0,0,0,0,0,0,0,0,0,0,0,0,2,0,1,0,0,0,0,0,1,0,0,0,0,0,0,0,0,0,0,0,0,0,0,0,0,0,0,0,0,0,0,4,0,2,0,0,0,0,0,0,0,0,0,0,0,6,8,0,0,0,0,0,1,0,0,0,0,0,0,2,0,0,0,1,0,1,0,1,0,1,0,0,0,0,0,0,0,0,0,0,0,0,0,0,1,0,0,0,0,0,0,0,0,0,0,2,0,0,0,0,1,0,0,1,1,0,0,0,0,0,0,0,0,0,0,0,0,0,0,0,0,0,0,1,0,0,0,0,0,0,0,0,0,0,0,0,0,0,0,0,0,0,0,0,0,0,0,0,0,0,0,0,0,0,0,0,0,0,0,0,0,0,0,0,3,0,0,0,0,0,0,0,0,0,0,0,0,0,0,0,0,0,0,0,0,0,0,0,0,0,0,0,0,2,0,0,0,0,0,0,0,0,0
1,MC,0,0,0,0,0,0,0,0,0,0,0,0,0,0,0,0,0,0,0,0,0,0,0,0,0,0,0,0,0,0,0,0,0,0,0,0,0,0,3,0,0,0,0,0,0,0,0,0,0,0,0,0,0,0,0,0,0,0,0,0,0,0,0,0,0,0,0,0,0,0,1,4,0,0,0,0,0,0,0,0,0,0,0,0,0,0,0,0,0,0,0,0,0,0,0,0,0,0,0,0,14,0,17,0,0,0,0,0,0,0,0,0,0,0,17,183,0,20,0,5,0,2,2,0,0,0,0,8,2,0,0,0,8,0,7,0,1,15,25,60,0,0,6,0,68,13,0,0,0,16,1,4,10,3,0,199,0,1,0,0,8,1,0,0,14,0,0,0,0,3,0,5,2,12,2,0,1,0,0,0,0,0,0,0,0,0,0,0,0,0,0,0,0,0,0,0,0,0,0,0,0,0,0,0,0,0,0,0,0,0,0,0,0,0,0,0,2,47,0,0,0,0,0,0,0,0,0,0,0,0,0,0,0,0,0,0,0,0,0,0,0,0,0,0,0,0,0,0,0,0,0,0,0,0,0,0,0,0,0,0,0,0,5,0,0,0,0,0,0,0,0,0
1,MC,0,0,0,0,0,0,0,0,0,0,0,0,0,0,0,0,0,0,0,1,0,0,0,0,0,0,0,0,0,0,0,0,0,0,0,0,0,0,0,0,0,0,0,0,0,0,0,0,0,0,0,0,0,0,0,0,0,0,64,0,0,0,0,0,0,1,0,1,0,4,1,64,0,0,0,0,0,1,0,0,0,0,0,0,0,0,0,0,0,0,0,0,0,0,0,0,0,0,0,0,27,0,4,0,0,0,0,0,0,0,0,0,0,6,13,78,0,0,0,1,0,1,0,63,1,0,0,0,0,0,0,0,2,0,3,0,0,4,7,0,0,0,2,0,28,4,0,0,2,0,0,0,1,0,0,5,0,0,0,0,1,0,0,0,2,0,0,0,0,2,0,0,0,2,0,0,0,0,0,0,0,0,0,0,0,0,0,2,1,98,0,0,1,0,0,0,0,0,0,0,0,0,0,0,3,0,0,0,0,0,0,0,0,0,0,0,2,0,0,0,0,0,0,0,0,0,0,0,0,0,0,0,3,3,0,0,0,0,1,0,0,0,0,0,0,0,0,0,0,0,0,0,0,0,0,0,0,0,0,0,0,0,2,0,0,0,0,0,0,0,0,0
1,MC,0,0,2,4,0,0,0,0,0,0,0,0,0,0,0,0,0,1,0,1,0,0,0,0,0,0,0,0,0,0,0,0,0,0,0,0,0,0,2,0,0,0,0,0,0,0,0,0,0,0,0,0,0,0,0,0,1,0,0,0,0,1,0,0,0,8,0,0,0,1,1,48,0,1,0,0,0,6,0,0,0,0,0,0,0,0,0,0,0,0,0,0,0,0,0,0,0,0,0,0,22,0,62,0,0,0,0,0,0,0,0,0,0,0,46,286,0,13,0,5,0,13,0,21,0,0,0,24,9,5,135,0,22,0,18,0,3,89,24,35,3,0,13,0,153,10,0,2,0,2,2,4,0,6,0,74,0,0,1,0,5,0,0,0,2,0,0,0,0,2,0,5,7,17,0,0,0,0,0,0,0,0,0,0,0,0,0,1,1,101,0,0,12,0,6,0,0,0,0,0,0,0,0,0,0,16,0,0,0,10,0,6,0,0,0,0,66,22,0,0,0,0,0,0,0,0,0,0,0,0,0,0,0,0,0,0,0,0,0,0,0,0,0,0,0,0,0,0,0,0,0,0,0,0,0,0,0,0,0,0,0,0,3,0,0,0,0,0,0,0,1,0
1,MC,0,0,0,0,0,0,0,0,0,0,0,0,0,0,0,0,0,1,0,2,0,4,0,0,0,0,1,0,2,1,1,0,0,0,0,0,0,0,0,0,0,0,0,0,0,0,0,0,0,0,0,5,0,0,0,0,1,0,0,0,0,0,1,0,0,0,0,0,0,0,5,23,0,1,0,0,0,0,0,1,0,1,0,0,1,4,0,1,0,0,0,0,0,0,3,0,0,0,0,0,56,0,4,0,0,0,0,0,0,0,0,1,0,0,72,780,0,9,14,5,12,13,6,9,0,0,0,132,12,12,8,0,36,0,17,2,3,59,61,308,0,0,14,3,159,40,0,0,0,3,10,4,9,461,0,966,3,0,7,0,2,6,0,0,6,0,0,8,0,10,7,0,0,43,12,20,6,0,0,0,0,0,0,0,0,0,0,0,2,200,0,0,14,0,1,0,0,0,0,0,0,0,0,0,0,13,0,0,0,13,0,1,0,0,0,0,42,230,0,0,0,0,0,0,0,0,0,0,0,0,0,0,0,0,0,0,0,0,0,0,1,7,0,0,0,1,0,0,1,0,0,0,0,0,0,23,23,5,0,6,0,0,0,14,23,23,0,1,0,32,0,0
1,MC,0,0,0,3,0,0,0,0,0,0,0,0,0,0,0,0,0,0,0,0,0,0,0,0,65537,0,0,0,0,0,0,0,0,0,0,2,0,0,3,0,0,0,0,0,0,0,0,0,0,0,0,0,0,0,0,0,0,0,0,0,0,0,0,0,0,0,0,0,0,2,22,76,0,0,0,0,0,2,0,0,0,0,0,0,0,0,0,0,0,0,0,0,0,0,0,0,0,0,0,0,28,11,22,0,0,0,0,0,0,0,0,0,0,2,65536,65511,0,65536,0,4,0,19,3,69,0,0,0,27,4,140,0,0,65536,3,24,0,0,84,58,645,0,0,13,0,146,32,7,1,0,65536,32,116,30,7,0,746,0,0,65454,31,4,0,0,65535,3,0,0,0,0,2,4,0,1,11,6,65536,49,65536,0,0,0,0,0,0,0,0,0,0,0,0,0,0,1,0,0,0,0,0,0,0,0,0,0,0,2,0,0,0,0,0,0,0,0,0,0,0,65536,282,0,4,0,0,0,0,0,0,0,0,0,0,0,0,0,3,0,0,0,0,0,0,0,0,0,0,0,0,0,0,0,0,0,0,0,0,0,0,0,0,0,0,0,0,2,0,0,0,0,0,0,0,0,0
1,MC,0,0,0,0,0,0,0,0,0,0,0,0,0,0,0,0,0,2,0,2,0,4,0,0,0,0,1,0,2,1,1,0,0,0,0,0,0,0,0,0,0,0,0,0,0,0,0,0,0,0,0,6,0,0,0,0,1,0,0,0,0,0,1,0,0,1,0,0,0,0,6,23,0,1,0,0,0,0,0,1,0,1,0,0,1,4,0,1,0,0,0,0,0,0,3,0,0,0,0,0,59,0,4,0,0,0,0,0,0,0,0,1,0,0,453,906,0,9,15,5,14,14,7,9,0,0,0,153,12,12,8,0,435,0,18,2,3,61,70,343,0,0,15,3,175,43,0,0,0,2,10,4,10,339,0,1121,2,0,7,0,2,7,0,0,6,0,0,8,0,12,7,0,0,50,14,24,7,0,0,0,0,0,0,0,0,0,0,0,2,182,0,0,11,0,1,0,0,0,0,0,0,0,0,0,0,10,0,0,0,10,0,1,0,0,0,0,42,253,0,0,0,0,0,0,0,0,0,0,0,0,0,0,0,0,0,0,0,0,0,0,1,8,0,0,0,1,0,0,1,0,0,0,0,0,0,20,22,6,0,7,0,0,1,10,22,22,0,1,0,32,0,0
1,MC,0,0,0,1,0,0,0,0,0,0,0,0,0,0,0,0,0,2,0,2,0,4,0,0,0,0,1,0,2,1,1,0,0,0,0,0,0,0,0,0,0,0,0,0,0,0,0,0,0,0,0,5,0,0,0,0,1,0,0,0,0,0,1,0,0,1,0,0,0,0,5,20,0,1,0,0,0,0,0,1,0,1,0,0,1,4,0,1,0,0,0,0,0,0,3,0,0,0,0,0,55,0,4,0,0,0,0,0,0,0,0,1,0,0,65,785,0,9,14,5,12,13,6,7,0,0,0,128,13,12,8,0,31,0,17,2,3,58,59,308,0,0,14,3,161,40,0,0,0,2,13,4,9,264,1,961,1,0,6,0,2,5,0,0,6,0,0,8,0,10,8,0,0,41,12,20,6,0,0,0,0,0,0,0,0,0,0,0,2,204,0,0,11,0,1,0,0,0,0,0,0,0,0,0,0,10,0,0,0,10,0,1,0,0,0,0,41,230,0,0,0,0,0,0,0,0,0,0,0,0,0,0,0,0,0,0,0,0,0,0,1,6,0,0,0,1,0,0,1,0,0,0,0,0,0,20,21,5,0,5,0,0,0,12,21,21,0,1,0,29,0,0
1,MC,0,0,2,0,0,0,0,0,0,0,0,0,0,0,0,0,0,2,0,2,0,5,0,0,0,0,1,0,2,1,3,0,0,0,0,0,0,0,0,0,0,0,0,0,0,0,0,0,0,0,0,0,0,0,0,0,1,0,0,0,0,0,1,0,0,0,0,0,0,0,2,11,0,2,0,0,0,0,0,1,0,1,0,0,1,4,0,1,0,0,0,0,0,0,3,0,0,0,0,0,46,0,26,0,0,0,0,0,0,0,0,1,0,0,859,8,0,12,9,6,2,10,1,3,0,0,0,26,7,12,8,0,824,0,21,2,4,46,15,134,0,1,17,3,93,38,0,0,0,5,11,4,7,258,0,187,0,0,1,0,3,1,0,0,8,0,0,8,0,1,6,1,7,23,2,1,1,0,0,0,0,0,0,0,0,0,0,0,2,196,0,0,14,0,1,0,0,0,0,0,0,0,0,0,0,13,0,0,0,13,0,1,0,0,0,0,38,115,0,0,0,0,0,0,0,2,0,0,0,0,0,0,0,0,0,0,0,0,0,0,1,1,0,0,0,1,0,0,1,0,0,0,0,0,0,3,0,0,0,0,0,0,1,0,0,0,0,1,0,3,0,0
1,MC,0,0,0,0,0,0,0,0,0,0,0,0,0,0,0,0,0,0,0,0,0,0,0,0,0,0,0,0,0,0,0,0,0,0,0,0,0,0,0,0,0,0,0,0,0,0,0,0,0,0,0,0,0,0,0,0,0,0,0,0,0,0,0,0,0,0,0,0,0,0,0,1,0,0,0,0,0,0,0,0,0,0,0,0,0,0,0,0,0,0,0,0,0,0,0,0,0,0,0,0,0,0,1,0,0,0,0,0,0,0,0,0,0,0,3,8,0,0,0,0,0,1,0,0,0,0,0,0,2,0,0,0,1,0,1,0,1,0,0,0,0,0,0,0,0,0,0,0,0,0,0,0,0,1,0,0,0,0,0,0,0,0,0,0,2,0,0,0,0,1,0,0,1,1,0,0,0,0,0,0,0,0,0,0,0,0,0,0,0,0,0,0,0,0,0,0,0,0,0,0,0,0,0,0,0,0,0,0,0,0,0,0,0,0,0,0,0,0,0,0,0,0,0,0,0,0,0,0,0,0,0,0,0,0,0,0,0,0,0,0,0,0,0,0,0,0,0,0,0,0,0,0,0,0,0,0,0,0,0,0,0,0,1,0,0,0,0,0,0,0,0,0
1,MC,0,1,2,7,0,1,2,0,0,0,0,1,0,0,0,0,0,2,0,54,0,1,1,0,0,1,0,0,0,0,0,600,0,0,0,0,4,0,2,0,0,0,0,0,0,0,0,0,0,0,0,0,0,0,0,0,0,0,0,0,0,0,0,2,2,11,29,0,2,1,7,46,0,0,0,0,0,1,0,0,2,0,0,2,0,6,2,0,2,0,0,2,0,0,0,0,0,0,0,0,79,0,35,52,52,0,0,0,0,1,0,0,0,0,148,690,0,36,4,18,0,38,6,34,0,0,0,78,10,5,135,0,58,0,4622,0,10,80,103,53,3,29,34,5,329,79,0,0,0,1909,1897,4,18,16,10,126,0,0,631,0,17,4,0,32,18,0,0,0,0,9,6,4590,12,32,12,8,4,0,0,0,0,0,0,0,0,0,2,1,54,443,0,0,74,0,4,0,0,0,0,0,0,0,0,4,0,77,0,19,0,47,0,0,0,0,0,0,26,45,0,0,4,1,0,0,0,1,0,0,0,52,0,0,0,0,0,0,0,0,0,0,2,1,0,0,0,1,0,0,1,0,0,0,0,0,2,5,0,0,0,0,0,0,45,0,0,0,0,5,0,3,3,0
1,MC,0,0,0,0,0,0,0,0,0,0,0,0,0,0,0,0,0,1,0,2,0,3,0,0,0,0,1,0,2,1,1,0,0,0,0,0,0,0,0,0,0,0,0,0,0,0,0,0,0,0,0,0,0,0,0,0,1,0,0,0,0,0,1,0,0,0,0,0,0,0,1,7,0,1,0,0,0,0,0,1,0,1,0,0,1,4,0,1,0,0,0,0,0,0,2,0,0,0,0,0,45,0,3,0,0,0,0,0,0,0,0,1,0,0,46,265,0,10,9,5,0,8,0,1,0,0,0,22,7,12,8,0,28,0,12,2,3,41,6,133,0,0,9,3,79,23,0,0,0,4,4,4,3,263,0,184,0,0,1,0,2,0,0,0,6,0,0,8,0,2,1,0,4,19,0,0,0,0,0,0,0,0,0,0,0,0,0,0,2,206,0,0,14,0,1,0,0,0,0,0,0,0,0,0,0,13,0,0,0,13,0,1,0,0,0,0,36,115,0,0,0,0,0,0,0,0,0,0,0,0,0,0,0,0,0,0,0,0,0,0,1,1,0,0,0,1,0,0,1,0,0,0,0,0,0,3,0,0,0,0,0,0,0,0,0,0,0,1,0,3,0,0
1,MC,0,0,0,0,0,0,0,0,0,0,0,0,0,0,0,0,0,0,0,0,0,0,0,0,0,0,0,0,0,0,0,0,0,0,0,0,0,0,1,0,0,0,0,0,0,0,0,0,0,0,0,0,0,0,0,0,1,0,0,0,0,0,0,0,0,0,0,1,0,2,2,0,0,1,0,0,0,1,0,0,0,0,0,0,0,0,0,0,0,0,0,0,0,0,0,0,0,0,0,0,19,0,22,0,0,0,0,0,0,0,0,0,0,2,6,121,0,1,0,2,0,2,0,0,0,0,0,0,0,0,0,0,4,0,3,0,0,4,11,1,0,0,2,0,25,1,0,0,0,0,1,0,1,1,0,12,0,0,0,0,1,0,0,0,0,0,0,0,0,2,0,0,0,1,0,0,0,0,0,0,0,0,0,0,0,0,0,0,0,0,0,0,2,0,1,0,0,0,0,0,0,0,0,0,0,1,0,0,0,2,0,0,0,0,0,0,2,0,0,0,0,0,0,0,0,0,0,0,0,0,0,0,0,3,0,0,0,0,0,0,0,1,0,0,0,0,0,0,0,0,0,0,0,0,0,0,0,0,1,0,0,0,2,0,0,0,0,0,0,1,0,0
1,MC,0,0,0,0,0,0,0,0,0,0,0,0,0,0,0,0,0,0,0,0,0,0,0,0,0,0,0,0,0,0,0,0,0,0,0,0,0,0,0,0,0,0,0,0,0,0,0,0,0,0,0,0,0,0,0,0,0,0,0,0,0,0,0,0,0,0,0,0,0,0,14,0,0,0,0,0,0,0,0,0,0,0,0,0,0,0,0,0,0,0,0,0,0,0,0,0,0,0,0,0,112,252,143,0,0,0,0,0,0,0,0,0,0,0,141,1816,0,72,0,0,0,180,36,0,0,0,0,0,0,0,0,0,0,0,180,0,0,180,532,0,0,0,0,0,384,71,0,0,0,36,42,0,107,35,0,316,0,0,72,0,0,15,0,36,70,0,0,0,0,29,6,180,0,15,72,0,36,0,0,0,0,0,0,0,0,0,0,0,0,0,0,0,0,0,0,0,0,0,0,0,0,0,0,0,0,0,0,0,0,0,0,0,0,0,0,0,36,0,0,0,0,0,0,0,0,0,0,0,0,0,0,0,0,0,0,0,0,0,0,0,0,0,0,0,0,0,0,0,0,0,0,0,0,0,0,0,0,0,0,0,0,0,142,0,0,0,0,0,0,0,0,0
1,MC,0,0,0,17,0,0,0,0,0,0,0,0,0,0,0,0,0,0,0,0,0,0,0,0,0,0,0,0,0,0,0,0,0,0,0,0,0,0,3,0,0,0,0,0,0,0,0,0,0,0,0,0,0,0,0,0,0,0,0,0,0,0,0,1,0,1,0,0,5,0,1,5,0,0,0,1,0,0,0,0,0,0,0,0,0,0,0,0,0,0,0,0,0,0,0,0,0,0,0,0,19,0,16,0,0,0,0,0,0,0,0,0,0,0,16,175,0,26,0,2,0,8,2,0,0,0,0,24,10,0,0,0,0,0,10,0,0,17,25,65,0,1,5,0,93,6,0,0,0,4,14,7,3,5,3,93,0,0,0,0,3,1,0,0,1,0,7,0,0,2,6,0,4,9,2,0,1,0,0,0,0,0,0,0,0,0,0,0,0,0,0,0,20,0,0,0,0,0,0,4,0,0,1,0,0,27,0,2,0,16,0,0,0,0,0,0,10,11,0,0,0,0,0,0,0,0,0,0,1,0,0,0,0,0,0,0,0,0,0,0,0,0,0,0,0,0,0,0,0,0,0,0,0,0,0,0,0,0,0,0,0,0,9,0,0,0,0,0,0,0,0,0
1,MC,0,0,0,0,0,0,0,0,0,0,0,0,0,0,0,0,0,2,0,2,0,4,0,0,0,0,1,0,2,1,1,0,0,0,0,0,0,0,0,0,0,0,0,0,0,0,0,0,0,0,0,6,0,0,0,0,1,0,0,0,0,0,1,0,0,1,0,0,0,0,6,20,0,1,0,0,0,0,0,1,0,1,0,0,1,4,0,1,0,0,0,0,0,0,3,0,0,0,0,0,59,0,4,0,0,0,0,0,0,0,0,1,0,0,73,911,0,9,15,5,16,14,8,8,0,0,0,148,15,12,8,0,35,0,18,2,3,63,70,343,0,0,15,3,175,45,0,0,0,2,12,4,10,351,0,1116,0,0,8,0,2,7,0,0,6,0,0,8,0,12,8,0,0,45,14,24,7,0,0,0,0,0,0,0,0,0,0,0,2,187,0,0,11,0,1,0,0,0,0,0,0,0,0,0,0,10,0,0,0,10,0,1,0,0,0,0,43,253,0,0,0,0,0,0,0,0,0,0,0,0,0,0,0,0,0,0,0,0,0,0,1,7,0,0,0,1,0,0,1,0,0,0,0,0,0,18,24,6,0,6,0,0,1,9,24,24,0,1,0,33,0,0
1,MC,0,0,0,1,0,0,0,0,0,0,0,0,0,0,0,0,0,1,0,2,0,4,0,0,0,0,1,0,2,1,1,0,0,0,0,0,0,0,0,0,0,0,0,0,0,0,0,0,0,0,0,4,0,0,0,0,1,0,0,0,0,0,1,0,0,0,0,0,0,0,4,17,0,1,0,0,0,0,0,1,0,1,0,0,1,4,0,1,0,0,0,0,0,0,3,0,0,0,0,0,49,0,4,0,0,0,0,0,0,0,0,1,0,0,67,612,0,9,13,5,8,12,4,5,0,0,0,107,12,12,8,0,32,0,16,2,3,54,43,273,0,0,13,3,141,35,0,0,0,3,10,4,7,518,1,802,1,0,4,0,2,4,0,0,6,0,0,8,0,7,6,0,0,37,8,14,4,0,0,0,0,0,0,0,0,0,0,0,2,200,0,0,14,0,1,0,0,0,0,0,0,0,0,0,0,13,0,0,0,13,0,1,0,0,0,0,40,207,0,0,0,0,0,0,0,0,0,0,0,0,0,0,0,0,0,0,0,0,0,0,1,5,0,0,0,1,0,0,1,0,0,0,0,0,0,16,14,4,0,4,0,0,1,9,14,14,0,1,0,21,0,0
1,MC,0,0,2,0,0,0,0,0,0,0,0,0,0,0,0,0,0,5,0,0,0,0,0,0,0,0,0,0,0,0,0,0,0,0,0,0,0,0,1,0,0,0,0,0,0,0,0,0,0,0,0,0,0,0,0,0,0,0,2,0,0,0,0,0,0,0,0,0,0,0,725,10,0,0,0,0,0,0,0,0,0,0,0,0,0,0,0,0,0,0,0,0,0,0,0,0,0,0,0,0,19,0,28,0,0,0,1,0,0,0,0,0,0,0,22,1504,0,0,0,2,0,0,1,4,0,0,0,0,3,0,2,0,12,0,10,1,0,6,18,11,0,2,11,0,48,14,0,0,0,0,17,8,4,0,1,26,0,0,0,0,2,1,0,0,2,0,0,0,0,0,4,0,6,14,2,0,0,0,0,0,0,0,0,0,0,0,0,1,0,0,0,0,1,0,0,0,0,0,0,0,0,0,0,0,0,0,0,0,0,3,0,0,0,0,0,0,5,9,0,0,0,0,0,0,0,3,0,0,0,0,0,0,0,0,0,0,0,0,0,0,0,0,0,0,0,0,0,0,0,0,0,0,0,0,0,0,0,0,0,0,0,0,4,0,0,0,0,0,0,0,0,0
1,MC,0,0,0,0,0,0,0,0,0,0,0,0,0,0,0,0,0,1,0,2,0,3,0,0,0,0,1,0,2,1,1,0,0,0,0,0,0,0,0,0,0,0,0,0,0,0,0,0,0,0,0,0,0,0,0,0,1,0,0,0,0,0,1,0,0,0,0,0,0,0,1,7,0,1,0,0,0,0,0,1,0,1,0,0,1,4,0,1,0,0,0,0,0,0,2,0,0,0,0,0,45,0,3,0,0,0,0,0,0,0,0,1,0,0,50,265,0,10,9,5,0,8,0,1,0,0,0,22,7,12,8,0,28,0,12,2,3,41,6,133,0,0,9,3,79,23,0,0,0,4,4,4,3,263,0,184,0,0,1,0,2,0,0,0,6,0,0,8,0,2,1,0,4,19,0,0,0,0,0,0,0,0,0,0,0,0,0,0,2,214,0,0,14,0,1,0,0,0,0,0,0,0,0,0,0,13,0,0,0,13,0,1,0,0,0,0,36,115,0,0,0,0,0,0,0,0,0,0,0,0,0,0,0,0,0,0,0,0,0,0,1,1,0,0,0,1,0,0,1,0,0,0,0,0,0,3,0,0,0,0,0,0,1,0,0,0,0,1,0,3,0,0
1,MC,0,0,0,0,0,0,0,0,0,0,1,0,0,0,0,0,0,0,0,1,0,0,0,0,0,0,0,0,0,0,0,0,0,0,0,0,1,0,0,0,0,0,0,0,0,0,0,0,0,0,0,0,0,0,0,0,0,0,0,0,0,0,0,0,0,0,0,0,0,0,1,1,0,0,0,1,0,0,0,0,0,0,0,0,0,0,0,0,0,0,0,0,0,0,0,0,0,0,0,0,10,0,8,0,0,0,0,1,0,0,0,0,0,0,5,6,0,0,0,1,0,1,0,0,0,0,0,0,0,0,0,0,1,0,2,0,0,17937,0,0,0,17934,2,0,9,15,0,0,0,0,1,0,1,1,0,0,0,0,0,0,1,0,0,0,1,0,0,0,0,0,0,0,0,1,0,0,0,0,0,0,0,0,0,0,0,0,0,0,0,0,0,0,0,17934,0,0,0,0,0,0,0,0,0,0,0,0,0,0,0,0,0,0,0,0,0,0,2,0,0,0,0,0,0,0,0,1,0,0,0,0,0,0,0,0,0,0,0,0,0,0,0,0,0,0,0,0,0,0,0,0,0,0,0,0,0,0,0,0,0,0,0,0,1,0,0,0,0,0,0,0,0,0
1,MC,0,0,0,0,0,0,0,0,0,0,0,3,0,0,0,0,0,6,0,0,0,19,1,0,9,1,9,0,0,0,0,1,9,0,0,0,1,0,1,0,0,0,0,0,0,0,0,0,0,0,0,0,0,0,0,0,2,0,0,0,0,0,0,4,4,0,0,0,12,2,15,60,0,4,0,1,6,3,0,0,0,0,0,0,0,0,0,0,0,0,0,0,0,0,0,0,0,0,2,0,142,7,899,52,52,2,0,0,0,1,0,0,0,0,618,407,1,46,0,17,0,44,1,28,0,0,0,0,10,12,60,0,131,3,55,5,6,88,74,116,0,8,21,0,284,365,0,31,0,27,17,41,37,202,12,91,0,0,11,123,18,5,1,5,580,0,0,0,1,2,2,5,10,43,2,3,1,3,0,0,0,0,0,0,8,0,0,0,0,0,0,1,79,0,1,0,0,0,0,56,0,0,3,4,0,149,0,21,1,52,0,1,0,0,1,0,27,88,0,79,0,0,0,0,0,2,0,0,0,52,0,0,0,0,0,0,14,0,0,0,0,1,0,0,0,0,0,0,0,0,0,6,14,0,0,0,0,8,0,0,0,0,7,0,0,0,0,0,0,0,1,0
1,MC,0,0,0,0,0,0,0,0,0,0,0,0,0,0,0,0,0,1,0,2,0,4,0,0,0,0,1,0,2,1,1,0,0,0,0,0,0,0,0,0,0,0,0,0,0,0,0,0,0,0,0,5,0,0,0,0,1,0,0,0,0,0,1,0,0,0,0,0,0,0,5,17,0,1,0,0,0,0,0,1,0,1,0,0,1,4,0,1,0,0,0,0,0,0,3,0,0,0,0,0,56,0,4,0,0,0,0,0,0,0,0,1,0,0,73,780,0,9,14,5,12,13,6,6,0,0,0,127,10,12,8,0,36,0,17,2,3,59,59,308,0,0,14,3,159,40,0,0,0,3,10,4,9,263,0,961,0,0,7,0,2,6,0,0,6,0,0,8,0,10,7,0,0,40,12,20,6,0,0,0,0,0,0,0,0,0,0,0,2,199,0,0,14,0,1,0,0,0,0,0,0,0,0,0,0,13,0,0,0,13,0,1,0,0,0,0,42,230,0,0,0,0,0,0,0,0,0,0,0,0,0,0,0,0,0,0,0,0,0,0,1,6,0,0,0,1,0,0,1,0,0,0,0,0,0,18,19,5,0,5,0,0,1,10,19,19,0,1,0,27,0,0
1,MC,0,0,0,0,0,0,0,0,0,0,0,0,0,0,0,0,0,0,0,0,0,0,0,0,0,0,0,0,0,0,0,0,0,0,0,0,0,0,0,0,0,0,0,0,0,0,0,0,0,0,0,0,0,0,0,0,0,0,0,0,0,0,0,0,0,0,0,0,0,0,0,1,0,0,0,0,0,0,0,0,0,0,0,0,0,0,0,0,0,0,0,0,0,0,0,0,0,0,0,0,0,0,1,0,0,0,0,0,0,0,0,0,0,0,1,8,0,0,0,0,0,1,0,0,0,0,0,0,2,0,0,0,1,0,1,0,1,0,0,0,0,0,0,0,0,0,0,0,0,0,0,0,0,1,0,0,0,0,0,0,0,0,0,0,2,0,0,0,0,1,0,0,1,1,0,0,0,0,0,0,0,0,0,0,0,0,0,0,0,0,0,0,0,0,0,0,0,0,0,0,0,0,0,0,0,0,0,0,0,0,0,0,0,0,0,0,0,0,0,0,0,0,0,0,0,0,0,0,0,0,0,0,0,0,0,0,0,0,0,0,0,0,0,0,0,0,0,0,0,0,0,0,0,0,0,0,0,0,0,0,0,0,0,0,0,0,0,0,0,0,0,0
1,MC,0,0,0,0,0,0,0,0,0,0,0,0,0,0,0,0,0,0,0,0,0,0,0,0,0,0,0,0,0,0,0,0,0,0,0,0,0,0,1,0,0,0,0,0,0,0,0,0,0,0,0,0,0,0,0,0,1,0,0,0,0,0,0,0,0,0,0,0,1,2,1,13,0,0,0,0,0,2,0,0,0,0,0,0,0,0,0,0,0,0,0,0,0,0,0,0,0,0,0,0,27,0,23,0,0,0,0,0,0,0,0,0,0,0,10,35,0,0,0,1,0,5,0,0,0,0,0,0,0,0,0,0,0,0,6,0,0,14,9,7,0,3,6,0,44,8,0,0,0,1,1,2,1,2,0,8,0,0,0,0,1,0,0,0,1,0,0,0,0,0,1,0,1,11,0,0,0,0,0,0,0,0,0,0,0,0,0,0,0,0,0,0,1,0,0,0,0,0,0,0,0,0,0,0,0,2,0,0,1,0,0,0,0,0,0,0,7,5,0,2,0,0,0,0,0,1,0,0,0,0,0,0,0,3,0,0,0,0,0,0,0,0,0,0,0,0,0,0,0,0,0,0,0,0,0,0,0,0,0,0,0,0,2,0,0,0,0,0,0,0,0,0
1,MC,0,0,0,0,0,0,0,0,0,0,0,0,0,0,0,0,0,1,0,2,0,3,0,0,0,0,1,0,2,1,1,0,0,0,0,0,0,0,0,0,0,0,0,0,0,0,0,0,0,0,0,0,0,0,0,0,1,0,0,0,0,0,1,0,0,0,0,0,0,0,1,7,0,1,0,0,0,0,0,1,0,1,0,0,1,4,0,1,0,0,0,0,0,0,2,0,0,0,0,0,45,0,3,0,0,0,0,0,0,0,0,1,0,0,50,265,0,10,9,5,0,8,0,1,0,0,0,22,7,12,8,0,28,0,12,2,3,41,6,133,0,0,9,3,79,23,0,0,0,4,4,4,3,263,0,184,0,0,1,0,2,0,0,0,6,0,0,8,0,2,1,0,4,18,0,0,0,0,0,0,0,0,0,0,0,0,0,0,2,175,0,0,14,0,1,0,0,0,0,0,0,0,0,0,0,13,0,0,0,13,0,1,0,0,0,0,36,115,0,0,0,0,0,0,0,0,0,0,0,0,0,0,0,0,0,0,0,0,0,0,1,1,0,0,0,1,0,0,1,0,0,0,0,0,0,3,0,0,0,0,0,0,1,0,0,0,0,1,0,3,0,0
1,MC,0,0,0,0,0,0,0,0,0,0,0,0,0,0,0,0,0,1,0,2,0,4,0,0,0,0,1,0,2,1,1,0,0,0,0,0,0,0,0,0,0,0,0,0,0,0,0,0,0,0,0,4,0,0,0,0,1,0,0,0,0,0,1,0,0,0,0,0,0,0,4,17,0,1,0,0,0,0,0,1,0,1,0,0,1,4,0,1,0,0,0,0,0,0,3,0,0,0,0,0,52,0,4,0,0,0,0,0,0,0,0,1,0,0,70,654,0,9,13,5,10,12,5,6,0,0,0,106,11,12,8,0,34,0,16,2,3,56,50,273,0,0,13,3,143,37,0,0,0,3,11,4,8,263,0,806,1,0,4,0,2,4,0,0,6,0,0,8,0,8,8,0,0,36,10,16,5,0,0,0,0,0,0,0,0,0,0,0,2,196,0,0,14,0,1,0,0,0,0,0,0,0,0,0,0,13,0,0,0,13,0,1,0,0,0,0,41,207,0,0,0,0,0,0,0,0,0,0,0,0,0,0,0,0,0,0,0,0,0,0,1,5,0,0,0,1,0,0,1,0,0,0,0,0,0,15,16,4,0,4,0,0,1,8,16,16,0,1,0,23,0,0
1,MC,0,0,0,0,0,0,0,0,0,0,0,0,0,0,0,0,0,1,0,2,0,4,0,0,0,0,1,0,2,1,1,0,0,0,0,0,0,0,0,0,0,0,0,0,0,0,0,0,0,0,0,5,0,0,0,0,1,0,0,0,0,0,1,0,0,0,0,0,0,0,5,17,0,1,0,0,0,0,0,1,0,1,0,0,1,4,0,1,0,0,0,0,0,0,3,0,0,0,0,0,56,0,4,0,0,0,0,0,0,0,0,1,0,0,73,776,0,9,14,5,12,13,6,6,0,0,0,127,10,12,8,0,36,0,17,2,3,59,59,308,0,0,14,3,159,40,0,0,0,3,11,4,9,263,0,961,0,0,5,0,2,5,0,0,6,0,0,8,0,10,8,0,0,41,12,20,6,0,0,0,0,0,0,0,0,0,0,0,2,190,0,0,14,0,1,0,0,0,0,0,0,0,0,0,0,13,0,0,0,13,0,1,0,0,0,0,42,230,0,0,0,0,0,0,0,0,0,0,0,0,0,0,0,0,0,0,0,0,0,0,1,6,0,0,0,1,0,0,1,0,0,0,0,0,0,20,21,5,0,5,0,0,1,12,21,21,0,1,0,29,0,0
1,MC,0,0,0,3,0,0,0,0,0,0,0,0,0,0,1,0,0,0,0,0,0,0,0,0,65537,0,0,0,0,0,0,0,0,0,0,2,0,0,3,0,0,0,0,0,0,0,0,0,0,0,0,0,0,0,0,0,0,0,0,0,0,0,0,0,0,0,0,0,0,0,3,7,0,0,0,0,0,1,0,0,0,0,0,0,0,0,0,0,0,0,0,0,0,0,0,0,0,0,0,0,27,13,21,0,0,0,0,0,0,0,0,0,0,4,65536,65518,0,65536,0,4,0,12,0,0,0,0,0,27,4,140,0,0,65536,0,17,0,0,21,38,553,0,0,13,0,144,28,7,1,0,65536,32,116,27,1,0,776,0,0,65421,28,4,0,0,65535,5,0,0,0,0,0,4,1,1,12,0,65536,28,65536,0,0,0,0,0,0,0,0,0,0,0,0,0,0,0,0,0,0,0,0,0,0,0,0,0,0,0,0,0,0,0,0,0,0,0,0,0,0,65536,293,0,1,0,0,0,0,0,0,0,0,0,0,0,0,0,1,0,0,0,0,0,0,0,0,0,0,0,0,0,0,0,0,0,1,0,0,0,0,0,0,0,0,0,0,1,0,0,0,0,0,0,0,0,0
1,MC,0,0,0,0,0,0,0,0,0,0,0,0,0,0,0,0,0,2,0,2,0,4,0,0,0,0,1,0,2,1,1,0,0,0,0,0,0,0,0,0,0,0,0,0,0,0,0,0,0,0,0,6,0,0,0,0,1,0,0,0,0,0,1,0,0,1,0,0,0,0,6,19,0,1,0,0,0,0,0,1,0,1,0,0,1,4,0,1,0,0,0,0,0,0,3,0,0,0,0,0,56,0,4,0,0,0,0,0,0,0,0,1,0,0,69,854,0,9,15,5,14,14,7,7,0,0,0,148,14,12,8,0,33,0,18,2,3,61,63,343,0,0,15,3,173,43,0,0,0,2,11,4,9,263,0,1112,0,0,7,0,2,6,0,0,6,0,0,8,0,11,6,0,0,45,12,22,6,0,0,0,0,0,0,0,0,0,0,0,2,196,0,0,11,0,1,0,0,0,0,0,0,0,0,0,0,10,0,0,0,10,0,1,0,0,0,0,42,253,0,0,0,0,0,0,0,0,0,0,0,0,0,0,0,0,0,0,0,0,0,0,1,7,0,0,0,1,0,0,1,0,0,0,0,0,0,24,22,6,0,6,0,0,1,15,22,22,0,1,0,31,0,0
1,MC,0,0,0,0,0,0,0,0,0,0,0,0,0,0,0,0,0,1,0,2,0,4,0,0,0,0,1,0,2,1,1,0,0,0,0,0,0,0,0,0,0,0,0,0,0,0,0,0,0,0,0,5,0,0,0,0,1,0,0,0,0,0,1,0,0,0,0,0,0,0,5,17,0,1,0,0,0,0,0,1,0,1,0,0,1,4,0,1,0,0,0,0,0,0,3,0,0,0,0,0,56,0,4,0,0,0,0,0,0,0,0,1,0,0,71,778,0,9,14,5,12,13,6,6,0,0,0,127,11,12,8,0,36,0,17,2,3,59,59,308,0,0,14,3,159,40,0,0,0,3,11,4,9,263,0,961,0,0,6,0,2,6,0,0,6,0,0,8,0,10,8,0,0,40,12,20,6,0,0,0,0,0,0,0,0,0,0,0,2,200,0,0,14,0,1,0,0,0,0,0,0,0,0,0,0,13,0,0,0,13,0,1,0,0,0,0,42,230,0,0,0,0,0,0,0,0,0,0,0,0,0,0,0,0,0,0,0,0,0,0,1,6,0,0,0,1,0,0,1,0,0,0,0,0,0,19,21,5,0,5,0,0,1,11,21,21,0,1,0,29,0,0
1,MC,0,0,0,0,0,0,0,0,0,0,0,0,0,0,0,0,0,2,0,2,0,4,0,0,0,0,1,0,2,1,1,0,0,0,0,0,0,0,0,0,0,0,0,0,0,0,0,0,0,0,0,2,0,0,0,0,1,0,0,0,0,0,1,0,0,1,0,0,0,0,2,11,0,1,0,0,0,0,0,1,0,1,0,0,1,4,0,1,0,0,0,0,0,0,3,0,0,0,0,0,43,0,4,0,0,0,0,0,0,0,0,1,0,0,426,413,0,9,11,5,6,10,3,3,0,0,0,64,9,12,8,0,375,0,14,2,3,49,32,203,0,0,11,3,111,31,0,0,0,2,10,4,6,263,0,496,0,0,2,0,2,3,0,0,6,0,0,8,0,4,7,0,0,26,6,8,3,0,0,0,0,0,0,0,0,0,0,0,2,200,0,0,11,0,1,0,0,0,0,0,0,0,0,0,0,10,0,0,0,10,0,1,0,0,0,0,38,161,0,0,0,0,0,0,0,0,0,0,0,0,0,0,0,0,0,0,0,0,0,0,1,3,0,0,0,1,0,0,1,0,0,0,0,0,0,10,6,2,0,2,0,0,0,5,6,6,0,1,0,11,0,0
1,MC,0,0,2,0,0,0,0,0,0,0,0,0,0,0,0,0,0,1,0,0,0,0,0,0,0,0,0,0,0,0,0,0,0,0,0,0,0,0,0,0,0,0,0,0,0,0,0,0,0,0,0,0,0,0,0,0,1,0,0,0,0,0,0,0,0,0,0,0,0,0,2,3,0,0,0,0,0,0,0,0,0,0,0,0,0,0,0,0,0,0,0,0,0,0,0,0,0,0,0,0,12,0,22,0,0,0,0,0,0,0,0,0,0,0,6,18,0,0,0,1,0,0,0,2,0,0,0,0,0,0,0,0,1,0,8,0,0,3,3,2,0,1,9,0,23,13,0,0,0,0,1,0,2,0,0,3,0,0,0,0,1,0,0,0,2,0,0,0,0,0,0,0,6,1,0,0,0,0,0,0,0,0,0,0,0,0,0,1,0,0,0,0,0,0,0,0,0,0,0,0,0,0,0,0,0,0,0,0,0,0,0,0,0,0,0,0,2,1,0,0,0,0,0,0,0,2,0,0,0,0,0,0,0,0,0,0,0,0,0,0,0,0,0,0,0,0,0,0,0,0,0,0,0,0,0,0,0,0,0,0,0,0,2,0,0,0,0,0,0,0,0,0
1,MC,0,0,0,0,0,0,0,0,0,0,0,0,0,0,0,0,0,2,0,2,0,4,0,0,0,0,1,0,2,1,1,0,0,0,0,0,0,0,0,0,0,0,0,0,0,0,0,0,0,0,0,6,0,0,0,0,1,0,0,0,0,0,1,0,0,1,0,0,0,0,6,19,0,1,0,0,0,0,0,1,0,1,0,0,1,4,0,1,0,0,0,0,0,0,3,0,0,0,0,0,59,0,4,0,0,0,0,0,0,0,0,1,0,0,537,907,0,9,15,5,14,14,7,7,0,0,0,154,13,12,8,0,518,0,18,2,3,61,70,343,0,0,15,3,177,43,0,0,0,2,11,4,10,471,0,1121,0,0,7,0,2,7,0,0,6,0,0,8,0,12,7,0,0,45,14,24,7,0,0,0,0,0,0,0,0,0,0,0,2,198,0,0,11,0,1,0,0,0,0,0,0,0,0,0,0,10,0,0,0,10,0,1,0,0,0,0,42,253,0,0,0,0,0,0,0,0,0,0,0,0,0,0,0,0,0,0,0,0,0,0,1,8,0,0,0,1,0,0,1,0,0,0,0,0,0,22,24,7,0,7,0,0,1,12,24,24,0,1,0,34,0,0
1,MC,0,0,0,1,0,0,0,0,0,0,0,2,0,0,0,0,0,1,0,2,1,4,0,0,0,0,0,0,0,0,3,0,0,0,0,0,1,0,2,0,0,0,0,0,0,0,0,0,0,0,0,0,0,0,0,0,1,0,0,0,0,0,0,0,0,0,0,0,2,0,1,90,0,0,0,2,1,1,0,0,0,0,0,0,0,0,0,0,0,0,0,0,0,0,0,0,0,0,0,0,56,0,32,0,0,0,0,2,72,1,0,0,0,0,881,974,0,51,0,44,0,709,0,69,0,0,0,29,5,2,0,0,9,0,2778,0,1,59,21,197,0,0,16,0,148,26,4,0,0,22,18,74,14,3,0,335,0,0,10,18,462,1,0,9,11,0,0,0,0,0,0,2770,3,478,0,4,18,0,0,0,0,0,0,0,0,0,0,0,2,199,0,0,4,0,2,0,0,0,0,0,0,0,0,0,1,4,0,0,0,1,0,2,0,0,0,0,23,87,0,3,0,0,0,0,0,1,0,0,0,0,0,0,0,0,0,0,0,0,0,0,0,3,0,0,0,0,0,0,0,0,0,0,0,1,2,1,1,0,0,0,3,2,2,0,0,0,0,0,0,3,0,0
1,MC,0,0,0,0,0,0,0,0,0,0,0,0,0,0,0,0,0,0,0,0,0,0,0,0,0,0,0,0,0,0,0,0,0,0,0,0,0,0,0,0,0,0,0,0,0,0,0,0,0,0,0,0,0,0,0,0,0,0,0,0,0,0,0,0,0,0,0,0,0,0,1,0,0,0,0,0,0,0,0,0,0,0,0,0,0,0,0,0,0,0,0,0,0,0,0,0,0,0,0,0,10,0,6,0,0,0,0,0,0,0,0,0,0,0,3,49,0,0,0,0,0,1,0,0,0,0,0,0,0,0,0,0,0,0,1,0,0,2,2,0,0,0,1,0,7,1,0,0,0,0,1,0,0,0,0,2,0,0,0,0,0,0,0,0,0,0,0,0,0,2,0,0,0,0,0,0,0,0,0,0,0,0,0,0,0,0,0,0,0,0,0,0,0,0,0,0,0,0,0,0,0,0,0,0,0,0,0,0,0,0,0,0,0,0,0,0,1,0,0,0,0,0,0,0,0,1,0,0,0,0,0,0,0,0,0,0,0,0,0,0,0,0,0,0,0,0,0,0,0,0,0,0,0,0,0,0,0,0,0,0,0,0,1,0,0,0,0,0,0,0,0,0
1,MC,0,2,0,52,3,2,0,0,0,0,1,1,0,0,0,0,0,7,0,0,0,0,0,0,0,0,0,0,0,0,0,0,0,0,0,0,1,0,10,0,0,0,0,0,0,2,0,26,0,0,0,0,0,0,0,0,0,0,0,0,0,0,0,1,1,2,0,0,0,0,8,50,0,4,0,0,0,0,0,0,0,0,0,0,0,0,0,0,0,0,0,0,0,0,0,0,0,0,0,0,95,7,79,54,54,0,0,0,0,0,1,0,0,4,191,1354,0,102,23,33,0,62,5,26,0,0,0,335,25,356,146,0,30,0,88,11,6,140,179,1412,4,7,69,2,490,143,14,9,0,72,32,2243,68,18,18,1515,0,0,43,44,25,5,0,31,100,0,2,22,0,6,2,29,19,50,10,1,49,0,0,0,0,0,0,0,0,0,1,0,0,0,0,0,70,0,2,0,0,0,0,0,0,0,0,4,7,69,0,19,1,30,0,5,0,0,0,0,39,1080,0,0,0,1,0,0,0,2,0,0,2,54,0,0,0,0,0,0,0,0,0,0,0,0,0,0,0,0,0,0,0,0,0,0,0,0,0,2,0,0,0,0,0,0,30,0,0,0,0,0,0,0,2,0
1,MC,0,0,0,3,0,0,0,0,0,0,0,0,0,0,0,0,0,0,0,0,0,0,0,0,65537,0,0,0,0,0,0,0,0,0,0,2,0,0,3,0,0,0,0,0,0,0,0,0,0,0,0,0,0,0,0,0,0,0,0,0,0,0,0,0,0,0,0,0,0,0,10,36,0,0,0,0,0,0,0,0,0,0,0,0,0,0,0,0,0,0,0,0,0,0,0,0,0,0,0,0,24,12,21,0,0,0,0,0,0,0,0,0,0,4,65536,65521,0,65536,0,4,0,14,1,29,0,0,0,27,4,140,0,0,65536,1,19,0,0,22,49,746,0,0,13,0,146,26,7,1,0,65536,32,116,28,3,0,852,0,0,65426,29,4,0,0,65535,3,0,0,0,0,1,4,1,1,11,2,65536,35,65536,0,0,0,0,0,0,0,0,0,0,0,0,0,0,0,0,0,0,0,0,0,0,0,0,0,0,1,0,0,0,0,0,0,0,0,0,0,0,65536,311,0,2,0,0,0,0,0,0,0,0,0,0,0,0,0,1,0,0,0,0,0,0,0,0,0,0,0,0,0,0,0,0,0,0,0,0,0,0,0,0,0,0,0,0,0,0,0,0,0,0,0,0,0,0
1,MC,0,0,2,0,0,0,0,0,0,0,0,0,0,0,0,0,0,0,0,4758,0,0,0,0,0,0,0,0,0,0,0,0,0,0,0,0,0,0,1,0,0,0,0,0,0,1,0,17446,0,0,0,0,0,0,0,1,0,0,7261,0,0,0,0,0,0,9,0,194,0,4,0,5,0,0,0,0,0,0,0,0,0,0,0,0,0,0,0,0,0,0,0,0,0,0,0,0,0,0,0,0,49,0,16,1,1,0,0,0,0,0,0,0,0,5,41,4840,0,2,0,5,0,12,0,0,0,0,0,0,9,5,135,7409,13,0,3419,0,138,24,17,22,3,5,13,0,140,15,0,0,0,2,5,2,2,6,0,37,0,0,1,0,6,0,0,0,7,0,0,0,0,5,3,3409,1,10,0,0,0,0,0,0,0,0,0,0,0,0,3,5,4758,539,0,0,4,3,0,0,0,0,0,0,0,0,0,0,4,0,0,0,4,0,3,0,0,0,0,0,11,17,0,0,0,0,0,0,0,0,0,0,0,1,0,0,25,24,0,0,0,0,0,0,0,0,0,0,0,0,0,0,0,0,0,0,0,0,0,0,0,0,0,0,0,0,7,0,0,0,0,0,0,0,1,0
1,MC,0,0,2,6,0,0,0,0,0,0,0,29,0,0,0,0,0,7,0,0,0,0,0,0,0,0,0,0,0,0,0,0,0,0,0,0,9,0,15,0,0,0,0,0,0,0,0,0,0,6,0,0,0,0,0,0,0,0,0,0,0,0,0,0,0,17,0,0,0,3,2,70,0,0,0,0,0,0,0,0,0,6,6,0,10,18,0,6,0,6,0,0,0,0,6,0,4,0,0,0,62,0,41,0,0,0,0,0,0,0,0,1,0,7,68,819,0,76,11,11,0,31,2,2,0,0,0,91,18,18,199,0,11,0,49,2,4,77,55,341,3,28,37,3,333,78,12,0,0,19,15,123,13,10,0,386,2,0,6,65,13,2,0,5,20,0,0,8,0,2,8,9,17,110,2,2,5,0,0,0,0,0,0,0,0,0,0,13,0,0,0,0,0,0,0,0,0,0,0,0,0,0,0,0,0,0,0,0,0,0,0,0,0,1,0,0,18,242,1,1,0,0,0,0,0,0,0,0,0,0,0,0,0,24,0,0,0,0,0,0,10,1,0,0,0,1,0,0,5,0,0,0,0,0,0,3,0,0,0,0,0,0,32,0,0,0,0,1,0,3,0,0
1,MC,0,0,2,6,0,0,0,0,0,0,0,29,0,0,0,0,0,7,0,0,0,0,0,0,0,0,0,0,0,0,0,0,0,0,0,0,9,0,9,0,0,0,0,0,0,0,0,0,0,6,0,0,0,0,0,0,0,0,0,0,0,0,0,0,0,17,0,0,0,3,1,47,0,0,0,0,0,0,0,0,0,6,6,0,10,18,0,6,0,6,0,0,0,0,6,0,4,0,0,0,53,0,38,0,0,0,0,0,0,0,0,1,0,6,64,703,0,71,10,9,0,28,1,3,0,0,0,91,11,18,143,0,11,0,44,2,4,75,36,284,3,11,34,3,294,71,12,0,0,19,13,80,13,2,0,288,3,0,6,38,8,1,0,5,8,0,0,8,0,2,8,9,16,81,2,2,3,0,0,0,0,0,0,0,0,0,0,13,0,0,0,0,0,0,0,0,0,0,0,0,0,0,0,0,0,0,0,0,0,0,0,0,0,1,0,0,18,199,1,1,0,0,0,0,0,0,0,0,0,0,0,0,0,23,0,0,0,0,0,0,10,1,0,0,0,1,0,0,5,0,0,0,0,0,0,3,0,0,0,0,0,0,24,0,0,0,0,1,0,3,0,0
1,MC,0,0,0,0,0,0,0,0,0,0,0,0,0,0,0,0,0,78,0,0,0,7,0,0,0,0,4,2,4,3,0,0,2,0,0,0,0,0,0,0,0,0,0,0,0,0,0,0,0,0,0,0,0,0,0,0,0,0,0,0,1,0,0,0,0,0,0,0,0,0,0,0,1,0,0,0,0,0,0,0,0,0,0,0,0,0,0,0,0,0,0,0,0,0,0,0,0,0,0,0,3,0,8,0,0,0,0,0,0,40,0,0,0,0,177,137,0,92,0,0,0,1,0,0,0,0,0,0,0,0,0,0,170,0,1,0,0,90,1,0,0,0,2,0,7,56,0,0,0,51,41,0,0,0,0,1,0,0,4,0,0,0,0,6,0,0,0,0,0,0,40,0,0,0,0,16,0,0,0,0,0,0,0,0,0,0,0,0,0,0,0,0,1,0,0,0,0,0,0,0,0,0,0,0,1,0,0,0,1,0,0,0,0,0,0,0,1,0,0,0,0,0,0,0,0,0,0,0,0,0,0,0,0,0,0,0,0,0,0,0,0,0,0,0,0,0,0,0,0,0,0,0,0,0,0,0,0,0,0,0,0,0,0,0,0,0,0,0,0,0,0,0
1,MC,0,0,2,0,0,1,0,0,0,0,0,0,0,0,0,0,0,0,0,0,1,0,0,0,0,0,0,0,0,0,0,0,0,0,0,0,0,0,4,0,0,0,0,0,0,0,0,0,0,0,0,0,0,0,0,0,0,0,1,0,0,0,0,0,0,2,0,22,2,12,3,4,2,0,0,1,0,6,0,0,0,0,0,0,0,0,0,0,0,0,0,0,0,0,0,0,0,0,0,0,61,7,19,0,0,0,0,0,0,0,0,0,0,8,118,196,1,21,2,4,0,21,1,22,1,0,0,0,1,0,0,0,21,0,30,0,0,38,49,17,0,4,12,0,126,26,0,0,0,6,3,5,6,4,0,58,0,0,51,0,2,1,0,5,7,0,0,0,0,2,1,11,1,6,2,99,1,0,0,0,0,0,0,0,0,0,2,3,0,0,0,0,3,0,0,0,0,0,0,0,0,0,0,0,4,0,0,0,1,0,0,0,0,0,0,0,12,14,0,0,0,0,0,0,0,0,2,0,0,0,0,0,0,5,0,1,0,7763,0,0,0,0,0,0,0,0,0,0,0,0,0,0,0,0,0,0,0,0,0,0,0,0,22,0,0,0,0,0,0,0,0,0
1,MC,0,0,0,19,0,0,0,0,0,0,39,3,0,0,0,0,0,13,0,79,0,2,0,0,0,0,0,0,0,0,0,0,1,0,0,0,38,0,2,0,0,0,0,0,0,0,0,0,0,0,0,0,0,0,0,0,0,0,4,0,0,0,0,0,0,1,0,0,0,0,8,1112,0,0,0,0,0,1,0,0,0,0,0,0,0,0,0,0,0,0,0,0,0,0,0,0,0,0,0,0,149,0,100,3,3,3,0,4,132,0,0,0,0,4,85,1379,1,164,30,5,0,11,3,588,0,0,0,27,12,0,0,2,19,2,20,12,6,787,61,117,3,2,17,0,179,26,0,0,0,319,17,7,3,10,429,217,0,0,314,2,4,2,2,39,18,0,7,0,0,4,12,14,1,36,4,0,2,0,0,0,0,0,0,0,0,0,0,0,75,7525,0,0,6762,0,457,0,0,2,0,0,0,0,0,0,0,6723,0,0,0,113,0,6265,0,35,0,0,329,42,0,0,0,0,0,0,0,0,0,2,1,3,0,0,0,0,0,2,0,0,0,0,0,1,0,0,0,0,0,0,0,0,0,10,0,0,0,2,3,33,30,0,0,0,11,0,2,0,0,0,2,3,0,0
1,MC,0,0,2,3,0,0,0,0,0,0,0,12,0,0,0,0,0,1,0,0,0,0,0,0,0,0,0,0,0,0,0,0,0,0,0,0,3,0,3,0,0,0,0,0,0,0,0,0,0,0,0,2,0,0,0,0,0,0,0,0,0,0,0,0,0,5,0,0,0,2,0,21,0,0,0,0,0,0,0,0,0,1,1,0,2,3,0,1,0,1,0,0,0,0,1,0,1,0,0,0,48,0,22,0,0,0,0,0,0,0,0,1,0,17,39,255,0,50,9,5,0,22,0,3,0,0,0,38,8,12,8,5,2,0,35,2,4,44,9,141,3,0,26,3,169,65,0,0,0,6,3,4,4,1,0,160,3,0,14,0,4,0,0,9,5,0,0,8,0,0,1,2,7,32,0,22,0,0,0,0,0,0,0,0,0,0,0,2,0,0,0,0,0,0,0,0,0,0,0,0,0,0,0,0,0,0,0,0,0,0,0,0,0,0,0,0,8,122,1,1,0,0,0,0,0,0,0,0,0,0,0,0,0,24,0,0,0,0,0,0,2,1,0,0,0,1,0,0,1,0,0,0,0,0,0,3,0,0,0,0,0,0,5,0,0,0,0,1,0,3,0,0
1,MC,0,0,2,0,0,0,0,0,0,0,0,0,0,0,0,0,0,0,0,219,0,0,0,0,0,0,0,0,0,0,0,0,0,0,0,0,0,0,1,0,0,0,0,0,0,1,0,803,0,0,0,0,0,0,0,1,0,0,306,0,0,0,0,0,0,10,0,11,0,4,0,5,0,0,0,0,0,0,0,0,0,0,0,0,0,0,0,0,0,0,0,0,0,0,0,0,0,0,0,0,49,0,8,1,1,0,0,0,0,0,0,0,0,5,40,357,0,2,0,5,0,12,0,0,0,0,0,0,68,5,135,328,13,0,12113,0,11,24,65,22,3,65,13,0,138,15,0,0,0,2,0,2,2,6,0,37,0,0,1,0,6,0,0,0,7,0,0,0,0,65,0,11996,1,10,0,0,0,0,0,0,0,0,0,0,0,0,2,3,219,812,0,0,4,3,0,0,0,0,0,0,0,0,0,0,4,0,0,0,4,0,3,0,0,0,0,0,11,17,0,0,0,0,0,0,0,0,0,0,0,1,0,0,11,24,0,0,0,0,0,0,0,0,0,0,0,0,0,0,0,0,0,0,0,0,0,0,0,0,0,0,0,0,7,0,0,0,0,0,0,0,1,0
1,MC,0,0,2,0,0,0,0,0,0,0,0,0,0,0,0,0,0,0,0,1386,0,0,0,0,0,0,0,0,0,0,0,0,0,0,0,0,0,0,1,0,0,0,0,0,0,4,0,0,0,0,0,0,0,0,0,0,0,0,2104,0,0,0,0,0,0,10,0,0,0,4,0,5,0,0,0,0,0,0,0,0,0,0,0,0,0,0,0,0,0,0,0,0,0,0,0,0,0,0,0,0,49,0,8,4,4,0,0,0,0,0,0,0,0,5,31,1466,0,2,0,5,0,12,0,0,0,0,0,0,8,5,135,2141,7,0,65536,0,35,24,17,18,3,4,13,0,138,15,0,0,0,2,2,2,1,6,0,37,0,0,1,0,6,0,0,1,7,0,0,0,0,4,1,65520,1,10,0,0,0,0,0,0,0,0,0,0,0,0,3,5,1386,65536,0,0,76,20,0,228,0,0,452,0,0,16,0,0,481,0,54,0,66,0,34,0,0,0,0,0,10,15,0,0,0,0,0,0,0,0,0,0,0,4,0,0,8,10,0,0,0,0,0,0,0,0,0,0,0,0,0,0,0,0,0,0,0,0,0,0,0,0,0,0,0,0,3,0,0,0,0,0,0,0,1,0
1,MC,0,0,2,3,0,0,0,1,0,0,0,0,0,0,0,0,0,7,0,1,0,0,0,0,0,0,0,0,0,0,0,0,0,0,0,0,0,1,2,0,0,0,0,0,23,0,0,0,0,0,0,0,0,0,0,0,1,0,0,0,0,1,0,0,0,7,0,0,5,1,1,84,0,1,0,0,0,5,0,0,0,0,0,0,0,0,0,0,0,0,0,0,0,0,0,0,0,0,0,0,21,0,81,0,0,0,0,0,0,8,0,0,0,0,38,539,0,67,11,3,0,15,0,25,0,0,0,0,10,11,135,0,32,0,20,0,1,169,22,57,3,55,13,0,119,10,0,0,0,8,3,42,4,3,0,57,0,0,17,0,3,0,0,14,2,0,0,4,0,2,2,5,4,23,0,58,0,0,0,0,1,0,1,0,0,0,0,1,1,98,0,0,12,0,6,0,0,0,0,0,0,0,0,0,0,16,0,0,0,10,0,6,0,0,0,0,61,38,0,0,0,0,0,0,0,0,0,0,0,0,0,0,0,0,0,0,0,0,0,0,0,0,0,0,0,0,0,0,0,0,0,0,0,0,0,0,0,0,0,0,0,0,4,0,0,0,0,0,0,0,0,0
1,MC,0,0,0,0,0,0,0,0,0,0,0,1,0,0,0,0,0,0,0,0,0,0,0,0,0,0,0,0,0,0,0,0,0,0,0,0,0,0,0,0,0,0,0,0,0,0,0,0,0,0,0,0,0,0,0,0,0,0,0,0,0,0,0,0,0,0,0,0,0,0,1,0,0,0,0,0,0,0,0,0,0,0,0,0,0,0,0,0,0,0,0,0,0,0,0,0,0,0,0,0,0,0,13,0,0,0,0,0,0,0,0,0,0,0,51,42,0,47,0,0,0,2,1,0,0,0,0,0,0,0,0,0,45,0,2,0,0,2,12,0,0,0,0,0,2,1,0,2,0,15,2,0,0,0,0,6,0,0,21,0,0,1,0,35,1,0,0,0,0,0,1,1,0,1,0,29,2,0,0,0,0,0,0,0,0,0,0,0,0,0,0,0,0,0,0,0,0,0,0,0,0,0,0,0,0,0,0,0,0,0,0,0,0,0,0,0,0,0,0,0,0,0,0,0,0,2,0,0,0,0,0,0,0,0,0,0,0,0,0,0,0,0,0,0,0,0,0,0,0,0,0,0,0,0,0,0,0,0,0,0,0,0,0,0,0,0,0,0,0,0,0,0
1,MC,0,0,2,0,0,0,0,0,0,0,0,0,0,0,0,0,0,0,0,417,0,0,0,0,0,0,0,0,0,0,0,0,0,0,0,0,0,0,1,0,0,0,0,0,0,1,0,1529,0,0,0,0,0,0,0,1,0,0,608,0,0,0,0,0,0,7,0,20,0,4,0,5,0,0,0,0,0,0,0,0,0,0,0,0,0,0,0,0,0,0,0,0,0,0,0,0,0,0,0,0,49,0,8,1,1,0,0,0,0,0,0,0,0,5,40,496,0,2,0,5,0,12,0,0,0,0,0,0,9,5,135,636,13,0,38336,0,13,24,19,22,3,6,13,0,138,15,0,0,0,2,0,2,2,6,0,37,0,0,1,0,6,0,0,0,7,0,0,0,0,6,0,38326,1,10,0,0,0,0,0,0,0,0,0,0,0,0,1,3,417,839,0,0,4,3,0,0,0,0,0,0,0,0,0,0,4,0,0,0,4,0,3,0,0,0,0,0,11,17,0,0,0,0,0,0,0,0,0,0,0,1,0,0,13,24,0,0,0,0,0,0,0,0,0,0,0,0,0,0,0,0,0,0,0,0,0,0,0,0,0,0,0,0,7,0,0,0,0,0,0,0,1,0
1,MC,0,0,0,0,0,0,0,0,0,0,0,0,0,0,0,0,0,1,0,0,0,0,0,0,0,0,0,0,0,0,0,0,0,0,0,0,0,0,1,0,0,0,0,0,0,1,0,0,0,0,0,0,0,0,0,0,0,0,1,0,0,0,0,0,0,1,0,0,0,4,1,2,0,0,0,0,0,1,0,0,0,0,0,0,0,0,1,0,0,0,0,1,0,0,0,0,0,0,0,0,56,0,23,1,1,0,0,0,0,0,0,1,0,6,49,125,0,2,9,1,0,13,0,0,0,0,0,4,2,4,135,0,9,0,18,2,0,31,17,107,0,2,11,0,129,19,0,0,0,2,1,7,7,3,0,297,0,0,1,0,1,0,0,0,9,0,0,0,0,0,0,1,0,7,0,0,0,0,0,1,0,1,0,0,0,0,0,0,0,0,0,0,1,0,0,0,0,0,0,0,2,0,0,0,6,0,0,0,0,0,0,0,0,0,0,0,12,73,0,0,0,0,0,0,0,0,0,0,0,1,0,0,10,10,0,0,0,0,0,0,0,2,0,0,0,0,0,0,0,0,0,0,0,0,0,3,0,0,0,0,0,0,2,0,0,0,0,1,0,3,0,0
1,MC,0,0,0,0,0,0,0,0,0,0,0,45,0,0,0,0,0,0,0,0,0,0,0,0,0,0,0,0,0,0,0,0,0,0,0,0,0,0,0,0,0,0,0,0,0,0,0,0,0,0,0,0,0,0,0,0,0,0,0,0,0,0,0,0,0,0,0,0,0,0,1,0,0,0,0,0,0,0,0,0,0,0,0,0,0,0,0,0,0,0,0,0,0,0,0,0,0,0,0,0,0,0,15,0,0,0,1,0,0,0,0,0,0,0,307,4395,0,5418,0,0,0,10,1,0,0,0,0,0,1,0,0,0,319,0,10,0,0,6,18,0,0,0,0,0,2,5,0,2,0,4727,2,0,0,2,0,10,0,0,1036,0,0,0,0,1024,1,0,0,0,0,0,1,9,0,0,0,1318,2,0,0,0,0,0,0,0,0,0,0,0,0,0,0,0,0,0,0,0,0,0,0,0,0,0,0,0,0,0,0,0,0,0,0,0,0,0,0,0,0,0,0,0,0,0,0,0,0,2,0,0,0,0,0,0,0,0,2358,0,0,0,0,0,0,0,0,0,0,0,0,0,0,0,0,0,0,0,0,0,0,0,0,0,0,0,0,0,0,0,0,0,0,0,0,0
1,MC,0,0,0,0,0,1,0,0,0,0,0,0,0,0,0,0,0,389,0,0,0,0,0,0,0,0,0,0,0,0,0,0,0,0,0,0,0,0,24,0,0,0,0,0,0,1,0,0,0,0,0,0,0,0,0,0,0,0,0,0,0,0,0,0,0,0,0,0,0,0,0,41,0,0,0,0,0,0,0,0,0,0,0,0,0,0,0,0,0,0,0,0,0,0,0,0,0,0,0,0,14,0,9,1,1,2,0,0,0,0,0,0,0,0,97,314,0,7,0,0,0,146,0,16,0,0,0,0,217,0,1,0,131,0,5,1,2,172,9,15,0,6,4,0,26,24,0,0,0,7,122,12,0,91,3,23,0,0,6,0,2,0,0,3,0,0,0,0,0,6,122,1,0,36,0,2,0,0,0,0,0,0,0,0,0,0,0,0,0,0,0,0,0,0,0,0,0,0,0,0,0,0,0,0,0,0,0,0,0,0,0,0,0,0,0,0,4,3,0,0,0,0,0,0,0,0,0,0,0,1,0,0,0,0,0,0,0,0,0,0,0,0,0,0,0,0,0,0,0,0,0,0,0,0,0,0,0,0,0,0,0,0,1,0,0,0,0,0,0,0,0,0
1,MC,0,0,0,0,0,0,0,0,0,0,0,0,1,0,0,0,0,1,0,1,2,0,0,0,0,0,0,0,0,0,0,0,0,0,0,0,1,0,1,0,0,0,0,0,0,0,0,0,0,0,0,0,0,0,0,0,0,0,0,0,0,0,0,0,0,0,0,65,0,0,4,104,0,0,0,0,0,1,0,0,0,0,0,0,0,0,0,0,0,0,0,0,0,0,0,0,0,0,0,0,46,0,12,0,0,0,0,0,0,0,0,0,0,2,30,242,0,105,0,3,0,5,1,166,0,0,0,4,0,0,0,0,3,0,8,0,0,15,14,22,0,0,7,0,62,14,0,0,0,1,4,0,1,1,0,80,0,0,0,0,3,0,0,0,5,0,0,0,0,2,1,2,1,6,0,416,0,0,0,0,0,0,0,0,0,0,0,0,1,101,0,0,0,0,0,0,0,0,0,0,0,0,0,0,0,0,0,0,0,0,0,0,0,0,0,0,6,10,0,0,0,0,0,0,0,1,0,0,0,0,0,0,0,1,0,0,0,0,0,0,0,0,0,0,0,0,0,0,0,0,0,0,0,0,0,0,0,0,0,0,0,0,2,0,0,0,0,0,0,0,0,0
1,MC,0,0,2,0,0,0,0,0,0,0,0,0,0,0,0,0,0,0,0,1507,0,0,0,0,0,0,0,0,0,0,0,0,0,0,0,0,0,0,1,0,0,0,0,0,0,4,0,0,0,0,0,0,0,0,0,0,0,0,2263,0,0,0,0,0,0,8,0,0,0,4,0,5,0,0,0,0,0,0,0,0,0,0,0,0,0,0,0,0,0,0,0,0,0,0,0,0,0,0,0,0,49,0,8,4,4,0,0,0,0,0,0,0,0,5,32,1601,0,2,0,5,0,12,0,0,0,0,0,0,15,5,135,2309,8,0,65536,0,37,24,24,18,3,11,13,0,138,15,0,0,0,2,2,2,1,6,0,37,0,0,1,0,6,0,0,1,7,0,0,0,0,11,1,65520,1,10,0,0,0,0,0,0,0,0,0,0,0,0,1,3,1507,65536,0,0,76,20,0,228,0,0,452,0,0,16,0,0,481,0,54,0,66,0,34,0,0,0,0,0,10,15,0,0,0,0,0,0,0,0,0,0,0,4,0,0,8,10,0,0,0,0,0,0,0,0,0,0,0,0,0,0,0,0,0,0,0,0,0,0,0,0,0,0,0,0,3,0,0,0,0,0,0,0,1,0
1,MC,0,0,0,0,0,0,0,0,0,0,0,0,0,0,0,0,0,0,0,0,0,0,0,0,0,0,0,0,0,0,0,0,0,0,0,0,3,0,1,0,0,0,0,0,0,0,0,0,0,0,0,0,0,0,0,0,0,0,0,0,0,0,0,0,0,0,0,0,0,0,0,45,0,0,0,0,0,3,0,0,0,0,0,0,0,0,0,0,0,0,0,0,0,0,0,0,0,0,0,0,12,0,6,3,0,0,0,0,0,0,0,0,0,2,32,43,0,7,0,0,0,3,1,21,0,0,0,21,0,0,0,0,10,0,4,0,0,20,20,4,0,0,3,1,22,16,0,0,0,3,5,3,2,1,0,20,0,0,0,0,0,1,0,0,15,0,0,0,0,0,1,1,0,23,2,1,0,0,0,0,0,0,0,0,0,0,0,0,0,0,0,0,0,0,0,0,0,0,0,0,0,0,0,0,0,0,0,0,0,0,0,0,0,0,0,0,3,4,0,0,0,0,0,0,0,1,0,0,0,3,0,0,0,1,0,0,0,0,0,0,0,0,0,0,0,0,0,0,0,0,0,0,0,0,0,0,0,0,0,0,0,0,6,0,0,0,0,0,0,0,1,0
1,MC,0,0,0,1,0,1,0,0,0,1,0,3,0,0,0,0,0,15,0,0,0,3,2402,0,0,2401,9,0,0,0,2,2516,9,0,0,0,1,0,8,0,0,0,0,0,0,0,0,0,0,0,0,0,0,0,0,0,0,0,0,0,0,0,0,8,8,0,0,0,21,2,15,729,0,0,0,2,4,6,0,0,0,0,0,0,0,0,0,0,0,0,0,0,0,0,0,0,0,0,5,0,240,7,161,52,52,2,0,0,0,0,0,0,0,0,2055,692,2,88,0,22,0,67,1,558,0,0,0,0,18,3,61,0,1114,1,87,10,12,119,91,114,0,47,31,0,440,144,0,103,0,50,19,48,42,379,10,147,4,0,41,385,31,7,1,2,34,0,2,0,0,2,8,7,18,201,2,3,1,3,0,0,0,0,0,0,0,0,0,2,0,0,0,1,111,0,0,0,0,0,0,112,0,0,6,4,0,230,0,23,0,92,0,0,0,0,2,0,29,84,0,6,0,0,0,0,0,3,0,0,0,52,0,0,0,0,0,0,16,0,0,0,0,0,0,0,0,0,0,0,0,0,0,5,0,0,0,0,0,0,0,0,0,0,11,0,0,0,0,0,0,0,1,0
1,MC,0,0,2,0,0,0,0,0,0,0,0,0,0,0,0,1,0,0,0,0,0,0,0,0,0,0,0,0,0,0,0,0,0,0,0,0,0,0,0,0,0,0,0,0,0,2,0,0,0,0,0,0,0,0,0,0,0,0,0,0,0,0,0,0,0,0,0,0,0,0,2,6,0,0,0,0,0,0,0,0,0,0,0,0,0,2,0,0,0,0,0,1,1,0,0,0,0,0,0,0,47,7,7,2,2,0,0,0,0,1,0,1,0,0,21,356,0,13,9,5,0,11,2,1,0,0,0,15,6,12,8,0,0,0,18,2,1,21,35,130,0,0,10,1,100,23,0,0,0,2,3,4,4,1,0,191,3,0,0,0,3,1,0,0,8,0,0,8,0,5,0,7,7,23,2,2,1,0,0,1,0,0,0,0,0,0,0,0,0,0,0,0,0,0,0,0,0,0,0,0,0,0,0,0,0,0,0,0,0,0,0,0,0,0,0,0,10,111,0,0,0,0,0,0,0,0,0,0,0,2,1,0,0,0,0,0,0,0,0,0,1,1,0,0,0,1,0,0,2,0,0,0,0,0,0,3,0,0,0,0,0,0,5,0,0,0,0,1,0,3,0,0
1,MC,0,0,0,0,0,4,0,0,0,0,0,0,0,0,0,0,0,5,0,2,0,0,0,0,0,0,0,0,0,0,0,0,0,0,0,0,0,0,1,0,0,0,0,0,0,0,0,0,0,0,0,0,0,0,0,1,0,0,0,0,0,0,0,1,1,1,0,40,9,0,1,46,1,0,0,2,2,6,0,0,0,0,0,0,0,0,0,0,0,0,0,0,0,0,0,0,0,0,2,0,259,1,42,0,0,0,0,2,72,0,0,0,0,5,248,119,1,27,0,5,0,22,0,69,0,0,0,0,3,0,0,0,125,0,21,5,5,36,14,8,0,6,6,0,634,49,0,16,0,4,2,0,13,91,0,18,0,0,16,0,5,3,0,4,7,4,0,0,0,0,1,4,1,33,0,0,0,0,0,0,0,0,0,0,0,0,0,0,0,0,0,0,35,0,0,0,0,0,0,56,0,0,3,0,8,62,0,2,0,41,0,0,0,0,1,0,8,5,0,11,0,0,0,0,0,1,0,1,0,0,0,0,3,0,0,0,14,0,0,0,0,0,0,0,0,0,0,0,0,0,0,0,0,0,0,0,0,0,0,0,0,0,5,0,0,0,0,0,0,0,0,0
1,MC,0,0,0,0,0,0,0,0,0,0,0,0,0,0,0,0,0,3,0,0,3,1,814,0,0,555,3,0,0,0,3,441,3,0,0,0,0,0,1,0,0,0,0,0,0,0,0,0,0,0,0,0,0,0,0,0,0,0,0,0,0,0,0,4,4,0,0,0,9,0,2,8,0,0,0,1,1,3,0,0,0,0,0,0,0,0,0,0,0,0,0,0,0,0,0,0,0,0,3,0,93,0,47,0,0,0,0,0,0,0,0,0,0,0,245,134,1,31,0,4,0,22,0,0,0,0,0,0,4,0,0,0,110,0,25,5,5,39,19,15,0,6,11,0,141,70,0,24,0,11,3,0,11,101,1,37,0,0,15,0,5,2,0,3,11,0,0,0,0,0,1,0,3,9,0,0,0,0,0,0,0,0,0,0,0,0,0,0,0,0,0,0,35,0,0,0,0,0,0,56,0,0,3,0,0,62,0,2,0,48,0,0,0,0,1,0,11,11,0,2,0,0,0,0,0,1,0,0,0,0,0,0,0,0,0,0,2,0,0,0,0,0,0,0,0,0,0,0,0,0,0,0,0,0,0,0,0,0,0,0,0,0,3,0,0,0,0,0,0,0,0,0
1,MC,0,0,0,40,0,0,0,0,1,0,0,0,0,0,74,0,0,16,0,2,0,0,0,0,0,0,0,0,0,0,0,0,0,0,0,32,0,0,3,0,0,0,0,0,0,2,0,0,0,0,0,0,0,0,51,0,0,0,0,0,0,0,0,0,0,1,0,35,0,2,159,1165,2,0,0,0,0,0,0,0,0,0,0,0,0,0,0,0,0,0,0,0,0,0,0,0,0,0,2,0,128,7,72,2,2,1,0,0,0,0,0,0,0,0,337,912,0,75,11,24,0,6,3,1092,0,0,0,27,16,140,0,0,28,0,12,0,0,138,44,713,0,1,10,0,175,49,5,1,0,22,89,121,18,5,4,718,0,0,9,18,5,0,0,36,5,0,6,0,0,3,33,10,3,42,4,35,19,1,0,0,0,0,0,0,0,0,0,0,0,201,0,0,18,1,0,2,0,0,0,0,0,0,0,0,31,0,0,0,15,0,5,0,0,0,0,0,11,288,0,0,0,0,0,0,0,0,0,0,1,2,0,0,0,0,0,0,0,0,0,0,0,1,0,0,0,0,0,0,0,0,0,262,0,0,0,13,6,0,0,0,0,0,8,0,0,0,0,0,13,7,0,0
1,MC,0,0,2,0,0,0,0,0,0,0,0,0,0,0,0,0,0,0,0,1502,0,0,0,0,0,0,0,0,0,0,0,0,0,0,0,0,0,0,1,0,0,0,0,0,0,4,0,0,0,0,0,0,0,0,0,0,0,0,2261,0,0,0,0,0,0,12,0,0,0,4,0,5,0,0,0,0,0,0,0,0,0,0,0,0,0,0,0,0,0,0,0,0,0,0,0,0,0,0,0,0,49,0,8,4,4,0,0,0,0,0,0,0,0,5,31,1600,0,2,0,5,0,12,0,0,0,0,0,0,17,5,135,2302,7,0,65536,0,35,24,23,18,3,13,13,0,138,15,0,0,0,2,2,2,1,6,0,37,0,0,1,0,6,0,0,1,7,0,0,0,0,13,1,65520,1,10,0,0,0,0,0,0,0,0,0,0,0,0,5,7,1502,65536,0,0,76,20,0,228,0,0,452,0,0,16,0,0,481,0,54,0,66,0,34,0,0,0,0,0,10,15,0,0,0,0,0,0,0,0,0,0,0,4,0,0,8,10,0,0,0,0,0,0,0,0,0,0,0,0,0,0,0,0,0,0,0,0,0,0,0,0,0,0,0,0,3,0,0,0,0,0,0,0,1,0
1,MC,0,0,2,4,1,0,0,1,0,0,0,0,0,0,0,0,0,7,0,1,0,0,0,0,0,0,0,0,0,0,0,0,0,0,0,0,0,1,0,0,0,0,0,0,1,0,0,0,0,0,0,0,0,0,0,0,1,0,0,0,0,1,0,0,0,5,0,0,5,1,0,95,0,1,0,0,0,5,0,0,0,0,0,0,0,0,0,0,0,0,0,0,0,0,0,0,0,0,0,0,6,0,83,0,0,0,0,0,0,0,0,0,0,0,34,128,0,8,0,4,0,15,0,24,0,0,0,0,2,5,135,0,14,0,20,0,1,89,33,38,3,0,13,0,115,10,0,0,0,2,2,4,3,2,1,67,0,0,1,0,4,0,0,0,2,0,0,0,0,0,1,4,2,12,0,2,0,0,0,0,1,0,1,0,0,0,0,0,1,97,0,0,12,0,6,0,0,0,0,0,0,0,0,0,0,16,0,0,0,10,0,6,0,0,0,0,61,12,0,0,0,0,0,0,0,0,0,0,0,0,0,0,0,0,0,0,0,0,0,0,0,0,0,0,0,0,0,0,0,0,0,0,0,0,0,0,0,0,0,0,0,0,4,0,0,0,0,0,0,0,0,0
1,MC,0,1,0,11,2,0,0,0,0,0,0,0,0,0,0,0,0,3,0,1,0,1,1,0,0,0,0,0,0,0,0,1,0,0,0,0,0,0,5,0,0,0,0,0,0,0,0,0,0,0,0,0,0,0,0,0,0,0,0,0,0,0,0,0,0,0,0,0,1,0,1,64,0,0,0,0,0,0,0,0,0,0,0,0,0,0,0,0,0,0,0,0,0,0,0,0,0,0,0,0,18,0,29,0,0,0,0,1,0,0,0,0,0,0,27,121,0,8,0,0,0,13,0,0,0,0,0,0,7,2,0,0,6,0,14,3,1,65536,33,50,0,65545,5,0,47,20,0,0,0,6,5,7,1,8,3,54,0,0,10,0,3,0,0,12,1,0,0,0,0,0,4,8,0,78,0,0,0,0,0,0,0,0,0,0,0,0,0,3,0,0,0,0,32,0,1,0,0,0,0,0,0,0,0,0,0,31,0,0,0,16,0,15,0,0,1,0,4,5,0,0,0,0,0,0,0,2,0,0,0,0,0,0,0,0,0,0,0,0,0,0,0,1,0,0,0,0,0,0,0,0,0,0,0,0,0,0,0,0,0,0,0,0,3,0,0,0,0,0,0,0,0,0
1,MC,0,0,0,0,0,0,0,0,0,0,0,0,0,0,0,0,0,0,0,0,0,0,0,0,0,0,0,0,0,0,0,0,0,0,0,0,0,0,0,0,0,0,0,0,0,0,0,0,0,0,0,0,0,0,0,0,0,0,0,0,0,0,0,0,0,0,0,0,0,0,0,0,0,0,0,0,0,0,0,0,0,0,0,0,0,0,0,0,0,0,0,0,0,0,0,0,0,0,0,0,0,0,2,0,0,0,0,0,0,0,0,0,0,0,1,2,0,0,0,0,0,1,0,0,0,0,0,0,0,0,0,0,0,0,1,0,0,3,0,0,0,0,0,0,13,2,0,0,0,0,1,0,0,0,0,0,0,0,0,0,0,0,0,0,1,0,0,0,0,0,0,0,0,0,0,0,0,0,0,0,0,0,0,0,0,0,0,0,0,0,0,0,5,0,0,0,0,0,0,5,0,0,1,0,0,5,0,2,0,6,0,0,0,0,0,0,0,0,0,0,0,0,0,0,0,0,0,0,0,0,0,0,0,0,0,0,0,0,0,0,0,0,0,0,0,0,0,0,0,0,0,0,0,0,0,0,0,0,0,0,0,0,0,0,0,0,0,0,0,0,0,0
1,MC,0,0,0,28,1,0,0,0,0,0,1,1,0,0,0,0,0,4,0,2,0,1,1,0,0,1,0,0,0,0,0,1,0,0,0,0,1,0,5,0,0,0,0,0,0,0,0,0,0,0,0,0,1,0,0,0,3,0,0,0,0,0,0,0,0,0,0,0,0,0,6,159,0,2,0,0,0,2,0,0,0,0,0,0,0,6,0,0,0,0,0,6,6,5,5,3,0,0,0,0,75,0,60,0,0,0,0,2,0,0,0,2,0,2,46,1360,0,64,23,13,0,29,2,97,0,0,11,77,27,167,17,0,9,0,43,12,4,69,82,1244,1,187,41,2,274,76,9,5,0,56,53,328,36,18,6,1131,2,0,12,416,9,3,0,2,23,0,2,28,0,5,5,10,5,113,4,4,30,0,0,0,1,0,1,0,0,0,0,0,0,0,0,0,4,0,0,0,0,0,0,0,0,0,0,0,0,4,0,0,0,3,0,2,0,0,0,0,34,599,0,1,0,0,0,0,0,4,0,0,1,0,0,0,0,0,0,0,0,2,0,0,11,2,0,0,0,0,0,0,0,0,0,0,0,0,0,6,0,0,0,0,0,0,15,0,0,0,0,2,0,6,0,0
1,MC,301,0,0,0,0,0,0,0,0,0,0,0,0,0,0,0,0,4,0,0,0,5,2,0,516,2,2,3,0,0,1,2,5,0,0,0,0,0,1,0,0,0,0,0,0,0,0,0,0,0,0,2,0,1,0,0,1,0,0,0,0,0,0,3,3,0,0,0,10,0,4,21,0,0,0,1,2,3,0,0,0,0,0,0,0,0,0,0,0,0,0,0,0,0,0,0,0,0,4,0,139,0,79,52,52,1,0,0,0,0,0,0,0,0,177,395,1,48,14,16,0,44,0,1,0,0,0,41,11,3,60,0,16,0,47,5,10,70,25,145,0,15,18,3,243,146,0,27,0,14,3,4,18,123,11,522,2,0,21,529,13,3,0,4,26,0,0,15,0,1,1,11,3,23,0,0,0,1,0,0,0,0,0,0,0,0,0,0,0,0,1,0,100,0,0,0,0,0,0,56,0,0,3,7,0,155,0,21,0,95,0,0,0,0,1,0,22,128,0,5,0,0,0,0,0,1,0,0,0,52,0,0,0,0,0,0,8,0,0,0,6,2,0,1,1,1,0,0,0,1,0,0,0,0,0,4,0,0,0,0,2,0,8,0,0,0,0,4,0,0,1,0
1,MC,0,0,0,0,0,0,0,1,0,0,0,0,0,0,0,0,0,1,0,1,0,0,0,0,0,0,0,0,0,0,0,0,0,0,0,0,0,1,0,0,0,0,0,0,0,0,0,0,0,0,0,0,0,0,0,0,1,0,0,0,0,1,0,0,0,0,0,0,0,0,0,22,0,1,0,0,0,4,0,0,0,0,0,0,0,0,0,0,0,0,0,0,0,0,0,0,0,0,0,0,7,0,68,0,0,0,0,0,0,0,0,0,0,0,14,20,0,0,0,1,0,1,1,21,0,0,0,0,1,0,0,0,9,0,2,0,0,52,15,4,0,0,2,0,22,9,0,0,0,1,0,0,1,2,0,9,0,0,0,0,0,0,0,0,1,0,0,0,0,0,0,0,0,0,2,0,0,0,0,0,1,0,1,0,0,0,0,0,1,106,0,0,13,0,7,0,0,0,0,0,0,0,0,0,0,16,0,0,0,10,0,7,0,0,0,0,52,2,0,0,0,0,0,0,0,0,0,0,0,0,0,0,0,0,0,0,0,0,0,0,0,0,0,0,0,0,0,0,0,0,0,0,0,0,0,0,0,0,0,0,0,0,3,0,0,0,0,0,0,0,0,0
1,MC,0,0,0,1,0,0,0,0,0,0,0,1,0,0,0,0,0,12,0,3,21,4,63,113,0,62,43,0,0,0,3,63,47,0,0,0,2,0,1,0,0,0,0,0,0,0,0,0,0,0,0,0,0,0,0,0,0,0,0,0,0,0,0,8,8,0,0,0,12,0,10,132,0,0,0,2,2,5,0,0,0,0,0,0,0,0,0,0,0,0,0,0,0,0,0,0,0,0,4,0,91,0,101,0,0,1,0,0,0,0,0,0,0,0,609,1245,1,67,147,6,0,54,7,23,0,0,0,120,7,198,234,0,172,0,64,5,9,77,128,517,0,21,14,3,301,128,0,71,0,28,19,284,30,206,2,435,0,0,25,840,11,12,0,2,22,0,2,0,0,10,11,17,14,84,14,2,6,3,0,0,3,0,3,0,0,0,0,0,3,296,0,0,55,0,0,0,0,0,0,59,0,0,3,0,0,139,0,2,0,84,0,2,0,0,1,0,7,202,0,9,0,1,0,0,0,3,0,0,0,0,0,0,0,0,0,0,14,0,0,0,0,0,0,0,0,0,0,0,0,0,0,0,0,0,0,0,0,0,0,0,0,0,63,0,0,0,0,0,0,0,4,0
1,MC,0,0,0,18,0,0,0,0,0,0,0,0,0,0,0,0,0,0,0,1,0,0,0,0,0,0,0,0,0,0,0,0,0,0,0,0,0,0,2,0,0,0,0,0,0,3,0,0,0,0,0,0,0,1,0,0,2,0,0,0,0,0,0,0,0,0,0,0,0,3,4,111,0,0,0,0,0,2,0,0,0,0,0,0,0,0,0,0,0,0,0,0,0,0,0,0,0,0,0,0,49,0,25,2,0,0,0,0,0,0,0,0,0,0,43,407,0,19,0,3,0,7,3,26,0,0,0,187,11,0,0,0,10,0,9,0,0,28,42,72,0,0,7,1,78,16,0,0,0,53,7,7,4,2,4,122,0,0,51,0,3,2,0,4,4,0,0,0,0,6,2,0,5,25,4,49,2,2,0,0,0,0,0,0,0,0,0,0,1,95,0,0,1,0,0,0,0,0,0,0,0,0,0,0,0,0,0,0,0,0,0,0,0,0,0,0,16,21,0,0,0,0,0,0,0,0,0,0,1,2,0,0,0,3,0,0,0,0,0,0,0,1,0,0,0,0,0,0,0,0,0,0,0,0,0,0,0,0,0,0,0,0,23,0,0,0,0,0,0,0,1,0
1,MC,0,0,2,0,0,0,0,0,0,0,0,0,0,0,0,1,0,0,0,0,0,0,0,0,0,0,0,0,0,0,0,0,0,0,0,0,0,0,0,0,0,0,0,0,0,2,0,0,0,0,0,0,0,0,0,0,0,0,0,0,0,0,0,0,0,0,0,0,0,0,2,6,0,0,0,0,0,0,0,0,0,0,0,0,0,2,0,0,0,0,0,1,1,0,0,0,0,0,0,0,47,7,7,2,2,0,0,0,0,1,0,1,0,0,17,356,0,13,9,5,0,11,2,1,0,0,0,15,7,12,8,0,0,0,18,2,1,21,35,130,0,0,10,1,100,23,0,0,0,2,3,4,4,1,0,191,3,0,0,0,3,1,0,0,8,0,0,8,0,5,0,7,7,22,2,2,1,0,0,1,0,0,0,0,0,0,0,0,0,0,0,0,0,0,0,0,0,0,0,0,0,0,0,0,0,0,0,0,0,0,0,0,0,0,0,0,10,111,0,0,0,0,0,0,0,0,0,0,0,2,1,0,0,0,0,0,0,0,0,0,1,1,0,0,0,1,0,0,2,0,0,0,0,0,0,3,0,0,0,0,0,0,5,0,0,0,0,1,0,3,0,0
1,MC,0,0,0,0,0,0,0,0,0,0,0,0,0,0,0,0,0,0,0,0,0,0,0,0,0,0,0,0,0,0,0,0,0,0,0,0,0,0,1,0,0,0,0,0,0,0,0,0,0,0,0,0,0,0,0,0,1,0,0,0,0,0,0,0,0,0,0,0,1,0,1,7,0,0,0,0,0,2,0,0,0,0,0,0,0,0,0,0,0,0,0,0,0,0,0,0,0,0,0,0,25,0,22,0,0,0,0,0,0,0,0,0,0,0,12,28,0,0,0,1,0,5,0,0,0,0,0,0,0,0,0,0,0,0,6,0,0,14,7,5,0,0,6,0,46,8,0,0,0,1,0,0,1,2,0,8,0,0,0,0,1,0,0,0,1,0,0,0,0,0,0,0,1,3,0,0,0,0,0,0,0,0,0,0,0,0,0,0,0,0,0,0,0,0,0,0,0,0,0,0,0,0,0,0,1,2,0,0,0,1,0,0,0,0,0,0,7,3,0,2,0,0,0,0,0,2,0,0,0,0,0,0,0,0,0,0,0,0,0,0,0,0,0,0,0,0,0,0,0,0,0,0,0,0,0,0,0,0,0,0,0,0,2,0,0,0,0,0,0,0,0,0
1,MC,0,0,0,0,0,0,0,0,0,0,0,0,0,0,0,0,0,2,0,0,3,1,1,0,0,0,0,0,0,0,0,1,2,0,0,0,0,0,2,0,0,0,0,0,0,0,0,0,0,0,0,0,0,0,0,0,0,0,1,0,0,0,0,0,0,0,0,0,0,2,3,11,0,0,0,0,0,2,0,0,0,0,0,0,0,0,0,0,0,0,0,0,0,0,0,0,0,0,0,0,21,0,52,0,0,0,0,0,0,0,0,0,0,0,27,33,0,13,0,1,0,16,0,2,0,0,0,0,0,0,0,0,1,0,16,0,0,10,4,5,0,2,5,0,51,9,0,0,0,11,1,3,0,4,0,4,0,0,0,0,0,0,0,0,0,0,0,0,0,0,0,3,0,10,0,0,0,0,0,0,0,0,0,0,0,0,0,0,0,0,0,0,1,0,0,0,0,0,0,0,0,0,0,1,0,0,0,0,0,0,0,0,0,0,0,0,5,2,0,0,0,0,0,0,0,2,1,0,0,0,0,0,0,3,0,0,0,0,0,0,0,0,0,0,0,0,0,0,0,0,0,0,1,0,0,0,0,0,0,0,0,0,4,0,0,0,0,0,0,0,0,0
1,MC,0,0,2,0,0,0,0,1,0,0,0,0,0,0,0,0,0,7,0,1,0,0,0,0,0,0,0,0,0,0,0,0,0,0,0,0,0,1,0,0,0,0,0,0,23,0,0,0,0,0,0,0,0,0,0,0,1,0,0,0,0,1,0,0,0,6,0,0,5,1,1,74,0,1,0,0,0,5,0,0,0,0,0,0,0,0,0,0,0,0,0,0,0,0,0,0,0,0,0,0,19,0,80,0,0,0,0,0,0,8,0,0,0,0,36,402,0,67,0,3,0,15,1,25,0,0,0,0,1,5,135,0,41,0,20,0,1,169,30,86,3,4,13,0,119,10,0,0,0,8,2,117,4,8,0,89,0,0,15,0,3,0,0,14,2,0,0,0,0,2,1,5,4,14,0,58,0,0,0,0,1,0,1,0,0,0,0,1,1,101,0,0,12,0,6,0,0,0,0,0,0,0,0,0,0,16,0,0,0,10,0,6,0,0,0,0,61,16,0,0,0,0,0,0,0,0,0,0,0,0,0,0,0,0,0,0,0,0,0,0,0,0,0,0,0,0,0,0,0,0,0,0,0,0,0,0,0,0,0,0,0,0,4,0,0,0,0,0,0,0,0,0